,Afghanistan,Albania,Algeria,Andorra,Angola,Anguilla,Antigua and Barbuda,Argentina,Armenia,Aruba,Australia,Austria,Azerbaijan,Bahamas,Bahrain,Bangladesh,Barbados,Belarus,Belgium,Belize,Benin,Bermuda,Bhutan,Bolivia (Plurinational State of),"Bonaire, Sint Eustatius and Saba",Bosnia and Herzegovina,Botswana,Brazil,British Virgin Islands,Brunei Darussalam,Bulgaria,Burkina Faso,Burundi,Cabo Verde,Cambodia,Cameroon,Canada,Cayman Islands,Central African Republic,Chad,Chile,China,Colombia,Comoros,Congo,Costa Rica,Côte d’Ivoire,Croatia,Cuba,Curacao,Cyprus,Czechia,Democratic Republic of the Congo,Denmark,Djibouti,Dominica,Dominican Republic,Ecuador,Egypt,El Salvador,Equatorial Guinea,Eritrea,Estonia,Eswatini,Ethiopia,Falkland Islands (Malvinas),Faroe Islands,Fiji,Finland,France,French Guiana,French Polynesia,Gabon,Gambia,Georgia,Germany,Ghana,Gibraltar,Greece,Greenland,Grenada,Guadeloupe,Guam,Guatemala,Guernsey,Guinea,Guinea-Bissau,Guyana,Haiti,Holy See,Honduras,Hungary,Iceland,India,Indonesia,International conveyance (Diamond Princess),Iran (Islamic Republic of),Iraq,Ireland,Isle of Man,Israel,Italy,Jamaica,Japan,Jersey,Jordan,Kazakhstan,Kenya,Kosovo[1],Kuwait,Kyrgyzstan,Lao People's Democratic Republic,Latvia,Lebanon,Liberia,Libya,Liechtenstein,Lithuania,Luxembourg,Madagascar,Malawi,Malaysia,Maldives,Mali,Malta,Martinique,Mau5ritania,Mauritius,Mayotte,Mexico,Monaco,Mongolia,Montenegro,Montserrat,Morocco,Mozambique,Myanmar,Namibia,Nepal,Netherlands,New Caledonia,New Zealand,Nicaragua,Niger,Nigeria,North Macedonia,Northern Mariana Islands (Commonwealth of the),Norway,"occupied Palestinian territory, including east Jerusalem",Oman,Pakistan,Panama,Papua New Guinea,Paraguay,Peru,Philippines,Poland,Portugal,Puerto Rico,Qatar,Republic of Korea,Republic of Moldova,Réunion,Romania,Russian Federation,Rwanda,Saint Barthélemy,Saint Kitts and Nevis,Saint Lucia,Saint Martin,Saint Pierre and Miquelon,Saint Vincent and the Grenadines,San Marino,Sao Tome and Principe,Saudi Arabia,Senegal,Serbia,Seychelles,Sierra Leone,Singapore,Sint Maarten,Slovakia,Slovenia,Somalia,South Africa,South Sudan,Spain,Sri Lanka,Sudan,Suriname,Sweden,Switzerland,Syrian Arab Republic,Tajikistan,Thailand,The United Kingdom,Timor-Leste,Togo,Trinidad and Tobago,Tunisia,Turkey,Turks and Caicos Islands,Uganda,Ukraine,United Arab Emirates,United Republic of Tanzania,United States of America,United States Virgin Islands,Uruguay,Uzbekistan,Venezuela (Bolivarian Republic of),Viet Nam,Yemen,Zambia,Zimbabwe
1/11/2020,0,0,0,0,0,0,0,0,0,0,0,0,0,0,0,0,0,0,0,0,0,0,0,0,0,0,0,0,0,0,0,0,0,0,0,0,0,0,0,0,0,1,0,0,0,0,0,0,0,0,0,0,0,0,0,0,0,0,0,0,0,0,0,0,0,0,0,0,0,0,0,0,0,0,0,0,0,0,0,0,0,0,0,0,0,0,0,0,0,0,0,0,0,0,0,0,0,0,0,0,0,0,0,0,0,0,0,0,0,0,0,0,0,0,0,0,0,0,0,0,0,0,0,0,0,0,0,0,0,0,0,0,0,0,0,0,0,0,0,0,0,0,0,0,0,0,0,0,0,0,0,0,0,0,0,0,0,0,0,0,0,0,0,0,0,0,0,0,0,0,0,0,0,0,0,0,0,0,0,0,0,0,0,0,0,0,0,0,0,0,0,0,0,0,0,0,0,0,0,0,0,0,0,0,0,0,0,0,0,0,0,0,0,0,0
1/12/2020,0,0,0,0,0,0,0,0,0,0,0,0,0,0,0,0,0,0,0,0,0,0,0,0,0,0,0,0,0,0,0,0,0,0,0,0,0,0,0,0,0,1,0,0,0,0,0,0,0,0,0,0,0,0,0,0,0,0,0,0,0,0,0,0,0,0,0,0,0,0,0,0,0,0,0,0,0,0,0,0,0,0,0,0,0,0,0,0,0,0,0,0,0,0,0,0,0,0,0,0,0,0,0,0,0,0,0,0,0,0,0,0,0,0,0,0,0,0,0,0,0,0,0,0,0,0,0,0,0,0,0,0,0,0,0,0,0,0,0,0,0,0,0,0,0,0,0,0,0,0,0,0,0,0,0,0,0,0,0,0,0,0,0,0,0,0,0,0,0,0,0,0,0,0,0,0,0,0,0,0,0,0,0,0,0,0,0,0,0,0,0,0,0,0,0,0,0,0,0,0,0,0,0,0,0,0,0,0,0,0,0,0,0,0,0
1/13/2020,0,0,0,0,0,0,0,0,0,0,0,0,0,0,0,0,0,0,0,0,0,0,0,0,0,0,0,0,0,0,0,0,0,0,0,0,0,0,0,0,0,1,0,0,0,0,0,0,0,0,0,0,0,0,0,0,0,0,0,0,0,0,0,0,0,0,0,0,0,0,0,0,0,0,0,0,0,0,0,0,0,0,0,0,0,0,0,0,0,0,0,0,0,0,0,0,0,0,0,0,0,0,0,0,0,0,0,0,0,0,0,0,0,0,0,0,0,0,0,0,0,0,0,0,0,0,0,0,0,0,0,0,0,0,0,0,0,0,0,0,0,0,0,0,0,0,0,0,0,0,0,0,0,0,0,0,0,0,0,0,0,0,0,0,0,0,0,0,0,0,0,0,0,0,0,0,0,0,0,0,0,0,0,0,0,0,0,0,0,0,0,0,0,0,0,0,0,0,0,0,0,0,0,0,0,0,0,0,0,0,0,0,0,0,0
1/14/2020,0,0,0,0,0,0,0,0,0,0,0,0,0,0,0,0,0,0,0,0,0,0,0,0,0,0,0,0,0,0,0,0,0,0,0,0,0,0,0,0,0,1,0,0,0,0,0,0,0,0,0,0,0,0,0,0,0,0,0,0,0,0,0,0,0,0,0,0,0,0,0,0,0,0,0,0,0,0,0,0,0,0,0,0,0,0,0,0,0,0,0,0,0,0,0,0,0,0,0,0,0,0,0,0,0,0,0,0,0,0,0,0,0,0,0,0,0,0,0,0,0,0,0,0,0,0,0,0,0,0,0,0,0,0,0,0,0,0,0,0,0,0,0,0,0,0,0,0,0,0,0,0,0,0,0,0,0,0,0,0,0,0,0,0,0,0,0,0,0,0,0,0,0,0,0,0,0,0,0,0,0,0,0,0,0,0,0,0,0,0,0,0,0,0,0,0,0,0,0,0,0,0,0,0,0,0,0,0,0,0,0,0,0,0,0
1/15/2020,0,0,0,0,0,0,0,0,0,0,0,0,0,0,0,0,0,0,0,0,0,0,0,0,0,0,0,0,0,0,0,0,0,0,0,0,0,0,0,0,0,1,0,0,0,0,0,0,0,0,0,0,0,0,0,0,0,0,0,0,0,0,0,0,0,0,0,0,0,0,0,0,0,0,0,0,0,0,0,0,0,0,0,0,0,0,0,0,0,0,0,0,0,0,0,0,0,0,0,0,0,0,0,0,0,0,0,0,0,0,0,0,0,0,0,0,0,0,0,0,0,0,0,0,0,0,0,0,0,0,0,0,0,0,0,0,0,0,0,0,0,0,0,0,0,0,0,0,0,0,0,0,0,0,0,0,0,0,0,0,0,0,0,0,0,0,0,0,0,0,0,0,0,0,0,0,0,0,0,0,0,0,0,0,0,0,0,0,0,0,0,0,0,0,0,0,0,0,0,0,0,0,0,0,0,0,0,0,0,0,0,0,0,0,0
1/16/2020,0,0,0,0,0,0,0,0,0,0,0,0,0,0,0,0,0,0,0,0,0,0,0,0,0,0,0,0,0,0,0,0,0,0,0,0,0,0,0,0,0,1,0,0,0,0,0,0,0,0,0,0,0,0,0,0,0,0,0,0,0,0,0,0,0,0,0,0,0,0,0,0,0,0,0,0,0,0,0,0,0,0,0,0,0,0,0,0,0,0,0,0,0,0,0,0,0,0,0,0,0,0,0,0,0,0,0,0,0,0,0,0,0,0,0,0,0,0,0,0,0,0,0,0,0,0,0,0,0,0,0,0,0,0,0,0,0,0,0,0,0,0,0,0,0,0,0,0,0,0,0,0,0,0,0,0,0,0,0,0,0,0,0,0,0,0,0,0,0,0,0,0,0,0,0,0,0,0,0,0,0,0,0,0,0,0,0,0,0,0,0,0,0,0,0,0,0,0,0,0,0,0,0,0,0,0,0,0,0,0,0,0,0,0,0
1/17/2020,0,0,0,0,0,0,0,0,0,0,0,0,0,0,0,0,0,0,0,0,0,0,0,0,0,0,0,0,0,0,0,0,0,0,0,0,0,0,0,0,0,2,0,0,0,0,0,0,0,0,0,0,0,0,0,0,0,0,0,0,0,0,0,0,0,0,0,0,0,0,0,0,0,0,0,0,0,0,0,0,0,0,0,0,0,0,0,0,0,0,0,0,0,0,0,0,0,0,0,0,0,0,0,0,0,0,0,0,0,0,0,0,0,0,0,0,0,0,0,0,0,0,0,0,0,0,0,0,0,0,0,0,0,0,0,0,0,0,0,0,0,0,0,0,0,0,0,0,0,0,0,0,0,0,0,0,0,0,0,0,0,0,0,0,0,0,0,0,0,0,0,0,0,0,0,0,0,0,0,0,0,0,0,0,0,0,0,0,0,0,0,0,0,0,0,0,0,0,0,0,0,0,0,0,0,0,0,0,0,0,0,0,0,0,0
1/18/2020,0,0,0,0,0,0,0,0,0,0,0,0,0,0,0,0,0,0,0,0,0,0,0,0,0,0,0,0,0,0,0,0,0,0,0,0,0,0,0,0,0,2,0,0,0,0,0,0,0,0,0,0,0,0,0,0,0,0,0,0,0,0,0,0,0,0,0,0,0,0,0,0,0,0,0,0,0,0,0,0,0,0,0,0,0,0,0,0,0,0,0,0,0,0,0,0,0,0,0,0,0,0,0,0,0,0,0,0,0,0,0,0,0,0,0,0,0,0,0,0,0,0,0,0,0,0,0,0,0,0,0,0,0,0,0,0,0,0,0,0,0,0,0,0,0,0,0,0,0,0,0,0,0,0,0,0,0,0,0,0,0,0,0,0,0,0,0,0,0,0,0,0,0,0,0,0,0,0,0,0,0,0,0,0,0,0,0,0,0,0,0,0,0,0,0,0,0,0,0,0,0,0,0,0,0,0,0,0,0,0,0,0,0,0,0
1/19/2020,0,0,0,0,0,0,0,0,0,0,0,0,0,0,0,0,0,0,0,0,0,0,0,0,0,0,0,0,0,0,0,0,0,0,0,0,0,0,0,0,0,3,0,0,0,0,0,0,0,0,0,0,0,0,0,0,0,0,0,0,0,0,0,0,0,0,0,0,0,0,0,0,0,0,0,0,0,0,0,0,0,0,0,0,0,0,0,0,0,0,0,0,0,0,0,0,0,0,0,0,0,0,0,0,0,0,0,0,0,0,0,0,0,0,0,0,0,0,0,0,0,0,0,0,0,0,0,0,0,0,0,0,0,0,0,0,0,0,0,0,0,0,0,0,0,0,0,0,0,0,0,0,0,0,0,0,0,0,0,0,0,0,0,0,0,0,0,0,0,0,0,0,0,0,0,0,0,0,0,0,0,0,0,0,0,0,0,0,0,0,0,0,0,0,0,0,0,0,0,0,0,0,0,0,0,0,0,0,0,0,0,0,0,0,0
1/20/2020,0,0,0,0,0,0,0,0,0,0,0,0,0,0,0,0,0,0,0,0,0,0,0,0,0,0,0,0,0,0,0,0,0,0,0,0,0,0,0,0,0,4,0,0,0,0,0,0,0,0,0,0,0,0,0,0,0,0,0,0,0,0,0,0,0,0,0,0,0,0,0,0,0,0,0,0,0,0,0,0,0,0,0,0,0,0,0,0,0,0,0,0,0,0,0,0,0,0,0,0,0,0,0,0,0,0,0,0,0,0,0,0,0,0,0,0,0,0,0,0,0,0,0,0,0,0,0,0,0,0,0,0,0,0,0,0,0,0,0,0,0,0,0,0,0,0,0,0,0,0,0,0,0,0,0,0,0,0,0,0,0,0,0,0,0,0,0,0,0,0,0,0,0,0,0,0,0,0,0,0,0,0,0,0,0,0,0,0,0,0,0,0,0,0,0,0,0,0,0,0,0,0,0,0,0,0,0,0,0,0,0,0,0,0,0
1/21/2020,0,0,0,0,0,0,0,0,0,0,0,0,0,0,0,0,0,0,0,0,0,0,0,0,0,0,0,0,0,0,0,0,0,0,0,0,0,0,0,0,0,6,0,0,0,0,0,0,0,0,0,0,0,0,0,0,0,0,0,0,0,0,0,0,0,0,0,0,0,0,0,0,0,0,0,0,0,0,0,0,0,0,0,0,0,0,0,0,0,0,0,0,0,0,0,0,0,0,0,0,0,0,0,0,0,0,0,0,0,0,0,0,0,0,0,0,0,0,0,0,0,0,0,0,0,0,0,0,0,0,0,0,0,0,0,0,0,0,0,0,0,0,0,0,0,0,0,0,0,0,0,0,0,0,0,0,0,0,0,0,0,0,0,0,0,0,0,0,0,0,0,0,0,0,0,0,0,0,0,0,0,0,0,0,0,0,0,0,0,0,0,0,0,0,0,0,0,0,0,0,0,0,0,0,0,0,0,0,0,0,0,0,0,0,0
1/22/2020,0,0,0,0,0,0,0,0,0,0,0,0,0,0,0,0,0,0,0,0,0,0,0,0,0,0,0,0,0,0,0,0,0,0,0,0,0,0,0,0,0,9,0,0,0,0,0,0,0,0,0,0,0,0,0,0,0,0,0,0,0,0,0,0,0,0,0,0,0,0,0,0,0,0,0,0,0,0,0,0,0,0,0,0,0,0,0,0,0,0,0,0,0,0,0,0,0,0,0,0,0,0,0,0,0,0,0,0,0,0,0,0,0,0,0,0,0,0,0,0,0,0,0,0,0,0,0,0,0,0,0,0,0,0,0,0,0,0,0,0,0,0,0,0,0,0,0,0,0,0,0,0,0,0,0,0,0,0,0,0,0,0,0,0,0,0,0,0,0,0,0,0,0,0,0,0,0,0,0,0,0,0,0,0,0,0,0,0,0,0,0,0,0,0,0,0,0,0,0,0,0,0,0,0,0,0,0,0,0,0,0,0,0,0,0
1/23/2020,0,0,0,0,0,0,0,0,0,0,0,0,0,0,0,0,0,0,0,0,0,0,0,0,0,0,0,0,0,0,0,0,0,0,0,0,0,0,0,0,0,17,0,0,0,0,0,0,0,0,0,0,0,0,0,0,0,0,0,0,0,0,0,0,0,0,0,0,0,0,0,0,0,0,0,0,0,0,0,0,0,0,0,0,0,0,0,0,0,0,0,0,0,0,0,0,0,0,0,0,0,0,0,0,0,0,0,0,0,0,0,0,0,0,0,0,0,0,0,0,0,0,0,0,0,0,0,0,0,0,0,0,0,0,0,0,0,0,0,0,0,0,0,0,0,0,0,0,0,0,0,0,0,0,0,0,0,0,0,0,0,0,0,0,0,0,0,0,0,0,0,0,0,0,0,0,0,0,0,0,0,0,0,0,0,0,0,0,0,0,0,0,0,0,0,0,0,0,0,0,0,0,0,0,0,0,0,0,0,0,0,0,0,0,0
1/24/2020,0,0,0,0,0,0,0,0,0,0,0,0,0,0,0,0,0,0,0,0,0,0,0,0,0,0,0,0,0,0,0,0,0,0,0,0,0,0,0,0,0,25,0,0,0,0,0,0,0,0,0,0,0,0,0,0,0,0,0,0,0,0,0,0,0,0,0,0,0,0,0,0,0,0,0,0,0,0,0,0,0,0,0,0,0,0,0,0,0,0,0,0,0,0,0,0,0,0,0,0,0,0,0,0,0,0,0,0,0,0,0,0,0,0,0,0,0,0,0,0,0,0,0,0,0,0,0,0,0,0,0,0,0,0,0,0,0,0,0,0,0,0,0,0,0,0,0,0,0,0,0,0,0,0,0,0,0,0,0,0,0,0,0,0,0,0,0,0,0,0,0,0,0,0,0,0,0,0,0,0,0,0,0,0,0,0,0,0,0,0,0,0,0,0,0,0,0,0,0,0,0,0,0,0,0,0,0,0,0,0,0,0,0,0,0
1/25/2020,0,0,0,0,0,0,0,0,0,0,0,0,0,0,0,0,0,0,0,0,0,0,0,0,0,0,0,0,0,0,0,0,0,0,0,0,0,0,0,0,0,41,0,0,0,0,0,0,0,0,0,0,0,0,0,0,0,0,0,0,0,0,0,0,0,0,0,0,0,0,0,0,0,0,0,0,0,0,0,0,0,0,0,0,0,0,0,0,0,0,0,0,0,0,0,0,0,0,0,0,0,0,0,0,0,0,0,0,0,0,0,0,0,0,0,0,0,0,0,0,0,0,0,0,0,0,0,0,0,0,0,0,0,0,0,0,0,0,0,0,0,0,0,0,0,0,0,0,0,0,0,0,0,0,0,0,0,0,0,0,0,0,0,0,0,0,0,0,0,0,0,0,0,0,0,0,0,0,0,0,0,0,0,0,0,0,0,0,0,0,0,0,0,0,0,0,0,0,0,0,0,0,0,0,0,0,0,0,0,0,0,0,0,0,0
1/26/2020,0,0,0,0,0,0,0,0,0,0,0,0,0,0,0,0,0,0,0,0,0,0,0,0,0,0,0,0,0,0,0,0,0,0,0,0,0,0,0,0,0,56,0,0,0,0,0,0,0,0,0,0,0,0,0,0,0,0,0,0,0,0,0,0,0,0,0,0,0,0,0,0,0,0,0,0,0,0,0,0,0,0,0,0,0,0,0,0,0,0,0,0,0,0,0,0,0,0,0,0,0,0,0,0,0,0,0,0,0,0,0,0,0,0,0,0,0,0,0,0,0,0,0,0,0,0,0,0,0,0,0,0,0,0,0,0,0,0,0,0,0,0,0,0,0,0,0,0,0,0,0,0,0,0,0,0,0,0,0,0,0,0,0,0,0,0,0,0,0,0,0,0,0,0,0,0,0,0,0,0,0,0,0,0,0,0,0,0,0,0,0,0,0,0,0,0,0,0,0,0,0,0,0,0,0,0,0,0,0,0,0,0,0,0,0
1/27/2020,0,0,0,0,0,0,0,0,0,0,0,0,0,0,0,0,0,0,0,0,0,0,0,0,0,0,0,0,0,0,0,0,0,0,0,0,0,0,0,0,0,80,0,0,0,0,0,0,0,0,0,0,0,0,0,0,0,0,0,0,0,0,0,0,0,0,0,0,0,0,0,0,0,0,0,0,0,0,0,0,0,0,0,0,0,0,0,0,0,0,0,0,0,0,0,0,0,0,0,0,0,0,0,0,0,0,0,0,0,0,0,0,0,0,0,0,0,0,0,0,0,0,0,0,0,0,0,0,0,0,0,0,0,0,0,0,0,0,0,0,0,0,0,0,0,0,0,0,0,0,0,0,0,0,0,0,0,0,0,0,0,0,0,0,0,0,0,0,0,0,0,0,0,0,0,0,0,0,0,0,0,0,0,0,0,0,0,0,0,0,0,0,0,0,0,0,0,0,0,0,0,0,0,0,0,0,0,0,0,0,0,0,0,0,0
1/28/2020,0,0,0,0,0,0,0,0,0,0,0,0,0,0,0,0,0,0,0,0,0,0,0,0,0,0,0,0,0,0,0,0,0,0,0,0,0,0,0,0,0,106,0,0,0,0,0,0,0,0,0,0,0,0,0,0,0,0,0,0,0,0,0,0,0,0,0,0,0,0,0,0,0,0,0,0,0,0,0,0,0,0,0,0,0,0,0,0,0,0,0,0,0,0,0,0,0,0,0,0,0,0,0,0,0,0,0,0,0,0,0,0,0,0,0,0,0,0,0,0,0,0,0,0,0,0,0,0,0,0,0,0,0,0,0,0,0,0,0,0,0,0,0,0,0,0,0,0,0,0,0,0,0,0,0,0,0,0,0,0,0,0,0,0,0,0,0,0,0,0,0,0,0,0,0,0,0,0,0,0,0,0,0,0,0,0,0,0,0,0,0,0,0,0,0,0,0,0,0,0,0,0,0,0,0,0,0,0,0,0,0,0,0,0,0
1/29/2020,0,0,0,0,0,0,0,0,0,0,0,0,0,0,0,0,0,0,0,0,0,0,0,0,0,0,0,0,0,0,0,0,0,0,0,0,0,0,0,0,0,132,0,0,0,0,0,0,0,0,0,0,0,0,0,0,0,0,0,0,0,0,0,0,0,0,0,0,0,0,0,0,0,0,0,0,0,0,0,0,0,0,0,0,0,0,0,0,0,0,0,0,0,0,0,0,0,0,0,0,0,0,0,0,0,0,0,0,0,0,0,0,0,0,0,0,0,0,0,0,0,0,0,0,0,0,0,0,0,0,0,0,0,0,0,0,0,0,0,0,0,0,0,0,0,0,0,0,0,0,0,0,0,0,0,0,0,0,0,0,0,0,0,0,0,0,0,0,0,0,0,0,0,0,0,0,0,0,0,0,0,0,0,0,0,0,0,0,0,0,0,0,0,0,0,0,0,0,0,0,0,0,0,0,0,0,0,0,0,0,0,0,0,0,0
1/30/2020,0,0,0,0,0,0,0,0,0,0,0,0,0,0,0,0,0,0,0,0,0,0,0,0,0,0,0,0,0,0,0,0,0,0,0,0,0,0,0,0,0,170,0,0,0,0,0,0,0,0,0,0,0,0,0,0,0,0,0,0,0,0,0,0,0,0,0,0,0,0,0,0,0,0,0,0,0,0,0,0,0,0,0,0,0,0,0,0,0,0,0,0,0,0,0,0,0,0,0,0,0,0,0,0,0,0,0,0,0,0,0,0,0,0,0,0,0,0,0,0,0,0,0,0,0,0,0,0,0,0,0,0,0,0,0,0,0,0,0,0,0,0,0,0,0,0,0,0,0,0,0,0,0,0,0,0,0,0,0,0,0,0,0,0,0,0,0,0,0,0,0,0,0,0,0,0,0,0,0,0,0,0,0,0,0,0,0,0,0,0,0,0,0,0,0,0,0,0,0,0,0,0,0,0,0,0,0,0,0,0,0,0,0,0,0
1/31/2020,0,0,0,0,0,0,0,0,0,0,0,0,0,0,0,0,0,0,0,0,0,0,0,0,0,0,0,0,0,0,0,0,0,0,0,0,0,0,0,0,0,213,0,0,0,0,0,0,0,0,0,0,0,0,0,0,0,0,0,0,0,0,0,0,0,0,0,0,0,0,0,0,0,0,0,0,0,0,0,0,0,0,0,0,0,0,0,0,0,0,0,0,0,0,0,0,0,0,0,0,0,0,0,0,0,0,0,0,0,0,0,0,0,0,0,0,0,0,0,0,0,0,0,0,0,0,0,0,0,0,0,0,0,0,0,0,0,0,0,0,0,0,0,0,0,0,0,0,0,0,0,0,0,0,0,0,0,0,0,0,0,0,0,0,0,0,0,0,0,0,0,0,0,0,0,0,0,0,0,0,0,0,0,0,0,0,0,0,0,0,0,0,0,0,0,0,0,0,0,0,0,0,0,0,0,0,0,0,0,0,0,0,0,0,0
2/1/2020,0,0,0,0,0,0,0,0,0,0,0,0,0,0,0,0,0,0,0,0,0,0,0,0,0,0,0,0,0,0,0,0,0,0,0,0,0,0,0,0,0,259,0,0,0,0,0,0,0,0,0,0,0,0,0,0,0,0,0,0,0,0,0,0,0,0,0,0,0,0,0,0,0,0,0,0,0,0,0,0,0,0,0,0,0,0,0,0,0,0,0,0,0,0,0,0,0,0,0,0,0,0,0,0,0,0,0,0,0,0,0,0,0,0,0,0,0,0,0,0,0,0,0,0,0,0,0,0,0,0,0,0,0,0,0,0,0,0,0,0,0,0,0,0,0,0,0,0,0,0,0,0,0,0,0,0,0,0,0,0,0,0,0,0,0,0,0,0,0,0,0,0,0,0,0,0,0,0,0,0,0,0,0,0,0,0,0,0,0,0,0,0,0,0,0,0,0,0,0,0,0,0,0,0,0,0,0,0,0,0,0,0,0,0,0
2/2/2020,0,0,0,0,0,0,0,0,0,0,0,0,0,0,0,0,0,0,0,0,0,0,0,0,0,0,0,0,0,0,0,0,0,0,0,0,0,0,0,0,0,304,0,0,0,0,0,0,0,0,0,0,0,0,0,0,0,0,0,0,0,0,0,0,0,0,0,0,0,0,0,0,0,0,0,0,0,0,0,0,0,0,0,0,0,0,0,0,0,0,0,0,0,0,0,0,0,0,0,0,0,0,0,0,0,0,0,0,0,0,0,0,0,0,0,0,0,0,0,0,0,0,0,0,0,0,0,0,0,0,0,0,0,0,0,0,0,0,0,0,0,0,0,0,0,0,0,0,0,0,0,0,0,0,0,1,0,0,0,0,0,0,0,0,0,0,0,0,0,0,0,0,0,0,0,0,0,0,0,0,0,0,0,0,0,0,0,0,0,0,0,0,0,0,0,0,0,0,0,0,0,0,0,0,0,0,0,0,0,0,0,0,0,0,0
2/3/2020,0,0,0,0,0,0,0,0,0,0,0,0,0,0,0,0,0,0,0,0,0,0,0,0,0,0,0,0,0,0,0,0,0,0,0,0,0,0,0,0,0,361,0,0,0,0,0,0,0,0,0,0,0,0,0,0,0,0,0,0,0,0,0,0,0,0,0,0,0,0,0,0,0,0,0,0,0,0,0,0,0,0,0,0,0,0,0,0,0,0,0,0,0,0,0,0,0,0,0,0,0,0,0,0,0,0,0,0,0,0,0,0,0,0,0,0,0,0,0,0,0,0,0,0,0,0,0,0,0,0,0,0,0,0,0,0,0,0,0,0,0,0,0,0,0,0,0,0,0,0,0,0,0,0,0,1,0,0,0,0,0,0,0,0,0,0,0,0,0,0,0,0,0,0,0,0,0,0,0,0,0,0,0,0,0,0,0,0,0,0,0,0,0,0,0,0,0,0,0,0,0,0,0,0,0,0,0,0,0,0,0,0,0,0,0
2/4/2020,0,0,0,0,0,0,0,0,0,0,0,0,0,0,0,0,0,0,0,0,0,0,0,0,0,0,0,0,0,0,0,0,0,0,0,0,0,0,0,0,0,425,0,0,0,0,0,0,0,0,0,0,0,0,0,0,0,0,0,0,0,0,0,0,0,0,0,0,0,0,0,0,0,0,0,0,0,0,0,0,0,0,0,0,0,0,0,0,0,0,0,0,0,0,0,0,0,0,0,0,0,0,0,0,0,0,0,0,0,0,0,0,0,0,0,0,0,0,0,0,0,0,0,0,0,0,0,0,0,0,0,0,0,0,0,0,0,0,0,0,0,0,0,0,0,0,0,0,0,0,0,0,0,0,0,1,0,0,0,0,0,0,0,0,0,0,0,0,0,0,0,0,0,0,0,0,0,0,0,0,0,0,0,0,0,0,0,0,0,0,0,0,0,0,0,0,0,0,0,0,0,0,0,0,0,0,0,0,0,0,0,0,0,0,0
2/5/2020,0,0,0,0,0,0,0,0,0,0,0,0,0,0,0,0,0,0,0,0,0,0,0,0,0,0,0,0,0,0,0,0,0,0,0,0,0,0,0,0,0,491,0,0,0,0,0,0,0,0,0,0,0,0,0,0,0,0,0,0,0,0,0,0,0,0,0,0,0,0,0,0,0,0,0,0,0,0,0,0,0,0,0,0,0,0,0,0,0,0,0,0,0,0,0,0,0,0,0,0,0,0,0,0,0,0,0,0,0,0,0,0,0,0,0,0,0,0,0,0,0,0,0,0,0,0,0,0,0,0,0,0,0,0,0,0,0,0,0,0,0,0,0,0,0,0,0,0,0,0,0,0,0,0,0,1,0,0,0,0,0,0,0,0,0,0,0,0,0,0,0,0,0,0,0,0,0,0,0,0,0,0,0,0,0,0,0,0,0,0,0,0,0,0,0,0,0,0,0,0,0,0,0,0,0,0,0,0,0,0,0,0,0,0,0
2/6/2020,0,0,0,0,0,0,0,0,0,0,0,0,0,0,0,0,0,0,0,0,0,0,0,0,0,0,0,0,0,0,0,0,0,0,0,0,0,0,0,0,0,564,0,0,0,0,0,0,0,0,0,0,0,0,0,0,0,0,0,0,0,0,0,0,0,0,0,0,0,0,0,0,0,0,0,0,0,0,0,0,0,0,0,0,0,0,0,0,0,0,0,0,0,0,0,0,0,0,0,0,0,0,0,0,0,0,0,0,0,0,0,0,0,0,0,0,0,0,0,0,0,0,0,0,0,0,0,0,0,0,0,0,0,0,0,0,0,0,0,0,0,0,0,0,0,0,0,0,0,0,0,0,0,0,0,1,0,0,0,0,0,0,0,0,0,0,0,0,0,0,0,0,0,0,0,0,0,0,0,0,0,0,0,0,0,0,0,0,0,0,0,0,0,0,0,0,0,0,0,0,0,0,0,0,0,0,0,0,0,0,0,0,0,0,0
2/7/2020,0,0,0,0,0,0,0,0,0,0,0,0,0,0,0,0,0,0,0,0,0,0,0,0,0,0,0,0,0,0,0,0,0,0,0,0,0,0,0,0,0,637,0,0,0,0,0,0,0,0,0,0,0,0,0,0,0,0,0,0,0,0,0,0,0,0,0,0,0,0,0,0,0,0,0,0,0,0,0,0,0,0,0,0,0,0,0,0,0,0,0,0,0,0,0,0,0,0,0,0,0,0,0,0,0,0,0,0,0,0,0,0,0,0,0,0,0,0,0,0,0,0,0,0,0,0,0,0,0,0,0,0,0,0,0,0,0,0,0,0,0,0,0,0,0,0,0,0,0,0,0,0,0,0,0,1,0,0,0,0,0,0,0,0,0,0,0,0,0,0,0,0,0,0,0,0,0,0,0,0,0,0,0,0,0,0,0,0,0,0,0,0,0,0,0,0,0,0,0,0,0,0,0,0,0,0,0,0,0,0,0,0,0,0,0
2/8/2020,0,0,0,0,0,0,0,0,0,0,0,0,0,0,0,0,0,0,0,0,0,0,0,0,0,0,0,0,0,0,0,0,0,0,0,0,0,0,0,0,0,723,0,0,0,0,0,0,0,0,0,0,0,0,0,0,0,0,0,0,0,0,0,0,0,0,0,0,0,0,0,0,0,0,0,0,0,0,0,0,0,0,0,0,0,0,0,0,0,0,0,0,0,0,0,0,0,0,0,0,0,0,0,0,0,0,0,0,0,0,0,0,0,0,0,0,0,0,0,0,0,0,0,0,0,0,0,0,0,0,0,0,0,0,0,0,0,0,0,0,0,0,0,0,0,0,0,0,0,0,0,0,0,0,0,1,0,0,0,0,0,0,0,0,0,0,0,0,0,0,0,0,0,0,0,0,0,0,0,0,0,0,0,0,0,0,0,0,0,0,0,0,0,0,0,0,0,0,0,0,0,0,0,0,0,0,0,0,0,0,0,0,0,0,0
2/9/2020,0,0,0,0,0,0,0,0,0,0,0,0,0,0,0,0,0,0,0,0,0,0,0,0,0,0,0,0,0,0,0,0,0,0,0,0,0,0,0,0,0,812,0,0,0,0,0,0,0,0,0,0,0,0,0,0,0,0,0,0,0,0,0,0,0,0,0,0,0,0,0,0,0,0,0,0,0,0,0,0,0,0,0,0,0,0,0,0,0,0,0,0,0,0,0,0,0,0,0,0,0,0,0,0,0,0,0,0,0,0,0,0,0,0,0,0,0,0,0,0,0,0,0,0,0,0,0,0,0,0,0,0,0,0,0,0,0,0,0,0,0,0,0,0,0,0,0,0,0,0,0,0,0,0,0,1,0,0,0,0,0,0,0,0,0,0,0,0,0,0,0,0,0,0,0,0,0,0,0,0,0,0,0,0,0,0,0,0,0,0,0,0,0,0,0,0,0,0,0,0,0,0,0,0,0,0,0,0,0,0,0,0,0,0,0
2/10/2020,0,0,0,0,0,0,0,0,0,0,0,0,0,0,0,0,0,0,0,0,0,0,0,0,0,0,0,0,0,0,0,0,0,0,0,0,0,0,0,0,0,909,0,0,0,0,0,0,0,0,0,0,0,0,0,0,0,0,0,0,0,0,0,0,0,0,0,0,0,0,0,0,0,0,0,0,0,0,0,0,0,0,0,0,0,0,0,0,0,0,0,0,0,0,0,0,0,0,0,0,0,0,0,0,0,0,0,0,0,0,0,0,0,0,0,0,0,0,0,0,0,0,0,0,0,0,0,0,0,0,0,0,0,0,0,0,0,0,0,0,0,0,0,0,0,0,0,0,0,0,0,0,0,0,0,1,0,0,0,0,0,0,0,0,0,0,0,0,0,0,0,0,0,0,0,0,0,0,0,0,0,0,0,0,0,0,0,0,0,0,0,0,0,0,0,0,0,0,0,0,0,0,0,0,0,0,0,0,0,0,0,0,0,0,0
2/11/2020,0,0,0,0,0,0,0,0,0,0,0,0,0,0,0,0,0,0,0,0,0,0,0,0,0,0,0,0,0,0,0,0,0,0,0,0,0,0,0,0,0,1017,0,0,0,0,0,0,0,0,0,0,0,0,0,0,0,0,0,0,0,0,0,0,0,0,0,0,0,0,0,0,0,0,0,0,0,0,0,0,0,0,0,0,0,0,0,0,0,0,0,0,0,0,0,0,0,0,0,0,0,0,0,0,0,0,0,0,0,0,0,0,0,0,0,0,0,0,0,0,0,0,0,0,0,0,0,0,0,0,0,0,0,0,0,0,0,0,0,0,0,0,0,0,0,0,0,0,0,0,0,0,0,0,0,1,0,0,0,0,0,0,0,0,0,0,0,0,0,0,0,0,0,0,0,0,0,0,0,0,0,0,0,0,0,0,0,0,0,0,0,0,0,0,0,0,0,0,0,0,0,0,0,0,0,0,0,0,0,0,0,0,0,0,0
2/12/2020,0,0,0,0,0,0,0,0,0,0,0,0,0,0,0,0,0,0,0,0,0,0,0,0,0,0,0,0,0,0,0,0,0,0,0,0,0,0,0,0,0,1114,0,0,0,0,0,0,0,0,0,0,0,0,0,0,0,0,0,0,0,0,0,0,0,0,0,0,0,0,0,0,0,0,0,0,0,0,0,0,0,0,0,0,0,0,0,0,0,0,0,0,0,0,0,0,0,0,0,0,0,0,0,0,0,0,0,0,0,0,0,0,0,0,0,0,0,0,0,0,0,0,0,0,0,0,0,0,0,0,0,0,0,0,0,0,0,0,0,0,0,0,0,0,0,0,0,0,0,0,0,0,0,0,0,1,0,0,0,0,0,0,0,0,0,0,0,0,0,0,0,0,0,0,0,0,0,0,0,0,0,0,0,0,0,0,0,0,0,0,0,0,0,0,0,0,0,0,0,0,0,0,0,0,0,0,0,0,0,0,0,0,0,0,0
2/13/2020,0,0,0,0,0,0,0,0,0,0,0,0,0,0,0,0,0,0,0,0,0,0,0,0,0,0,0,0,0,0,0,0,0,0,0,0,0,0,0,0,0,1368,0,0,0,0,0,0,0,0,0,0,0,0,0,0,0,0,0,0,0,0,0,0,0,0,0,0,0,0,0,0,0,0,0,0,0,0,0,0,0,0,0,0,0,0,0,0,0,0,0,0,0,0,0,0,0,0,0,0,0,0,0,1,0,0,0,0,0,0,0,0,0,0,0,0,0,0,0,0,0,0,0,0,0,0,0,0,0,0,0,0,0,0,0,0,0,0,0,0,0,0,0,0,0,0,0,0,0,0,0,0,0,0,0,1,0,0,0,0,0,0,0,0,0,0,0,0,0,0,0,0,0,0,0,0,0,0,0,0,0,0,0,0,0,0,0,0,0,0,0,0,0,0,0,0,0,0,0,0,0,0,0,0,0,0,0,0,0,0,0,0,0,0,0
2/14/2020,0,0,0,0,0,0,0,0,0,0,0,0,0,0,0,0,0,0,0,0,0,0,0,0,0,0,0,0,0,0,0,0,0,0,0,0,0,0,0,0,0,1381,0,0,0,0,0,0,0,0,0,0,0,0,0,0,0,0,0,0,0,0,0,0,0,0,0,0,0,0,0,0,0,0,0,0,0,0,0,0,0,0,0,0,0,0,0,0,0,0,0,0,0,0,0,0,0,0,0,0,0,0,0,1,0,0,0,0,0,0,0,0,0,0,0,0,0,0,0,0,0,0,0,0,0,0,0,0,0,0,0,0,0,0,0,0,0,0,0,0,0,0,0,0,0,0,0,0,0,0,0,0,0,0,0,1,0,0,0,0,0,0,0,0,0,0,0,0,0,0,0,0,0,0,0,0,0,0,0,0,0,0,0,0,0,0,0,0,0,0,0,0,0,0,0,0,0,0,0,0,0,0,0,0,0,0,0,0,0,0,0,0,0,0,0
2/15/2020,0,0,0,0,0,0,0,0,0,0,0,0,0,0,0,0,0,0,0,0,0,0,0,0,0,0,0,0,0,0,0,0,0,0,0,0,0,0,0,0,0,1524,0,0,0,0,0,0,0,0,0,0,0,0,0,0,0,0,0,0,0,0,0,0,0,0,0,0,0,1,0,0,0,0,0,0,0,0,0,0,0,0,0,0,0,0,0,0,0,0,0,0,0,0,0,0,0,0,0,0,0,0,0,1,0,0,0,0,0,0,0,0,0,0,0,0,0,0,0,0,0,0,0,0,0,0,0,0,0,0,0,0,0,0,0,0,0,0,0,0,0,0,0,0,0,0,0,0,0,0,0,0,0,0,0,1,0,0,0,0,0,0,0,0,0,0,0,0,0,0,0,0,0,0,0,0,0,0,0,0,0,0,0,0,0,0,0,0,0,0,0,0,0,0,0,0,0,0,0,0,0,0,0,0,0,0,0,0,0,0,0,0,0,0,0
2/16/2020,0,0,0,0,0,0,0,0,0,0,0,0,0,0,0,0,0,0,0,0,0,0,0,0,0,0,0,0,0,0,0,0,0,0,0,0,0,0,0,0,0,1666,0,0,0,0,0,0,0,0,0,0,0,0,0,0,0,0,0,0,0,0,0,0,0,0,0,0,0,1,0,0,0,0,0,0,0,0,0,0,0,0,0,0,0,0,0,0,0,0,0,0,0,0,0,0,0,0,0,0,0,0,0,1,0,0,0,0,0,0,0,0,0,0,0,0,0,0,0,0,0,0,0,0,0,0,0,0,0,0,0,0,0,0,0,0,0,0,0,0,0,0,0,0,0,0,0,0,0,0,0,0,0,0,0,1,0,0,0,0,0,0,0,0,0,0,0,0,0,0,0,0,0,0,0,0,0,0,0,0,0,0,0,0,0,0,0,0,0,0,0,0,0,0,0,0,0,0,0,0,0,0,0,0,0,0,0,0,0,0,0,0,0,0,0
2/17/2020,0,0,0,0,0,0,0,0,0,0,0,0,0,0,0,0,0,0,0,0,0,0,0,0,0,0,0,0,0,0,0,0,0,0,0,0,0,0,0,0,0,1772,0,0,0,0,0,0,0,0,0,0,0,0,0,0,0,0,0,0,0,0,0,0,0,0,0,0,0,1,0,0,0,0,0,0,0,0,0,0,0,0,0,0,0,0,0,0,0,0,0,0,0,0,0,0,0,0,0,0,0,0,0,1,0,0,0,0,0,0,0,0,0,0,0,0,0,0,0,0,0,0,0,0,0,0,0,0,0,0,0,0,0,0,0,0,0,0,0,0,0,0,0,0,0,0,0,0,0,0,0,0,0,0,0,1,0,0,0,0,0,0,0,0,0,0,0,0,0,0,0,0,0,0,0,0,0,0,0,0,0,0,0,0,0,0,0,0,0,0,0,0,0,0,0,0,0,0,0,0,0,0,0,0,0,0,0,0,0,0,0,0,0,0,0
2/18/2020,0,0,0,0,0,0,0,0,0,0,0,0,0,0,0,0,0,0,0,0,0,0,0,0,0,0,0,0,0,0,0,0,0,0,0,0,0,0,0,0,0,1870,0,0,0,0,0,0,0,0,0,0,0,0,0,0,0,0,0,0,0,0,0,0,0,0,0,0,0,1,0,0,0,0,0,0,0,0,0,0,0,0,0,0,0,0,0,0,0,0,0,0,0,0,0,0,0,0,0,0,0,0,0,1,0,0,0,0,0,0,0,0,0,0,0,0,0,0,0,0,0,0,0,0,0,0,0,0,0,0,0,0,0,0,0,0,0,0,0,0,0,0,0,0,0,0,0,0,0,0,0,0,0,0,0,1,0,0,0,0,0,0,0,0,0,0,0,0,0,0,0,0,0,0,0,0,0,0,0,0,0,0,0,0,0,0,0,0,0,0,0,0,0,0,0,0,0,0,0,0,0,0,0,0,0,0,0,0,0,0,0,0,0,0,0
2/19/2020,0,0,0,0,0,0,0,0,0,0,0,0,0,0,0,0,0,0,0,0,0,0,0,0,0,0,0,0,0,0,0,0,0,0,0,0,0,0,0,0,0,2006,0,0,0,0,0,0,0,0,0,0,0,0,0,0,0,0,0,0,0,0,0,0,0,0,0,0,0,1,0,0,0,0,0,0,0,0,0,0,0,0,0,0,0,0,0,0,0,0,0,0,0,0,0,0,2,0,0,0,0,0,0,1,0,0,0,0,0,0,0,0,0,0,0,0,0,0,0,0,0,0,0,0,0,0,0,0,0,0,0,0,0,0,0,0,0,0,0,0,0,0,0,0,0,0,0,0,0,0,0,0,0,0,0,1,0,0,0,0,0,0,0,0,0,0,0,0,0,0,0,0,0,0,0,0,0,0,0,0,0,0,0,0,0,0,0,0,0,0,0,0,0,0,0,0,0,0,0,0,0,0,0,0,0,0,0,0,0,0,0,0,0,0,0
2/20/2020,0,0,0,0,0,0,0,0,0,0,0,0,0,0,0,0,0,0,0,0,0,0,0,0,0,0,0,0,0,0,0,0,0,0,0,0,0,0,0,0,0,2121,0,0,0,0,0,0,0,0,0,0,0,0,0,0,0,0,0,0,0,0,0,0,0,0,0,0,0,1,0,0,0,0,0,0,0,0,0,0,0,0,0,0,0,0,0,0,0,0,0,0,0,0,0,2,2,0,0,0,0,0,0,1,0,0,0,0,0,0,0,0,0,0,0,0,0,0,0,0,0,0,0,0,0,0,0,0,0,0,0,0,0,0,0,0,0,0,0,0,0,0,0,0,0,0,0,0,0,0,0,0,0,0,0,1,0,0,0,0,1,0,0,0,0,0,0,0,0,0,0,0,0,0,0,0,0,0,0,0,0,0,0,0,0,0,0,0,0,0,0,0,0,0,0,0,0,0,0,0,0,0,0,0,0,0,0,0,0,0,0,0,0,0,0
2/21/2020,0,0,0,0,0,0,0,0,0,0,0,0,0,0,0,0,0,0,0,0,0,0,0,0,0,0,0,0,0,0,0,0,0,0,0,0,0,0,0,0,0,2239,0,0,0,0,0,0,0,0,0,0,0,0,0,0,0,0,0,0,0,0,0,0,0,0,0,0,0,1,0,0,0,0,0,0,0,0,0,0,0,0,0,0,0,0,0,0,0,0,0,0,0,0,0,2,4,0,0,0,0,0,0,1,0,0,0,0,0,0,0,0,0,0,0,0,0,0,0,0,0,0,0,0,0,0,0,0,0,0,0,0,0,0,0,0,0,0,0,0,0,0,0,0,0,0,0,0,0,0,0,0,0,0,0,1,0,0,0,0,1,0,0,0,0,0,0,0,0,0,0,0,0,0,0,0,0,0,0,0,0,0,0,0,0,0,0,0,0,0,0,0,0,0,0,0,0,0,0,0,0,0,0,0,0,0,0,0,0,0,0,0,0,0,0
2/22/2020,0,0,0,0,0,0,0,0,0,0,0,0,0,0,0,0,0,0,0,0,0,0,0,0,0,0,0,0,0,0,0,0,0,0,0,0,0,0,0,0,0,2348,0,0,0,0,0,0,0,0,0,0,0,0,0,0,0,0,0,0,0,0,0,0,0,0,0,0,0,1,0,0,0,0,0,0,0,0,0,0,0,0,0,0,0,0,0,0,0,0,0,0,0,0,0,2,5,0,0,0,0,2,0,1,0,0,0,0,0,0,0,0,0,0,0,0,0,0,0,0,0,0,0,0,0,0,0,0,0,0,0,0,0,0,0,0,0,0,0,0,0,0,0,0,0,0,0,0,0,0,0,0,0,0,0,1,0,0,0,0,2,0,0,0,0,0,0,0,0,0,0,0,0,0,0,0,0,0,0,0,0,0,0,0,0,0,0,0,0,0,0,0,0,0,0,0,0,0,0,0,0,0,0,0,0,0,0,0,0,0,0,0,0,0,0
2/23/2020,0,0,0,0,0,0,0,0,0,0,0,0,0,0,0,0,0,0,0,0,0,0,0,0,0,0,0,0,0,0,0,0,0,0,0,0,0,0,0,0,0,2445,0,0,0,0,0,0,0,0,0,0,0,0,0,0,0,0,0,0,0,0,0,0,0,0,0,0,0,1,0,0,0,0,0,0,0,0,0,0,0,0,0,0,0,0,0,0,0,0,0,0,0,0,0,3,8,0,0,0,0,2,0,1,0,0,0,0,0,0,0,0,0,0,0,0,0,0,0,0,0,0,0,0,0,0,0,0,0,0,0,0,0,0,0,0,0,0,0,0,0,0,0,0,0,0,0,0,0,0,0,0,0,0,0,1,0,0,0,0,2,0,0,0,0,0,0,0,0,0,0,0,0,0,0,0,0,0,0,0,0,0,0,0,0,0,0,0,0,0,0,0,0,0,0,0,0,0,0,0,0,0,0,0,0,0,0,0,0,0,0,0,0,0,0
2/24/2020,0,0,0,0,0,0,0,0,0,0,0,0,0,0,0,0,0,0,0,0,0,0,0,0,0,0,0,0,0,0,0,0,0,0,0,0,0,0,0,0,0,2595,0,0,0,0,0,0,0,0,0,0,0,0,0,0,0,0,0,0,0,0,0,0,0,0,0,0,0,1,0,0,0,0,0,0,0,0,0,0,0,0,0,0,0,0,0,0,0,0,0,0,0,0,0,3,12,0,0,0,0,7,0,1,0,0,0,0,0,0,0,0,0,0,0,0,0,0,0,0,0,0,0,0,0,0,0,0,0,0,0,0,0,0,0,0,0,0,0,0,0,0,0,0,0,0,0,0,0,0,0,0,0,0,0,1,0,0,0,0,7,0,0,0,0,0,0,0,0,0,0,0,0,0,0,0,0,0,0,0,0,0,0,0,0,0,0,0,0,0,0,0,0,0,0,0,0,0,0,0,0,0,0,0,0,0,0,0,0,0,0,0,0,0,0
2/25/2020,0,0,0,0,0,0,0,0,0,0,0,0,0,0,0,0,0,0,0,0,0,0,0,0,0,0,0,0,0,0,0,0,0,0,0,0,0,0,0,0,0,2666,0,0,0,0,0,0,0,0,0,0,0,0,0,0,0,0,0,0,0,0,0,0,0,0,0,0,0,1,0,0,0,0,0,0,0,0,0,0,0,0,0,0,0,0,0,0,0,0,0,0,0,0,0,4,15,0,0,0,0,12,0,1,0,0,0,0,0,0,0,0,0,0,0,0,0,0,0,0,0,0,0,0,0,0,0,0,0,0,0,0,0,0,0,0,0,0,0,0,0,0,0,0,0,0,0,0,0,0,0,0,0,0,0,1,0,0,0,0,10,0,0,0,0,0,0,0,0,0,0,0,0,0,0,0,0,0,0,0,0,0,0,0,0,0,0,0,0,0,0,0,0,0,0,0,0,0,0,0,0,0,0,0,0,0,0,0,0,0,0,0,0,0,0
2/26/2020,0,0,0,0,0,0,0,0,0,0,0,0,0,0,0,0,0,0,0,0,0,0,0,0,0,0,0,0,0,0,0,0,0,0,0,0,0,0,0,0,0,2718,0,0,0,0,0,0,0,0,0,0,0,0,0,0,0,0,0,0,0,0,0,0,0,0,0,0,0,2,0,0,0,0,0,0,0,0,0,0,0,0,0,0,0,0,0,0,0,0,0,0,0,0,0,4,19,0,0,0,0,12,0,3,0,0,0,0,0,0,0,0,0,0,0,0,0,0,0,0,0,0,0,0,0,0,0,0,0,0,0,0,0,0,0,0,0,0,0,0,0,0,0,0,0,0,0,0,0,0,0,0,0,0,0,1,0,0,0,0,12,0,0,0,0,0,0,0,0,0,0,0,0,0,0,0,0,0,0,0,0,0,0,0,0,0,0,0,0,0,0,0,0,0,0,0,0,0,0,0,0,0,0,0,0,0,0,0,0,0,0,0,0,0,0
2/27/2020,0,0,0,0,0,0,0,0,0,0,0,0,0,0,0,0,0,0,0,0,0,0,0,0,0,0,0,0,0,0,0,0,0,0,0,0,0,0,0,0,0,2747,0,0,0,0,0,0,0,0,0,0,0,0,0,0,0,0,0,0,0,0,0,0,0,0,0,0,0,2,0,0,0,0,0,0,0,0,0,0,0,0,0,0,0,0,0,0,0,0,0,0,0,0,0,4,26,0,0,0,0,17,0,4,0,0,0,0,0,0,0,0,0,0,0,0,0,0,0,0,0,0,0,0,0,0,0,0,0,0,0,0,0,0,0,0,0,0,0,0,0,0,0,0,0,0,0,0,0,0,0,0,0,0,0,1,0,0,0,0,13,0,0,0,0,0,0,0,0,0,0,0,0,0,0,0,0,0,0,0,0,0,0,0,0,0,0,0,0,0,0,0,0,0,0,0,0,0,0,0,0,0,0,0,0,0,0,0,0,0,0,0,0,0,0
2/28/2020,0,0,0,0,0,0,0,0,0,0,0,0,0,0,0,0,0,0,0,0,0,0,0,0,0,0,0,0,0,0,0,0,0,0,0,0,0,0,0,0,0,2791,0,0,0,0,0,0,0,0,0,0,0,0,0,0,0,0,0,0,0,0,0,0,0,0,0,0,0,2,0,0,0,0,0,0,0,0,0,0,0,0,0,0,0,0,0,0,0,0,0,0,0,0,0,6,34,0,0,0,0,21,0,5,0,0,0,0,0,0,0,0,0,0,0,0,0,0,0,0,0,0,0,0,0,0,0,0,0,0,0,0,0,0,0,0,0,0,0,0,0,0,0,0,0,0,0,0,0,0,0,0,0,0,0,1,0,0,0,0,13,0,0,0,0,0,0,0,0,0,0,0,0,0,0,0,0,0,0,0,0,0,0,0,0,0,0,0,0,0,0,0,0,0,0,0,0,0,0,0,0,0,0,0,0,0,0,0,0,0,0,0,0,0,0
2/29/2020,0,0,0,0,0,0,0,0,0,0,0,0,0,0,0,0,0,0,0,0,0,0,0,0,0,0,0,0,0,0,0,0,0,0,0,0,0,0,0,0,0,2838,0,0,0,0,0,0,0,0,0,0,0,0,0,0,0,0,0,0,0,0,0,0,0,0,0,0,0,2,0,0,0,0,0,0,0,0,0,0,0,0,0,0,0,0,0,0,0,0,0,0,0,0,0,6,43,0,0,0,0,29,0,5,0,0,0,0,0,0,0,0,0,0,0,0,0,0,0,0,0,0,0,0,0,0,0,0,0,0,0,0,0,0,0,0,0,0,0,0,0,0,0,0,0,0,0,0,0,0,0,0,0,0,0,1,0,0,0,0,17,0,0,0,0,0,0,0,0,0,0,0,0,0,0,0,0,0,0,0,0,0,0,0,0,0,0,0,0,0,0,0,0,0,0,0,0,0,0,0,0,0,0,0,0,0,0,0,0,0,0,0,0,0,0
3/1/2020,0,0,0,0,0,0,0,0,0,0,1,0,0,0,0,0,0,0,0,0,0,0,0,0,0,0,0,0,0,0,0,0,0,0,0,0,0,0,0,0,0,2873,0,0,0,0,0,0,0,0,0,0,0,0,0,0,0,0,0,0,0,0,0,0,0,0,0,0,0,2,0,0,0,0,0,0,0,0,0,0,0,0,0,0,0,0,0,0,0,0,0,0,0,0,0,6,43,0,0,0,0,35,0,6,0,0,0,0,0,0,0,0,0,0,0,0,0,0,0,0,0,0,0,0,0,0,0,0,0,0,0,0,0,0,0,0,0,0,0,0,0,0,0,0,0,0,0,0,0,0,0,0,0,0,0,1,0,0,0,0,18,0,0,0,0,0,0,0,0,0,0,0,0,0,0,0,0,0,0,0,0,0,0,0,0,0,0,0,0,0,0,0,0,0,1,0,0,0,0,0,0,0,0,0,0,0,0,0,0,0,0,0,0,0,0
3/2/2020,0,0,0,0,0,0,0,0,0,0,1,0,0,0,0,0,0,0,0,0,0,0,0,0,0,0,0,0,0,0,0,0,0,0,0,0,0,0,0,0,0,2915,0,0,0,0,0,0,0,0,0,0,0,0,0,0,0,0,0,0,0,0,0,0,0,0,0,0,0,3,0,0,0,0,0,0,0,0,0,0,0,0,0,0,0,0,0,0,0,0,0,0,0,0,0,6,66,0,0,0,0,52,0,6,0,0,0,0,0,0,0,0,0,0,0,0,0,0,0,0,0,0,0,0,0,0,0,0,0,0,0,0,0,0,0,0,0,0,0,0,0,0,0,0,0,0,0,0,0,0,0,0,0,0,0,1,0,0,0,0,22,0,0,0,0,0,0,0,0,0,0,0,0,0,0,0,0,0,0,0,0,0,0,0,0,0,0,0,0,0,0,0,0,0,1,0,0,0,0,0,0,0,0,0,0,0,0,0,0,0,0,0,0,0,0
3/3/2020,0,0,0,0,0,0,0,0,0,0,1,0,0,0,0,0,0,0,0,0,0,0,0,0,0,0,0,0,0,0,0,0,0,0,0,0,0,0,0,0,0,2946,0,0,0,0,0,0,0,0,0,0,0,0,0,0,0,0,0,0,0,0,0,0,0,0,0,0,0,4,0,0,0,0,0,0,0,0,0,0,0,0,0,0,0,0,0,0,0,0,0,0,0,0,0,6,77,0,0,0,0,80,0,6,0,0,0,0,0,0,0,0,0,0,0,0,0,0,0,0,0,0,0,0,0,0,0,0,0,0,0,0,0,0,0,0,0,0,0,0,0,0,0,0,0,0,0,0,0,0,0,0,0,0,0,1,0,0,0,0,28,0,0,0,0,0,0,0,0,0,0,0,0,0,0,0,0,0,0,0,0,0,0,0,0,0,0,0,0,0,0,0,0,0,1,0,0,0,0,0,0,0,0,0,0,0,2,0,0,0,0,0,0,0,0
3/4/2020,0,0,0,0,0,0,0,0,0,0,1,0,0,0,0,0,0,0,0,0,0,0,0,0,0,0,0,0,0,0,0,0,0,0,0,0,0,0,0,0,0,2984,0,0,0,0,0,0,0,0,0,0,0,0,0,0,0,0,0,0,0,0,0,0,0,0,0,0,0,4,0,0,0,0,0,0,0,0,0,0,0,0,0,0,0,0,0,0,0,0,0,0,0,0,0,6,92,2,0,0,0,107,0,6,0,0,0,0,0,0,0,0,0,0,0,0,0,0,0,0,0,0,0,0,0,0,0,0,0,0,0,0,0,0,0,0,0,0,0,0,0,0,0,0,0,0,0,0,0,0,0,0,0,0,0,1,0,0,0,0,32,0,0,0,0,0,0,0,0,0,0,0,0,0,0,0,0,0,0,0,0,0,0,0,0,0,1,0,0,0,0,0,0,0,1,0,0,0,0,0,0,0,0,0,0,0,5,0,0,0,0,0,0,0,0
3/5/2020,0,0,0,0,0,0,0,0,0,0,2,0,0,0,0,0,0,0,0,0,0,0,0,0,0,0,0,0,0,0,0,0,0,0,0,0,0,0,0,0,0,3015,0,0,0,0,0,0,0,0,0,0,0,0,0,0,0,0,0,0,0,0,0,0,0,0,0,0,0,6,0,0,0,0,0,0,0,0,0,0,0,0,0,0,0,0,0,0,0,0,0,0,0,0,0,6,107,2,0,0,0,148,0,6,0,0,0,0,0,0,0,0,0,0,0,0,0,0,0,0,0,0,0,0,0,0,0,0,0,0,0,0,0,0,0,0,0,0,0,0,0,0,0,0,0,0,0,0,0,0,0,0,0,0,0,1,0,0,0,0,35,0,0,0,0,0,0,0,0,0,0,0,0,0,0,0,0,0,0,0,0,0,0,0,0,0,3,0,0,0,0,1,0,0,1,0,0,0,0,0,0,0,0,0,0,0,10,0,0,0,0,0,0,0,0
3/6/2020,0,0,0,0,0,0,0,0,0,0,2,0,0,0,0,0,0,0,0,0,0,0,0,0,0,0,0,0,0,0,0,0,0,0,0,0,0,0,0,0,0,3045,0,0,0,0,0,0,0,0,0,0,0,0,0,0,0,0,0,0,0,0,0,0,0,0,0,0,0,9,0,0,0,0,0,0,0,0,0,0,0,0,0,0,0,0,0,0,0,0,0,0,0,0,0,6,124,4,0,0,0,197,0,6,0,0,0,0,0,0,0,0,0,0,0,0,0,0,0,0,0,0,0,0,0,0,0,0,0,0,0,0,0,0,0,0,0,0,0,1,0,0,0,0,0,0,0,0,0,0,0,0,0,0,0,1,0,0,0,0,42,0,0,0,0,0,0,0,0,0,0,0,0,0,0,0,0,0,0,0,0,0,0,0,0,0,5,0,0,0,0,1,0,0,1,1,0,0,0,0,0,0,0,0,0,0,11,0,0,0,0,0,0,0,0
3/7/2020,0,0,0,0,0,0,0,1,0,0,2,0,0,0,0,0,0,0,0,0,0,0,0,0,0,0,0,0,0,0,0,0,0,0,0,0,0,0,0,0,0,3073,0,0,0,0,0,0,0,0,0,0,0,0,0,0,0,0,0,0,0,0,0,0,0,0,0,0,0,10,0,0,0,0,0,0,0,0,0,0,0,0,0,0,0,0,0,0,0,0,0,0,0,0,0,6,145,4,0,0,0,234,0,6,0,0,0,0,0,0,0,0,0,0,0,0,0,0,0,0,0,0,0,0,0,0,0,0,0,0,0,0,0,0,0,0,0,0,0,1,0,0,0,0,0,0,0,0,0,0,0,0,0,0,0,1,0,0,0,0,44,0,0,0,0,0,0,0,0,0,0,0,1,0,0,0,0,0,0,0,0,0,0,0,0,0,5,0,0,0,0,2,0,0,1,2,0,0,0,0,0,0,0,0,0,0,11,0,0,0,0,0,0,0,0
3/8/2020,0,0,0,0,0,0,0,1,0,0,3,0,0,0,0,0,0,0,0,0,0,0,0,0,0,0,0,0,0,0,0,0,0,0,0,0,0,0,0,0,0,3100,0,0,0,0,0,0,0,0,0,0,0,0,0,0,0,0,1,0,0,0,0,0,0,0,0,0,0,19,0,0,0,0,0,0,0,0,0,0,0,0,0,0,0,0,0,0,0,0,0,0,0,0,0,7,194,6,0,0,0,366,0,6,0,0,0,0,0,0,0,0,0,0,0,0,0,0,0,0,0,0,0,0,0,0,0,0,0,0,0,0,0,0,0,0,0,0,0,3,0,0,0,0,0,0,0,0,0,0,0,0,0,0,0,1,0,0,0,0,50,0,0,0,0,0,0,0,0,0,0,0,1,0,0,0,0,0,0,0,0,0,0,0,0,0,10,0,0,0,0,2,0,0,1,2,0,0,0,0,0,0,0,0,0,0,11,0,0,0,0,0,0,0,0
3/9/2020,0,0,0,0,0,0,0,1,0,0,3,0,0,0,0,0,0,0,0,0,0,0,0,0,0,0,0,0,0,0,0,0,0,0,0,0,0,0,0,0,0,3123,0,0,0,0,0,0,0,0,0,0,0,0,0,0,0,0,1,0,0,0,0,0,0,0,0,0,0,30,0,0,0,0,0,2,0,0,0,0,0,0,0,0,0,0,0,0,0,0,0,0,0,0,0,7,237,6,0,0,0,463,0,9,0,0,0,0,0,0,0,0,0,0,0,0,0,0,0,0,0,0,0,0,0,0,0,0,0,0,0,0,0,0,0,0,0,0,0,3,0,0,0,0,0,0,0,0,0,0,0,0,0,0,0,1,0,0,0,0,51,0,0,0,0,0,0,0,0,0,0,0,2,0,0,0,0,0,0,0,0,0,0,0,0,0,28,0,0,0,0,2,0,0,1,3,0,0,0,0,0,0,0,0,0,0,19,0,0,0,0,0,0,0,0
3/10/2020,0,0,0,0,0,0,0,1,0,0,3,0,0,0,0,0,0,0,0,0,0,0,0,0,0,0,0,0,0,0,0,0,0,0,0,0,0,0,0,0,0,3140,0,0,0,0,0,0,0,0,0,0,0,0,0,0,0,0,1,0,0,0,0,0,0,0,0,0,0,33,0,0,0,0,0,2,0,0,0,0,0,0,0,0,0,0,0,0,0,0,0,0,0,0,0,7,291,6,0,0,0,631,0,9,0,0,0,0,0,0,0,0,0,0,0,0,0,0,0,0,0,0,0,0,0,0,0,0,0,0,0,0,0,0,1,0,0,0,0,4,0,0,0,0,0,0,0,0,0,0,0,0,0,0,0,1,0,0,0,0,54,0,0,0,0,0,0,0,0,0,0,0,2,0,0,0,0,0,0,0,0,0,0,0,0,0,36,0,0,0,0,3,0,0,1,6,0,0,0,0,0,0,0,0,0,0,25,0,0,0,0,0,0,0,0
3/11/2020,0,0,0,0,0,0,0,1,0,0,3,0,0,0,0,0,0,0,0,0,0,0,0,0,0,0,0,0,0,0,0,0,0,0,0,0,1,0,0,0,0,3162,0,0,0,0,0,0,0,0,0,0,0,0,0,0,0,0,1,0,0,0,0,0,0,0,0,0,0,48,0,0,0,0,0,3,0,0,0,0,0,0,0,0,0,0,0,0,0,0,0,0,0,0,1,7,354,7,1,0,0,827,0,12,0,0,0,0,0,0,0,0,0,1,0,0,0,0,0,0,0,0,0,0,0,0,0,0,0,0,0,0,0,0,1,0,0,0,0,5,0,0,0,0,0,0,0,0,0,0,0,1,0,0,0,1,0,0,0,0,60,0,0,0,0,0,0,0,0,0,0,0,3,0,0,0,0,0,0,0,0,0,0,0,0,0,47,0,0,0,0,4,0,0,1,6,0,0,0,0,0,0,0,0,0,0,25,0,0,0,0,0,0,0,0
3/12/2020,0,0,1,0,0,0,0,1,0,0,3,1,0,0,0,0,0,0,0,0,0,0,0,0,0,0,0,0,0,0,1,0,0,0,0,0,1,0,0,0,0,3173,0,0,0,0,0,0,0,0,0,0,0,0,0,0,0,0,1,0,0,0,0,0,0,0,0,0,0,48,0,0,0,0,0,3,0,0,1,0,0,0,0,0,0,0,0,0,0,0,0,0,0,0,1,7,429,7,1,0,0,1016,0,15,0,0,0,0,0,0,0,0,0,3,0,0,0,0,0,0,0,0,0,0,0,0,0,0,0,0,0,0,0,0,1,0,0,0,0,5,0,0,0,0,0,0,0,0,0,0,0,1,0,0,0,2,1,0,0,0,66,0,0,0,0,0,0,0,0,0,0,0,5,0,0,0,0,0,0,0,0,0,0,0,0,0,84,0,0,0,0,4,0,0,1,8,0,0,0,0,0,0,0,0,0,0,29,0,0,0,0,0,0,0,0
3/13/2020,0,1,1,0,0,0,0,1,0,0,3,1,0,0,0,0,0,0,0,0,0,0,0,0,0,0,0,0,0,0,1,0,0,0,0,0,1,0,0,0,0,3180,0,0,0,0,0,0,0,0,0,0,0,0,0,0,0,0,1,0,0,0,0,0,0,0,0,0,0,79,0,0,0,0,0,3,0,0,1,0,0,0,0,0,0,0,0,1,0,0,0,0,0,1,4,7,514,7,1,0,0,1268,0,19,0,0,0,0,0,0,0,0,0,3,0,0,0,0,1,0,0,0,0,0,0,0,0,0,0,0,0,0,0,0,1,0,0,0,0,10,0,0,0,0,0,0,0,1,0,0,0,1,0,0,0,2,1,0,0,0,67,0,0,0,0,0,0,0,0,0,0,0,5,0,0,0,0,0,0,0,0,0,0,0,0,0,120,0,0,0,0,7,0,0,1,10,0,0,0,0,0,0,0,1,0,0,36,0,0,0,0,0,0,0,0
3/14/2020,0,1,2,0,0,0,0,2,0,0,3,1,0,0,0,0,0,0,0,0,0,0,0,0,0,0,0,0,0,0,1,0,0,0,0,0,1,0,0,0,0,3194,0,0,0,0,0,0,0,0,0,0,0,0,0,0,0,0,2,0,0,0,0,0,0,0,0,0,0,91,0,0,0,0,0,8,0,0,1,0,0,0,0,0,0,0,0,1,0,0,0,0,0,2,4,7,608,9,1,0,0,1441,0,22,0,0,0,0,0,0,0,0,0,3,0,0,0,0,1,0,0,0,0,0,0,0,0,0,0,0,0,0,0,0,1,0,0,0,0,12,0,0,0,0,0,0,0,1,0,0,0,1,0,0,0,2,1,0,0,0,72,0,0,0,0,0,0,0,0,0,0,0,5,0,0,0,0,0,0,0,0,0,0,0,0,0,136,0,0,0,0,11,0,0,1,21,0,0,0,0,0,0,0,1,0,0,41,0,0,0,0,0,0,0,0
3/15/2020,0,1,3,0,0,0,0,2,0,0,5,1,0,0,0,0,0,0,0,0,0,0,0,0,0,0,0,0,0,0,2,0,0,0,0,0,1,0,0,0,0,3204,0,0,0,0,0,0,0,0,0,0,0,1,0,0,0,0,2,0,0,0,0,0,0,0,0,0,0,127,0,0,0,0,0,12,0,0,4,0,0,0,0,1,0,0,0,1,0,0,0,1,0,2,4,7,724,9,2,0,0,1809,0,22,0,0,0,0,0,0,0,0,0,3,0,0,0,0,1,0,0,0,0,0,0,0,0,0,0,0,0,0,0,0,1,0,0,0,0,20,0,0,0,0,0,0,0,1,0,0,0,1,0,0,0,12,3,0,0,0,75,0,0,0,0,0,0,0,0,0,0,0,5,0,0,0,0,0,0,0,0,0,0,0,0,0,288,0,1,0,3,13,0,0,1,35,0,0,0,0,0,0,0,1,0,0,41,0,0,0,0,0,0,0,0
3/16/2020,0,1,4,0,0,0,0,2,0,0,5,1,0,0,1,0,0,0,5,0,0,0,0,0,0,0,0,0,0,0,2,0,0,0,0,0,1,1,0,0,0,3218,0,0,0,0,0,0,0,0,0,0,0,1,0,0,0,2,2,0,0,0,0,0,0,0,0,0,0,148,0,0,0,0,0,12,0,0,4,0,0,0,0,1,0,0,0,1,0,0,0,1,0,2,5,7,853,9,2,0,0,2158,0,24,0,0,0,0,0,0,0,0,0,3,0,0,0,0,1,0,0,0,0,0,0,0,0,0,0,0,0,0,0,0,1,0,0,0,0,24,0,0,0,0,0,0,0,3,0,0,0,1,0,0,0,12,3,0,0,0,75,0,0,0,0,0,0,0,0,0,0,0,9,0,0,0,0,0,0,0,0,0,0,0,0,0,309,0,1,0,3,14,0,0,1,55,0,0,0,0,0,0,0,1,0,0,41,0,0,0,0,0,0,0,0
3/17/2020,0,1,4,0,0,0,0,2,0,0,5,3,0,0,1,0,0,0,14,0,0,0,0,0,0,0,0,0,0,0,2,0,0,0,0,0,1,1,0,0,0,3231,0,0,0,0,0,0,0,0,0,0,0,4,0,0,1,2,4,0,0,0,0,0,0,0,0,0,0,175,0,0,0,0,0,12,0,0,4,0,0,0,0,1,0,0,0,1,0,0,0,1,0,3,5,7,988,11,2,0,0,2505,0,28,0,0,0,0,0,0,0,0,0,3,0,0,0,0,1,0,0,0,0,0,0,0,0,0,0,0,0,0,0,0,2,0,0,0,0,58,0,0,0,0,0,0,0,3,0,0,0,1,0,0,0,12,5,1,0,0,81,0,0,0,0,0,0,0,0,0,0,0,11,0,0,0,0,0,0,0,0,0,1,0,0,0,491,0,1,0,3,19,0,0,1,60,0,0,0,0,0,0,0,2,0,0,58,0,0,0,0,0,0,0,0
3/18/2020,0,2,6,0,0,0,0,2,0,0,6,4,1,0,1,0,0,0,14,0,0,0,0,0,0,0,0,1,0,0,2,1,0,0,0,0,9,1,0,0,0,3242,0,0,0,1,0,0,1,0,0,0,0,4,0,0,1,2,6,0,0,0,0,0,0,0,0,0,0,244,0,0,0,0,0,12,0,0,5,0,0,0,0,1,0,0,0,1,0,0,0,1,0,3,19,7,1135,12,2,0,0,2978,0,29,0,0,0,0,0,0,0,0,0,4,0,0,0,0,2,0,0,2,0,0,0,0,0,0,0,0,0,0,0,0,2,0,0,0,0,58,0,0,0,0,0,0,0,3,0,0,0,1,0,0,0,14,5,2,0,0,84,0,0,0,0,0,0,0,0,0,0,0,14,0,0,0,0,0,0,0,0,0,1,0,0,0,598,0,1,0,3,21,0,0,1,103,0,0,0,0,2,0,0,2,0,0,100,0,0,0,0,0,0,0,0
3/19/2020,0,2,7,0,0,0,0,2,0,0,6,5,1,0,1,1,0,0,14,0,0,0,0,0,0,0,0,4,0,0,3,1,0,0,0,0,9,1,0,0,0,3253,0,0,0,1,0,0,1,0,0,0,0,6,0,0,2,3,6,0,0,0,0,0,0,0,0,0,0,372,0,0,0,0,0,20,0,0,5,0,0,0,0,1,0,0,0,1,0,0,0,1,0,4,25,7,1284,12,3,0,0,3407,1,33,0,0,0,0,0,0,0,0,0,4,0,0,0,0,4,0,0,2,0,0,0,0,0,0,0,1,0,0,0,0,2,0,0,0,0,76,0,0,0,0,0,0,0,6,0,0,2,1,0,0,0,17,5,3,0,0,94,0,0,0,0,0,0,0,0,0,0,0,14,0,0,0,0,0,0,0,0,0,1,0,0,0,767,0,1,0,3,33,0,0,1,144,0,0,0,0,2,0,0,2,0,0,150,0,0,0,0,0,0,0,0
3/20/2020,0,2,10,0,0,0,0,3,0,0,7,6,1,0,1,1,0,0,37,0,0,0,0,0,0,0,0,4,0,0,3,1,0,0,0,0,9,1,0,0,0,3261,0,0,0,2,0,0,1,0,0,0,0,9,0,0,2,5,7,0,0,0,0,0,0,0,0,0,0,450,0,0,1,0,0,45,0,0,8,0,0,0,0,1,0,0,0,1,0,0,0,4,1,4,32,8,1433,14,3,0,1,4032,1,35,0,0,0,0,0,0,0,0,0,4,0,0,0,1,5,0,0,3,0,0,0,0,0,0,0,1,0,0,0,0,3,0,0,0,0,106,0,0,0,0,0,0,0,7,0,0,2,1,0,0,2,18,5,6,0,0,102,1,0,0,0,0,0,0,0,0,0,0,14,0,0,0,1,0,0,2,0,0,1,0,0,0,1002,0,1,0,16,43,0,0,1,177,0,0,0,1,9,0,0,3,0,0,201,0,0,0,0,0,0,0,0
3/21/2020,0,2,15,0,0,0,0,3,0,0,7,8,1,0,1,2,0,0,67,0,0,0,0,0,0,1,0,11,0,0,3,3,0,0,0,0,13,1,0,0,1,3267,0,0,0,2,0,0,1,1,0,0,1,13,0,0,2,7,8,0,0,0,0,0,0,0,0,0,1,562,0,0,1,0,0,67,0,0,13,0,0,0,0,1,0,0,0,1,0,0,0,4,1,4,38,8,1556,17,3,0,1,4827,1,36,0,0,0,0,0,0,0,0,0,4,0,0,0,1,8,0,0,3,0,0,0,0,0,0,0,1,0,0,0,0,3,0,0,0,0,136,0,0,0,0,0,0,0,7,0,0,3,1,0,1,2,19,5,12,1,0,104,1,0,0,0,0,0,0,0,0,0,0,20,0,0,0,1,0,0,2,0,0,1,0,0,0,1326,0,1,0,20,56,0,0,1,233,0,0,0,1,21,0,0,3,2,0,201,0,0,0,0,0,0,0,0
3/22/2020,0,2,15,0,0,0,0,3,0,0,7,8,1,0,2,2,0,0,67,0,0,0,0,0,0,1,0,11,0,0,3,3,0,0,0,0,13,1,0,0,1,3267,0,0,0,2,0,0,1,1,0,0,1,13,0,0,2,7,10,0,0,0,0,0,0,0,0,0,1,562,0,0,1,0,0,67,0,0,13,0,0,0,0,1,0,0,0,1,0,0,0,4,1,5,48,8,1685,20,3,0,1,4827,1,36,0,0,0,0,0,0,0,0,0,4,0,0,0,1,8,0,0,9,0,0,0,0,0,0,0,1,0,0,0,0,3,0,0,0,0,136,0,0,0,0,0,0,0,7,0,0,3,1,0,1,2,25,5,12,1,0,104,1,0,0,0,0,0,0,0,0,0,0,20,0,0,0,1,0,0,2,0,0,1,0,0,0,1326,0,1,0,20,56,0,0,1,233,0,0,0,3,21,0,0,3,2,0,201,0,0,0,0,0,0,0,0
3/23/2020,1,2,17,0,0,0,0,4,0,0,7,16,1,0,2,2,0,0,75,0,0,0,0,0,0,1,0,11,0,0,3,3,0,0,0,0,19,1,0,0,1,3276,2,0,0,2,0,0,1,1,0,1,2,13,0,0,2,7,14,0,0,0,0,0,0,0,0,0,1,674,0,0,1,0,0,94,0,0,15,0,0,0,1,1,0,0,0,1,0,0,0,7,1,9,49,8,1812,23,4,0,1,5476,1,41,0,0,0,0,1,0,0,0,0,4,0,0,0,1,8,0,0,11,0,0,0,0,0,0,0,2,0,0,0,0,4,0,0,0,0,179,0,0,0,0,0,1,0,7,0,0,5,3,0,1,2,33,7,14,1,0,111,1,0,2,0,0,0,0,0,0,0,0,20,0,0,0,1,0,0,2,0,0,1,0,0,0,1720,0,1,0,21,60,0,0,1,281,0,0,0,3,30,0,0,3,2,0,402,0,0,0,0,0,0,0,0
3/24/2020,1,4,17,1,0,0,0,4,0,0,8,25,1,0,3,4,0,0,88,0,0,0,0,0,0,1,0,46,0,0,3,3,0,0,0,0,25,1,0,0,2,3283,3,0,0,2,0,0,1,1,0,1,2,24,0,0,6,8,19,0,0,0,0,0,0,0,0,0,1,860,0,0,1,0,0,126,2,0,17,0,0,0,1,1,0,0,0,1,0,0,0,8,2,9,49,10,1934,27,6,0,1,6077,1,42,0,0,0,0,1,0,0,0,0,4,0,0,0,1,8,0,0,15,0,0,0,0,0,0,0,4,0,0,0,0,4,0,0,0,0,213,0,0,0,0,0,2,0,8,0,0,6,6,0,2,5,33,8,23,2,0,120,1,0,7,0,0,0,0,0,0,0,0,20,0,1,0,2,0,0,2,0,0,1,0,0,0,2182,0,1,0,25,66,0,0,4,335,0,0,0,3,37,0,0,3,2,0,673,0,0,0,0,0,0,0,1
3/25/2020,1,5,17,1,0,0,0,4,0,0,8,30,1,0,3,4,0,0,122,0,0,0,0,0,0,2,0,46,0,0,3,3,0,0,0,1,25,1,0,0,2,3287,3,0,0,2,0,1,1,1,3,3,2,32,0,0,6,8,21,0,0,0,0,0,0,0,0,0,1,1100,0,0,1,0,0,149,2,0,20,0,0,0,1,1,0,0,0,1,0,0,0,10,2,10,58,10,2077,29,7,0,5,6820,1,43,0,0,0,0,1,0,0,0,0,4,0,0,0,2,8,0,0,16,0,0,0,0,0,2,0,4,0,0,0,0,5,0,0,0,0,276,0,0,0,0,0,2,0,10,0,0,7,6,0,2,5,38,10,33,2,0,126,1,0,11,0,0,0,0,0,0,0,0,21,0,2,0,3,0,0,2,0,0,3,0,0,0,2696,0,1,0,36,86,0,0,4,422,0,0,0,5,44,0,0,4,2,0,673,0,0,0,0,0,0,0,1
3/26/2020,2,5,17,3,0,0,0,8,0,0,11,34,2,0,4,5,0,0,178,0,0,0,0,0,0,3,0,57,0,0,3,3,0,0,0,1,35,1,0,0,4,3293,4,0,0,2,0,1,1,1,3,6,3,34,0,0,10,8,21,0,0,0,1,0,0,0,0,0,3,1331,0,0,1,0,0,198,2,0,22,0,0,0,1,1,0,0,0,1,0,0,1,10,2,13,78,10,2234,36,9,0,5,7505,1,45,0,0,0,0,1,0,0,0,0,6,0,0,0,4,8,0,0,21,0,0,0,1,0,2,0,5,0,0,1,0,6,0,0,0,0,356,0,0,0,0,1,2,0,12,1,0,8,8,0,3,9,45,14,43,2,0,131,1,0,13,2,0,0,0,0,0,0,0,21,0,3,0,4,0,0,2,0,0,4,0,0,0,3434,0,1,0,42,103,0,0,4,463,0,0,1,5,59,0,0,5,2,0,991,0,0,0,0,0,0,0,1
3/27/2020,2,8,21,3,0,0,0,8,1,0,13,52,3,0,4,5,0,0,220,0,0,0,0,0,0,3,0,57,0,0,3,3,0,0,0,1,35,1,0,0,4,3298,4,0,0,2,0,2,1,1,3,9,4,41,0,0,10,8,24,0,0,0,1,0,0,0,0,0,4,1695,0,0,1,0,0,253,3,0,26,0,0,0,1,1,0,0,0,1,0,0,1,10,2,17,87,10,2378,40,19,0,10,8165,1,46,1,0,0,1,1,0,0,0,0,7,0,0,0,4,9,0,0,23,0,0,0,1,0,2,0,5,0,0,1,0,10,0,0,0,0,434,0,0,0,1,1,3,0,14,1,0,9,8,0,3,9,45,16,60,2,0,139,2,0,17,3,0,0,0,0,0,0,0,21,0,3,0,7,0,0,2,0,0,5,0,0,0,4089,0,1,0,66,161,0,0,5,578,0,0,1,6,75,0,0,5,2,0,991,0,0,0,0,0,0,0,1
3/28/2020,3,9,25,3,0,0,0,12,1,0,14,68,3,0,4,5,0,0,289,0,0,0,0,0,0,4,0,77,0,1,3,3,0,1,0,1,39,1,0,0,5,3301,6,0,0,2,0,3,2,1,5,9,5,52,0,0,20,8,30,0,0,0,1,0,0,0,0,0,7,1992,0,0,1,1,0,325,4,0,28,0,0,2,1,1,0,0,0,1,0,0,1,11,2,17,87,10,2517,42,22,0,12,9136,1,49,1,1,1,1,1,0,0,0,0,8,0,0,0,5,15,0,0,26,0,0,0,1,0,2,0,8,0,0,1,0,23,0,0,0,0,546,0,0,1,1,1,3,0,16,1,0,11,9,0,3,9,68,16,76,2,0,144,2,0,24,4,0,0,0,0,0,0,0,21,0,4,0,7,0,0,2,0,0,9,0,1,0,4858,0,1,0,92,197,0,0,5,759,0,0,2,6,92,0,0,8,2,0,1243,0,0,1,0,0,0,0,1
3/29/2020,4,10,26,4,0,0,0,17,3,0,16,68,4,0,4,5,0,0,353,0,0,0,0,0,0,6,0,92,0,1,7,3,0,1,0,2,55,1,0,0,6,3306,6,0,0,2,0,5,3,1,5,11,6,65,0,0,20,8,36,0,0,0,1,0,0,0,0,0,9,2311,0,0,1,1,0,389,4,0,32,0,0,2,1,1,0,0,0,1,0,0,1,13,2,25,114,10,2640,42,36,0,15,10023,1,52,1,1,1,1,1,0,0,0,0,10,0,0,0,7,18,0,0,27,0,0,0,1,0,2,0,12,0,0,1,0,26,0,0,0,0,639,0,1,1,1,1,4,0,20,1,0,13,14,0,3,11,68,18,100,2,0,152,2,0,29,8,0,0,0,0,0,0,0,22,0,8,0,10,0,0,2,0,0,9,0,1,0,5690,1,1,0,102,235,1,0,7,1019,0,1,2,8,108,0,0,9,2,0,1668,0,0,2,2,0,0,0,1
3/30/2020,4,10,29,6,0,0,0,19,3,0,18,86,4,0,4,5,0,0,431,0,0,0,0,0,0,6,0,114,0,1,8,12,0,1,0,2,61,1,0,0,6,3310,6,0,0,2,0,6,3,1,6,16,8,72,0,0,20,8,40,0,0,0,3,0,0,0,0,0,11,2602,0,0,1,1,0,455,4,0,38,0,0,2,1,1,0,0,0,1,0,0,2,15,2,29,122,10,2757,42,46,0,15,10781,1,54,2,4,1,1,1,0,0,0,0,11,0,0,0,7,21,0,0,34,0,0,0,2,0,2,0,16,0,0,1,0,29,0,0,0,0,771,0,1,1,3,1,6,0,22,1,0,18,17,0,3,11,78,22,119,2,1,158,2,0,40,9,0,0,0,0,0,0,0,24,0,8,0,13,0,0,3,0,0,11,0,1,0,6528,1,2,0,110,257,1,0,9,1228,0,1,3,8,131,0,0,11,5,0,2112,0,0,2,2,0,0,0,1
3/31/2020,4,11,31,8,1,0,0,20,3,0,19,108,4,0,4,5,0,0,513,0,0,0,0,5,0,9,0,136,0,1,8,12,0,1,0,6,66,1,0,0,8,3314,10,0,0,2,0,6,4,1,7,24,8,77,0,0,42,8,41,0,0,0,3,0,0,0,0,0,13,3017,0,0,1,1,0,583,4,0,43,0,0,4,1,1,0,0,0,1,0,0,2,15,2,32,136,11,2898,46,54,0,17,11591,1,56,2,5,1,1,1,0,0,0,0,12,0,0,0,7,22,0,0,37,0,0,0,2,0,2,0,20,0,0,1,0,33,0,0,0,0,864,0,1,1,3,1,7,0,26,1,0,25,24,0,3,11,78,31,140,6,1,162,2,0,44,9,0,0,0,0,1,0,0,25,0,10,0,13,0,0,3,0,0,11,0,3,0,7340,2,2,0,146,295,2,0,10,1408,0,1,3,9,168,0,0,13,6,0,2398,0,0,2,3,0,0,0,1
4/1/2020,4,13,35,12,2,0,0,24,3,0,20,128,5,0,4,6,0,0,705,0,0,0,0,6,0,12,0,159,0,1,8,14,0,1,0,6,89,1,0,0,12,3321,14,0,2,2,0,6,6,1,8,31,9,90,0,0,51,8,46,0,0,0,4,0,0,0,0,0,17,3514,0,0,1,1,0,732,4,0,49,0,0,5,2,1,1,0,0,2,0,0,2,16,2,38,157,11,3036,50,71,0,21,12430,1,57,2,5,2,1,1,0,0,0,0,12,0,0,0,7,23,0,0,43,0,0,0,2,0,5,0,28,0,0,2,0,37,0,1,0,0,1039,0,1,1,3,2,9,0,28,1,1,26,24,0,3,24,96,33,160,8,2,165,3,0,69,17,0,0,0,0,2,0,0,26,0,16,0,13,0,0,3,0,0,13,0,5,0,8189,2,2,0,180,373,2,0,12,1789,0,1,3,10,214,0,0,17,6,1,2850,0,1,2,3,0,0,0,1
4/2/2020,4,15,58,13,2,0,0,27,3,0,21,146,5,0,4,6,0,2,828,0,0,0,0,7,0,13,1,201,0,1,10,14,0,1,0,6,105,1,0,0,16,3327,16,0,2,2,1,6,6,1,9,39,11,104,0,0,57,79,52,1,0,0,5,0,0,0,0,0,17,4019,0,0,1,1,0,872,4,0,50,0,0,6,3,1,1,0,0,2,0,0,10,20,2,50,170,11,3160,54,85,0,21,13157,1,57,2,5,3,1,1,0,0,0,0,16,0,0,0,8,29,0,0,45,0,0,0,3,0,5,2,29,0,0,2,0,40,0,1,0,0,1173,0,1,1,5,2,11,0,32,1,1,31,30,0,3,24,96,43,187,11,2,169,5,0,85,24,0,0,0,0,2,0,0,28,0,21,1,13,0,0,3,0,0,15,0,5,0,9053,3,2,0,239,378,2,0,15,2532,0,2,5,13,277,0,0,20,8,1,3846,0,2,2,3,0,0,0,1
4/3/2020,5,16,83,15,2,0,0,31,4,0,26,158,5,1,4,6,0,4,1011,0,0,0,0,8,0,16,1,241,0,1,10,15,0,1,0,7,127,1,0,0,18,3331,17,0,2,2,1,7,6,1,9,44,13,123,0,0,60,120,58,2,0,0,11,0,0,0,0,0,19,4490,0,0,1,1,0,1017,4,0,53,0,0,6,3,1,1,0,0,4,0,0,14,21,4,56,181,11,3294,54,98,1,29,13917,3,65,2,5,3,3,1,0,1,0,0,17,0,1,0,9,30,0,0,50,0,3,0,3,0,7,2,37,0,0,2,0,47,0,1,0,0,1339,0,1,1,5,2,11,1,42,1,1,35,32,0,3,41,107,57,209,12,3,174,8,0,94,30,0,0,0,0,2,0,0,30,0,25,1,13,0,0,4,1,0,16,0,5,0,10003,4,2,0,282,462,2,0,19,2921,0,2,5,18,356,0,0,23,8,1,4793,0,4,2,3,0,0,1,1
4/4/2020,5,17,105,16,2,0,0,37,7,0,28,168,5,3,4,8,0,4,1143,0,0,0,0,9,0,18,1,299,0,1,14,15,0,1,0,8,152,1,0,0,22,3335,19,0,3,2,1,8,6,1,11,53,16,139,0,0,68,120,66,2,0,0,12,0,0,0,0,0,20,6493,0,0,1,1,0,1158,4,0,59,0,0,7,3,1,2,0,0,4,0,0,15,32,4,68,191,11,3452,56,120,1,36,14681,3,69,2,5,3,4,1,1,1,0,1,17,0,1,0,9,31,0,0,53,0,3,0,3,0,7,2,50,0,0,2,0,50,0,1,0,0,1487,0,1,1,5,4,12,1,44,1,1,35,37,0,3,51,136,71,246,15,3,177,9,0,133,34,0,0,0,0,2,0,0,32,0,29,2,39,0,0,5,2,0,20,0,7,0,10935,5,2,0,333,533,2,0,20,3605,0,2,6,18,425,0,0,28,10,1,5854,0,4,2,3,0,0,1,1
4/5/2020,7,18,130,17,2,0,0,42,7,0,34,186,5,3,4,8,0,4,1283,0,0,0,0,10,0,21,1,359,0,1,17,15,0,1,0,9,214,1,0,0,27,3338,25,0,5,2,2,12,6,1,11,59,16,161,0,0,68,172,71,3,0,0,13,0,0,0,0,0,25,7546,0,0,1,1,1,1342,4,0,68,0,0,7,4,1,2,0,0,4,0,0,15,34,4,77,198,11,3603,61,137,1,42,15362,3,70,3,5,5,4,1,1,1,0,1,18,1,1,1,9,31,0,0,57,0,4,0,3,0,7,2,60,0,0,2,0,66,0,1,0,0,1651,0,1,1,8,4,17,1,50,1,2,45,41,0,3,61,144,79,266,18,3,183,12,0,141,43,0,0,0,0,2,0,0,32,0,34,2,39,0,0,5,2,0,22,0,9,0,11744,5,2,0,373,592,2,0,23,4313,0,3,6,19,501,0,0,32,10,1,7020,0,4,2,3,0,0,1,1
4/6/2020,7,21,130,17,2,0,0,44,7,0,39,204,5,4,4,12,0,8,1447,0,0,0,0,10,0,21,1,432,0,1,20,17,0,1,0,9,231,1,0,0,34,3340,32,0,5,2,2,15,8,1,14,67,18,179,0,0,68,172,78,3,0,0,15,0,1,0,0,0,28,8064,0,0,1,1,2,1434,5,0,73,0,0,7,4,2,3,0,0,4,0,0,22,38,4,109,209,11,3739,64,158,1,46,15889,3,73,3,5,5,4,1,1,4,0,1,19,3,1,1,13,36,0,0,61,0,4,0,3,0,7,2,79,0,0,2,0,71,0,1,0,0,1766,0,1,1,10,5,18,1,58,1,2,50,46,0,3,73,152,94,295,18,4,186,15,0,148,45,0,0,0,0,2,0,0,32,0,38,2,51,0,0,6,2,0,28,0,11,0,12418,5,2,0,401,641,2,0,26,4934,0,3,6,22,574,1,0,38,11,1,8358,0,5,2,3,0,0,1,1
4/7/2020,11,22,173,21,2,0,0,46,8,0,42,220,7,5,4,17,1,13,1632,1,1,0,0,11,0,28,1,486,0,1,22,17,0,1,0,9,293,1,0,0,37,3340,35,0,5,2,3,16,9,1,14,78,18,187,0,0,86,191,85,3,0,0,19,0,1,0,0,0,28,8896,0,0,1,1,2,1607,5,0,79,0,0,7,4,3,3,0,0,4,1,0,22,47,6,114,221,11,3872,64,174,1,52,16525,3,80,3,6,6,4,3,1,4,0,1,19,3,1,1,14,41,0,0,62,0,4,0,4,0,7,2,94,0,0,2,0,83,0,1,0,0,1867,0,1,1,10,5,21,1,59,1,2,54,54,0,5,83,163,107,311,21,4,192,19,0,157,47,0,0,0,0,2,0,0,32,0,41,2,58,0,0,6,6,2,30,0,12,0,13055,6,2,1,477,641,2,0,27,5373,0,3,8,22,649,1,0,45,11,1,9559,1,6,2,3,0,0,1,1
4/8/2020,14,22,194,22,2,0,0,53,8,0,45,243,8,5,5,20,2,13,2035,1,1,2,0,14,0,32,1,553,0,1,23,18,0,1,0,9,345,1,0,0,43,3342,46,0,5,2,3,18,11,1,14,88,20,203,0,0,98,191,94,4,0,0,21,0,2,0,0,0,34,10313,0,0,1,1,3,1861,5,0,81,0,0,7,4,3,4,0,0,5,1,0,22,58,6,149,240,11,3993,65,210,1,71,17129,3,81,3,6,6,6,5,1,4,0,2,19,3,1,1,15,44,0,1,63,0,5,0,4,0,7,2,125,0,0,2,0,91,0,3,0,0,2101,0,1,1,11,6,27,2,69,1,2,58,55,0,5,92,182,129,345,23,6,200,22,0,182,58,0,0,0,0,2,0,0,34,0,41,2,61,0,0,6,8,2,36,0,13,0,13798,6,2,1,591,641,2,0,30,6159,0,3,8,23,725,1,0,52,12,1,10845,1,6,3,7,0,0,1,2
4/9/2020,15,22,205,24,2,0,2,60,10,0,50,273,8,6,5,21,3,13,2240,1,1,2,0,15,0,35,1,667,0,1,24,19,0,1,0,10,401,1,0,0,48,3344,50,0,5,2,3,19,12,1,14,99,20,218,1,0,98,242,103,5,0,0,24,0,2,0,0,0,40,10853,0,0,1,1,3,2107,6,0,83,0,0,8,4,3,4,0,0,5,1,0,22,66,6,169,280,11,4110,69,235,1,71,17669,3,85,3,6,7,6,6,1,4,0,2,19,4,1,1,15,46,0,1,65,0,6,1,4,0,7,2,141,0,0,2,0,96,0,3,0,0,2248,0,1,1,11,6,30,2,80,1,2,63,59,0,5,107,203,159,380,24,6,204,28,0,209,76,0,0,0,0,2,0,0,34,0,44,2,65,0,0,6,8,2,40,1,18,0,14555,7,2,1,687,705,2,0,32,7097,0,3,8,24,812,1,0,57,12,1,12740,1,7,3,7,0,0,1,3
4/10/2020,15,23,235,26,2,0,2,67,11,0,52,295,9,7,6,27,3,13,2523,1,1,3,0,18,0,36,1,800,0,1,24,19,0,1,0,10,461,1,0,0,57,3345,55,0,5,3,3,20,15,1,15,112,20,237,1,0,118,272,118,5,0,0,24,0,2,0,0,0,42,12192,0,0,1,1,3,2373,6,0,86,0,0,8,4,3,5,0,0,6,2,0,23,77,6,199,306,11,4232,70,263,1,79,18281,4,88,3,7,9,7,7,1,5,0,2,20,4,1,1,15,52,0,1,67,0,7,2,6,0,7,2,174,0,0,2,0,105,0,3,0,0,2396,0,1,1,11,7,30,2,88,2,3,66,63,0,5,121,203,174,409,33,6,208,29,0,229,94,0,0,0,0,2,0,0,34,0,47,2,65,0,0,7,8,2,43,1,18,0,15238,7,2,1,793,756,2,0,33,7978,0,3,8,25,908,1,0,69,14,1,14665,1,7,3,7,0,0,1,3
4/11/2020,15,23,256,26,2,0,2,79,11,0,56,319,10,8,6,30,4,19,3019,1,1,4,0,19,0,37,1,941,0,1,25,19,0,1,0,10,531,1,0,0,65,3349,69,0,5,3,3,21,15,1,15,119,20,247,2,0,118,297,135,6,0,0,24,0,2,0,0,0,48,13179,0,0,1,1,3,2544,6,0,90,0,0,8,4,3,5,0,0,6,2,0,23,85,7,239,327,11,4357,72,287,1,92,18851,4,94,4,7,10,7,7,1,5,0,2,20,5,1,1,17,54,0,1,70,0,7,2,6,0,9,2,194,0,0,2,0,110,0,3,0,0,2511,0,4,1,11,7,32,2,92,2,3,77,66,0,6,138,247,181,435,39,6,211,29,0,257,106,0,0,0,0,2,0,0,34,0,52,2,71,0,0,7,9,2,45,1,24,0,15843,7,2,1,870,805,2,0,35,8958,0,3,8,25,1006,1,0,73,20,3,16596,1,7,3,9,0,0,2,3
4/12/2020,18,23,275,28,2,0,2,82,13,0,59,337,11,8,6,34,4,23,3346,2,1,4,0,20,0,37,1,1056,0,1,28,19,0,1,0,10,600,1,0,0,73,3349,80,0,5,3,4,21,16,1,15,129,20,260,2,0,126,315,146,6,0,0,24,0,3,0,0,0,49,13814,0,0,1,1,3,2673,8,0,93,0,0,8,5,3,6,0,0,6,2,0,24,99,8,273,373,11,4474,76,320,1,96,19470,4,98,4,7,10,7,7,1,5,0,3,20,5,1,1,23,62,0,2,73,0,7,3,6,0,9,2,233,0,0,2,0,113,0,3,0,0,2643,0,4,1,11,10,34,2,98,2,4,88,74,0,6,169,297,208,470,42,7,214,30,0,282,130,0,0,0,0,2,0,0,35,0,59,2,74,0,0,8,9,2,50,1,25,0,16353,7,2,1,887,831,2,0,38,9875,0,3,8,28,1101,1,0,83,20,3,18516,1,7,3,9,0,0,2,3
4/13/2020,21,23,293,29,2,0,2,82,14,0,61,350,11,8,6,39,4,26,3600,2,1,4,0,24,0,38,1,1124,0,1,29,19,0,1,0,10,674,1,0,0,80,3351,100,0,5,3,4,23,18,1,16,138,20,273,2,0,173,333,159,6,0,0,25,0,3,0,0,0,56,14374,0,0,1,1,3,2799,8,0,98,0,0,8,5,3,6,0,0,6,2,0,25,109,8,308,399,12,4585,78,334,1,103,19901,4,102,4,7,12,8,7,2,5,0,5,20,5,1,1,24,66,0,2,76,0,7,3,6,0,9,3,273,0,0,2,0,120,0,4,0,0,2737,0,5,1,12,10,34,2,103,2,4,93,79,0,6,181,315,232,504,44,7,217,33,0,306,148,0,0,0,0,2,0,0,35,0,65,2,80,0,0,8,9,2,53,2,25,0,16972,7,2,1,899,858,2,0,40,10612,0,3,8,31,1198,1,0,93,25,3,20444,1,7,4,9,0,0,2,3
4/14/2020,23,23,313,29,2,0,2,95,14,0,61,368,12,8,7,46,4,29,3903,2,1,4,0,27,0,38,1,1223,0,1,32,27,0,1,0,10,734,1,0,0,82,3351,109,0,5,3,6,25,21,1,17,143,20,285,2,0,177,355,164,6,0,0,28,0,3,0,0,0,59,14946,0,0,1,1,3,2969,8,0,99,0,0,8,5,5,6,0,0,6,3,0,25,122,8,339,459,12,4683,78,365,2,110,20465,4,109,4,7,12,9,8,3,5,0,5,21,6,1,1,24,69,0,2,77,0,9,3,8,0,9,3,296,0,0,4,0,126,0,4,0,0,2823,0,9,1,13,10,38,2,114,2,4,96,87,0,6,193,335,245,535,45,7,222,36,0,318,170,0,0,0,0,2,0,0,36,0,73,2,85,0,0,9,9,2,55,2,27,0,17489,7,4,1,919,885,2,0,41,11329,0,3,8,34,1296,1,0,98,25,3,21972,1,7,4,9,0,0,2,3
4/15/2020,25,24,326,31,2,0,2,101,16,0,61,384,13,8,7,50,4,33,4157,2,1,5,0,28,0,40,1,1328,0,1,35,28,0,1,0,15,823,1,0,0,92,3352,112,0,5,3,6,31,21,1,17,161,21,299,2,0,183,369,178,6,0,0,31,0,3,0,0,0,64,15708,0,0,1,1,3,3254,8,0,101,0,0,8,5,5,6,0,0,6,3,0,26,134,8,377,469,12,4777,79,406,2,117,21069,4,119,4,7,12,9,8,3,5,0,5,21,6,1,1,24,69,0,2,82,0,10,3,8,0,9,3,332,0,0,4,0,127,0,4,0,0,2945,0,9,1,14,10,44,2,127,2,4,107,94,0,7,193,335,263,567,45,7,225,41,0,344,198,0,0,0,0,2,0,0,36,0,79,2,94,0,0,10,9,2,56,2,27,0,18056,7,5,1,1033,900,2,0,43,12107,0,3,8,34,1403,1,0,108,28,3,23476,1,8,4,9,0,0,2,3
4/16/2020,29,25,336,33,2,0,2,108,18,1,63,393,13,8,7,60,5,36,4440,2,1,5,0,28,0,41,1,1532,0,1,36,28,0,1,0,17,954,1,0,0,94,3352,127,0,5,3,6,34,24,1,17,166,22,309,2,0,189,388,183,6,0,0,35,0,3,0,0,0,72,17146,0,0,1,1,3,3569,8,0,102,0,0,8,5,5,7,1,0,6,3,0,31,142,8,414,496,12,4869,80,444,2,126,21647,5,136,6,7,16,10,9,3,5,0,5,21,6,1,1,29,69,0,2,83,0,13,3,8,0,9,3,406,0,0,4,0,128,0,4,0,0,3134,0,9,1,14,11,45,2,130,2,4,128,95,0,8,230,362,286,599,48,7,229,46,0,372,232,0,0,0,0,2,0,0,36,0,83,2,99,0,0,10,9,6,61,5,34,0,18579,7,5,1,1203,973,2,0,46,12868,0,3,8,35,1518,1,0,115,33,4,25871,1,8,4,9,0,0,2,3
4/17/2020,30,26,348,34,2,0,2,115,18,2,63,410,15,8,7,75,5,40,4857,2,1,5,0,29,0,42,1,1736,0,1,38,32,0,1,0,17,1048,1,0,0,105,4642,131,0,5,4,6,35,27,1,17,169,23,321,2,0,196,403,196,6,0,0,36,1,3,0,0,0,75,17899,0,0,1,1,3,3868,8,0,105,0,0,8,5,5,8,1,0,6,3,0,35,156,8,437,520,13,4958,80,486,4,140,22172,5,148,7,7,16,11,11,5,5,0,5,21,6,1,1,32,69,0,2,84,0,13,3,8,0,9,3,449,1,0,4,0,133,0,4,0,0,3315,0,11,1,15,11,46,2,136,2,5,135,103,0,8,254,362,314,629,48,7,230,54,0,387,273,0,0,0,0,2,0,0,38,0,87,2,103,0,0,10,9,8,61,5,48,0,19130,7,5,1,1333,1016,2,0,47,13729,0,5,8,37,1643,1,0,125,35,4,28221,1,9,4,9,0,0,2,3
4/18/2020,30,26,364,35,2,0,2,122,19,2,67,431,15,9,7,84,5,43,5163,2,1,5,0,31,0,44,1,1924,0,1,41,32,0,1,0,21,1250,1,0,0,116,4642,144,0,6,4,6,36,31,1,17,173,23,336,2,0,200,421,205,7,0,0,38,1,3,0,0,0,82,18659,0,0,1,1,3,4110,8,0,105,0,0,8,5,7,9,1,0,6,3,0,41,172,8,480,535,13,5031,81,530,4,148,22747,5,154,10,7,17,11,12,6,5,0,5,21,7,1,1,33,72,0,2,86,0,13,3,8,0,9,4,486,1,0,5,0,137,0,5,0,0,3459,0,11,1,18,11,49,2,136,2,6,143,109,0,8,300,387,332,657,48,8,232,56,0,400,313,0,0,0,0,2,0,0,38,0,92,3,110,0,0,11,9,9,66,5,50,0,19478,7,10,1,1400,1058,2,0,47,14576,0,5,8,37,1769,1,0,133,37,5,30384,2,9,4,9,0,0,2,3
4/19/2020,33,26,367,35,2,0,2,129,20,2,70,443,18,9,7,91,5,45,5453,2,1,5,0,31,0,46,1,2141,0,1,41,32,0,1,0,21,1346,1,0,0,126,4642,153,0,6,4,6,39,32,1,17,181,25,346,2,0,217,456,224,7,0,0,38,1,3,0,0,0,90,19294,0,0,1,1,4,4294,9,0,105,0,0,10,5,7,9,3,0,6,3,0,46,189,9,507,582,13,5118,82,571,4,158,23227,5,161,11,7,17,12,12,7,5,0,5,21,7,1,1,33,72,0,2,88,0,13,3,12,0,9,4,546,1,0,5,0,138,0,5,0,0,3601,0,11,1,19,11,49,2,148,2,6,159,115,0,8,300,397,347,687,48,8,234,60,0,417,361,0,0,0,0,2,0,0,39,0,97,3,117,0,0,11,9,11,70,7,52,0,20043,7,10,1,1511,1110,2,0,47,15464,0,5,8,37,1890,1,0,141,41,5,32427,3,9,5,9,0,0,2,3
4/20/2020,33,26,375,36,2,0,3,132,20,2,70,452,19,9,7,101,5,47,5683,2,1,5,0,32,0,46,1,2347,1,1,43,36,1,1,0,21,1506,1,0,0,133,4642,166,0,6,4,9,47,34,1,17,188,25,355,2,0,226,474,239,7,0,0,40,1,3,0,0,0,94,19689,0,0,1,1,4,4404,9,0,110,0,0,10,5,7,9,3,0,7,3,0,46,199,9,543,590,13,5209,82,610,4,171,23660,5,171,12,7,17,14,12,9,7,0,5,21,8,1,1,36,73,0,2,89,0,14,3,12,0,9,4,650,1,0,5,0,143,0,5,0,0,3684,0,12,1,20,19,51,2,154,2,7,176,120,0,8,348,409,360,714,48,9,236,67,0,434,361,0,0,0,0,2,0,0,39,0,103,3,122,0,0,11,9,12,74,7,54,0,20453,7,12,1,1540,1134,3,0,47,16060,0,5,8,38,2017,1,0,151,43,7,34203,3,9,5,9,0,0,3,3
4/21/2020,36,26,384,36,2,0,3,136,22,2,71,462,19,9,7,110,5,51,5828,2,1,5,0,33,0,49,1,2462,1,1,43,36,1,1,0,42,1611,1,0,0,139,4642,179,0,6,5,10,47,36,1,17,196,25,364,2,0,235,507,250,7,0,0,40,1,3,0,0,0,98,20233,1,0,1,1,4,4598,9,0,116,0,0,10,5,7,9,5,0,7,3,0,46,213,10,590,616,13,5297,83,687,4,181,24114,5,186,12,7,19,14,12,11,7,0,5,21,8,1,1,37,75,0,2,89,0,14,3,14,0,9,4,686,1,0,5,0,144,0,5,0,0,3751,0,13,2,20,19,54,2,154,2,8,197,126,0,8,400,428,380,735,48,9,237,70,0,451,456,0,0,0,0,2,0,0,39,0,109,5,125,0,0,11,10,13,74,8,58,0,20852,7,12,1,1580,1141,3,0,48,16509,0,5,8,38,2140,1,0,161,46,10,35884,3,10,5,9,0,0,3,3
4/22/2020,40,26,392,37,2,0,3,145,24,2,74,463,20,9,7,120,5,55,5998,2,1,5,0,34,0,50,1,2575,1,1,45,38,1,1,0,43,1728,1,0,0,147,4642,189,0,6,6,13,48,38,1,17,201,25,370,2,0,245,520,264,7,0,0,43,1,3,0,0,0,141,20763,1,0,1,1,5,4879,9,0,121,0,0,10,5,8,10,6,0,7,3,0,46,225,10,640,635,13,5391,83,730,10,184,24648,6,277,14,7,19,14,18,13,7,0,9,22,8,1,1,38,78,0,2,92,0,14,3,14,0,9,4,712,1,0,5,0,149,0,5,0,0,3916,0,14,2,20,19,55,2,163,2,8,209,136,0,8,445,437,401,762,48,10,238,73,0,483,513,0,0,0,0,2,0,0,40,0,114,5,130,0,0,11,10,14,77,14,58,0,21282,7,13,1,1765,1186,3,0,49,17337,0,6,8,38,2259,1,0,174,52,10,37602,3,10,6,10,0,0,3,3
4/23/2020,40,27,402,37,2,0,3,152,24,2,75,494,20,9,8,127,5,60,6262,2,1,5,0,37,0,52,1,2741,1,1,49,38,1,1,0,43,1871,1,0,0,160,4642,196,0,6,6,14,48,40,1,17,210,25,384,2,0,260,537,276,7,1,0,44,1,3,0,0,0,149,21307,1,0,1,1,5,5094,9,0,121,0,0,10,5,8,10,6,0,7,4,0,46,225,10,681,647,13,5481,83,769,10,189,25085,6,287,14,7,19,14,18,14,8,0,11,22,8,1,1,38,80,0,3,93,0,17,3,14,0,9,4,857,1,0,5,0,151,0,5,0,0,4054,0,16,2,22,19,56,2,169,2,8,228,141,0,9,484,446,426,785,48,10,240,76,0,508,555,0,0,0,0,2,0,0,40,0,121,6,134,0,1,12,11,14,79,16,65,0,21717,7,13,1,1937,1216,3,0,50,18100,0,6,8,38,2376,1,0,187,56,10,40073,3,12,7,10,0,0,3,4
4/24/2020,40,27,407,38,2,0,3,159,24,2,76,508,20,9,8,131,6,60,6490,2,1,5,0,40,0,53,1,2906,1,1,52,38,1,1,0,49,2028,1,0,0,168,4642,206,0,6,6,14,50,43,1,17,213,25,394,2,0,265,560,294,8,1,0,45,1,3,0,0,0,172,21823,1,0,2,1,5,5321,9,0,125,0,0,10,5,10,10,6,0,7,4,0,47,250,10,718,689,13,5574,83,794,16,192,25549,6,317,18,7,19,14,19,15,8,0,11,22,8,2,1,40,83,0,3,95,0,21,3,14,0,9,4,970,1,0,5,0,155,0,5,0,0,4177,0,17,2,24,31,56,2,180,2,9,237,144,0,9,530,462,454,820,48,10,240,80,0,527,615,0,0,0,0,2,0,0,40,0,127,6,139,0,1,12,12,15,79,16,75,0,22157,7,16,1,2021,1267,3,0,50,18738,0,6,8,38,2491,1,0,193,64,10,42311,3,12,7,10,0,0,3,4
4/25/2020,47,27,415,40,2,0,3,167,27,2,79,513,21,11,8,140,6,63,6679,2,1,5,0,43,0,54,1,3313,1,1,54,41,1,1,0,49,2197,1,0,0,174,4642,215,0,6,6,14,51,49,1,17,215,28,403,2,0,267,576,294,8,1,0,46,1,3,0,0,0,177,22212,1,0,3,1,5,5500,10,0,130,0,0,10,5,11,10,6,0,7,5,0,47,262,10,775,720,13,5650,86,829,17,194,25969,7,334,19,7,25,14,19,19,8,0,12,24,8,2,1,40,85,0,3,96,0,21,3,14,0,9,4,1069,1,0,5,0,159,0,5,0,0,4289,0,18,3,24,32,57,2,191,2,10,256,146,0,9,572,477,494,854,51,10,240,87,0,552,615,0,0,0,0,2,0,0,40,0,136,7,144,0,3,12,12,17,80,18,79,0,22524,7,17,1,2152,1308,3,0,51,19506,0,6,8,38,2600,1,0,201,64,10,44053,3,12,8,10,0,0,3,4
4/26/2020,49,27,419,40,2,0,3,179,28,2,81,536,21,11,8,145,6,67,6917,2,1,5,0,44,0,56,1,3670,1,1,55,41,1,1,0,53,2350,1,0,0,181,4642,225,0,8,6,14,54,51,1,17,218,28,418,2,0,273,576,307,8,1,0,46,1,3,0,0,0,186,22580,1,0,3,1,5,5640,10,0,130,0,0,10,5,13,11,7,0,7,6,0,55,272,10,824,743,13,5710,86,1063,18,199,26384,7,348,19,7,25,14,20,20,8,0,12,24,11,2,1,41,85,0,3,98,0,21,4,14,0,9,4,1221,1,0,6,1,160,0,5,0,0,4409,0,18,3,27,35,59,2,193,2,10,277,154,0,9,634,494,524,880,53,10,242,94,0,575,681,0,0,0,0,3,0,0,40,0,139,7,151,0,3,12,12,17,81,23,86,0,22524,7,21,1,2192,1336,3,0,51,20319,0,6,8,38,2706,1,0,209,76,10,46204,3,12,8,10,0,0,3,4
4/27/2020,57,28,425,40,2,0,3,179,29,2,83,542,21,11,8,152,6,72,7094,2,1,5,0,46,0,58,1,4016,1,1,56,42,1,1,0,56,2489,1,0,0,189,4643,233,0,8,6,14,55,54,1,17,221,28,422,2,0,278,576,337,8,1,0,49,1,3,0,0,0,190,22821,1,0,3,1,6,5750,11,0,130,0,0,10,5,15,12,7,1,8,6,0,59,280,10,872,765,13,5806,87,1087,18,199,26644,7,351,19,7,25,14,21,22,8,0,12,24,12,2,1,41,88,0,3,98,0,23,4,14,0,9,4,1305,1,0,7,1,161,0,5,0,0,4475,0,19,3,29,40,61,2,193,2,10,292,159,0,9,700,501,535,903,53,10,243,96,0,608,794,0,0,0,0,3,0,0,41,0,144,9,156,0,4,12,13,18,82,26,87,0,23190,7,22,1,2194,1336,3,0,52,20732,0,6,8,38,2805,1,0,220,76,10,47980,3,14,8,10,0,0,3,4
4/28/2020,60,28,432,40,2,0,3,192,30,2,84,549,22,11,8,155,6,79,7207,2,1,6,0,50,0,60,1,4205,1,1,58,42,1,1,0,56,2617,1,0,0,198,4643,244,0,8,6,14,59,56,1,20,223,30,427,2,0,282,663,359,8,1,0,50,1,3,0,0,0,193,23261,1,0,3,1,6,5913,11,0,136,0,0,10,5,15,13,7,1,8,6,0,61,291,10,934,773,13,5877,88,1102,18,202,26977,7,376,19,8,25,14,22,23,8,0,13,24,16,2,1,41,88,0,3,99,0,23,4,14,0,9,4,1351,1,0,7,1,163,0,5,0,0,4518,0,19,3,29,40,65,2,193,2,10,301,165,0,9,728,511,562,928,53,10,244,103,0,631,867,0,0,0,0,3,0,0,41,0,152,9,162,0,4,14,13,18,83,28,90,0,23190,7,25,1,2274,1352,3,0,54,21092,0,6,8,39,2900,1,0,239,89,10,49170,4,15,8,10,0,0,3,4
4/29/2020,60,30,437,41,2,0,3,197,30,2,88,569,22,11,8,163,6,79,7331,2,1,6,0,53,0,62,1,4543,1,1,58,42,1,1,0,58,2766,1,0,2,207,4643,253,0,8,6,14,63,58,1,20,227,30,434,2,0,286,871,380,8,1,0,50,1,3,0,0,0,199,23627,1,0,3,1,6,6115,16,0,136,0,0,11,5,15,13,7,1,8,6,0,64,300,10,1007,784,13,5957,90,1159,20,212,27359,7,389,19,8,25,14,22,24,8,0,13,24,16,2,1,44,89,0,3,100,0,24,4,14,0,10,4,1434,1,0,7,1,167,0,5,0,0,4566,0,19,3,31,40,71,2,195,2,10,335,167,0,9,782,530,596,948,54,10,246,109,0,650,972,0,0,0,0,3,0,0,41,0,157,9,168,0,4,14,13,20,86,28,93,0,23822,7,28,1,2355,1379,3,0,54,21678,0,6,8,40,2992,1,0,250,89,10,50492,4,15,8,10,0,0,3,4
4/30/2020,64,31,444,41,2,0,3,207,32,2,90,580,23,11,8,168,6,84,7501,2,2,6,0,55,0,64,1,5017,1,1,64,42,1,1,0,59,2904,1,0,2,216,4643,269,0,9,6,14,67,58,1,20,227,31,443,2,0,293,883,392,9,1,0,50,1,3,0,0,0,206,24054,1,0,3,1,6,6288,16,0,139,0,0,11,5,16,13,7,1,8,6,0,66,312,10,1074,792,13,6028,92,1190,21,212,27682,7,415,20,8,25,15,22,26,8,0,15,24,16,2,1,45,89,0,3,100,0,25,4,14,0,10,4,1569,1,0,7,1,168,0,6,0,0,4711,0,19,3,32,44,73,2,202,2,11,358,176,0,9,854,558,624,973,54,10,247,116,0,675,1073,0,0,0,0,3,0,0,41,0,162,9,173,0,5,14,13,22,89,28,103,0,24275,7,28,1,2462,1407,3,0,54,26097,0,7,8,40,3081,1,0,261,105,16,52428,4,15,9,10,0,0,3,4
5/1/2020,64,31,450,42,2,0,3,215,33,2,92,584,24,11,8,170,7,89,7594,2,2,6,0,59,0,69,1,5466,1,1,66,43,1,1,0,61,3082,1,0,3,227,4643,278,0,9,6,14,69,61,1,20,236,31,452,2,0,301,900,406,9,2,0,52,1,3,0,0,0,211,24342,1,0,3,1,6,6288,17,0,140,0,0,12,5,16,13,7,1,8,7,0,71,323,10,1147,800,13,6091,93,1232,22,223,27967,7,432,20,8,25,17,22,30,8,0,15,24,16,3,1,45,90,0,3,102,1,26,4,14,0,10,4,1732,1,0,7,1,171,0,6,0,0,4795,0,19,4,32,58,77,2,204,2,11,406,178,0,9,943,568,644,989,54,12,248,119,0,717,1169,0,0,0,0,3,0,0,41,1,169,9,179,0,7,15,13,23,91,28,103,0,24543,7,31,1,2586,1422,3,0,54,26771,0,9,8,41,3174,1,0,272,111,17,55337,4,15,9,10,0,2,3,4
5/2/2020,72,31,453,43,2,0,3,220,33,2,93,589,25,11,8,175,7,93,7703,2,2,6,0,62,0,71,1,5901,1,1,69,44,1,1,0,61,3223,1,0,5,234,4643,293,0,10,6,14,75,64,1,20,240,32,460,2,0,313,1063,406,10,2,0,52,1,3,0,0,0,218,24560,1,0,4,1,8,6575,17,0,140,0,0,12,5,16,13,7,1,9,8,0,75,335,10,1218,831,13,6156,94,1265,22,227,28236,8,454,22,9,25,21,22,33,8,0,16,25,18,3,1,45,92,0,3,103,1,26,4,14,0,10,4,1859,1,0,7,1,172,0,6,0,0,4893,0,20,4,33,68,81,2,204,2,12,432,188,0,10,1051,579,651,1007,54,12,250,122,0,744,1222,0,0,0,0,3,0,0,41,1,176,9,185,0,8,16,13,23,93,31,116,0,24824,7,36,1,2653,1434,3,0,54,27510,0,9,8,41,3258,1,0,279,111,17,57406,4,17,9,10,0,2,3,4
5/3/2020,72,31,459,44,2,0,3,229,35,2,93,596,25,11,8,177,7,97,7765,2,2,6,0,66,0,71,1,6329,1,1,72,44,1,2,0,64,3446,1,0,10,247,4643,314,0,10,6,15,77,66,1,20,245,33,475,2,0,326,1371,415,10,2,0,53,1,3,0,0,0,220,24724,1,0,5,1,8,6649,18,0,143,0,0,12,5,18,13,7,1,9,8,0,75,340,10,1301,845,13,6203,95,1265,23,227,28710,8,492,23,9,26,22,22,38,10,0,16,25,18,3,1,46,92,0,3,103,1,26,4,14,0,10,6,1972,1,0,7,1,174,0,6,0,0,4987,0,20,4,35,85,82,2,204,2,12,457,192,0,10,1124,603,664,1023,54,12,250,124,0,771,1280,0,0,0,0,3,0,0,41,3,184,9,189,0,8,17,13,24,94,32,123,0,25100,7,41,1,2669,1466,3,2,54,28131,0,9,8,42,3336,1,0,288,126,18,62406,4,17,9,10,0,2,3,4
5/4/2020,72,31,463,45,2,0,3,241,39,2,95,598,25,11,8,182,7,103,7844,2,2,7,0,71,0,76,1,6750,1,1,73,45,1,2,0,64,3681,1,0,10,260,4643,324,0,10,6,17,79,67,1,20,248,34,484,2,0,333,1564,429,11,2,0,55,1,3,0,0,0,230,24859,1,0,5,1,9,6692,18,0,144,0,0,12,5,19,13,7,2,9,8,0,76,351,10,1373,864,13,6277,97,1303,23,227,28884,8,510,24,9,27,24,27,40,10,0,16,25,18,3,1,46,96,0,3,105,1,27,4,14,0,10,6,2061,1,0,8,1,177,0,6,0,0,5056,0,20,4,36,85,84,2,208,4,12,476,197,0,10,1200,607,678,1043,97,12,252,128,0,780,1356,0,0,0,0,3,0,0,41,3,191,9,193,0,8,18,13,24,96,35,131,0,25264,7,41,1,2679,1472,3,4,54,28446,0,9,8,42,3397,1,0,303,126,18,60710,4,17,10,10,0,2,3,4
5/5/2020,95,31,465,45,2,0,3,250,40,2,95,600,26,11,8,183,7,103,7924,2,2,7,0,76,0,77,1,7025,1,1,78,46,1,2,0,64,3766,1,0,10,270,4643,340,1,10,6,17,80,69,1,20,252,34,493,2,0,346,1569,452,12,2,0,55,1,3,0,0,0,240,25165,1,0,6,1,9,6831,18,0,146,0,0,12,5,17,13,9,2,9,9,0,82,363,10,1568,872,13,6340,98,1319,23,234,29079,9,521,24,9,29,24,27,40,10,0,16,25,18,3,1,46,96,0,3,105,1,29,4,14,0,10,6,2154,1,0,8,1,180,0,6,0,0,5082,0,20,5,37,93,85,2,208,4,12,486,200,0,10,1286,623,698,1063,54,12,254,133,0,803,1451,0,0,0,0,3,0,0,41,3,200,10,197,0,9,18,13,25,97,38,138,0,25428,8,45,1,2769,1476,3,7,54,28734,0,9,8,43,3461,1,0,316,146,18,61906,4,17,10,10,0,3,3,4
5/6/2020,104,31,470,46,2,0,3,262,40,2,96,606,26,11,8,186,7,112,8016,2,2,7,0,82,0,82,1,7321,1,1,78,48,1,2,0,108,3915,1,0,17,275,4643,358,1,10,6,18,83,69,1,20,257,34,503,2,0,354,1569,469,13,4,0,55,1,4,0,0,0,246,25491,1,0,6,1,9,6996,18,0,146,0,0,13,5,19,13,10,2,9,11,0,89,373,10,1694,895,13,6418,102,1339,23,237,29315,9,543,24,9,29,26,27,42,12,0,17,25,20,3,1,46,96,0,3,106,2,32,5,14,0,10,9,2271,1,0,8,1,182,0,6,0,0,5168,0,21,5,38,98,86,2,209,4,13,526,203,0,10,1344,637,716,1074,56,12,255,140,0,827,1537,0,0,0,0,3,0,0,41,3,209,11,200,0,11,18,14,25,98,39,148,0,25613,9,49,1,2854,1482,3,7,55,29427,0,9,8,43,3520,1,0,327,146,18,62698,4,17,10,10,0,5,4,4
5/7/2020,105,31,476,47,2,0,3,264,42,2,97,608,28,11,8,186,7,112,8339,2,2,7,0,86,0,87,1,7921,1,1,84,48,1,2,0,108,4111,1,0,17,281,4643,378,1,10,6,18,85,69,1,21,262,35,506,3,0,362,1618,469,14,4,0,55,2,4,0,0,0,252,25769,1,0,6,1,9,7119,18,0,147,0,0,13,5,19,13,11,2,10,12,0,93,383,10,1783,930,13,6486,102,1375,23,238,29684,9,551,24,9,30,26,27,44,12,0,17,25,20,3,1,48,98,0,3,107,2,32,5,14,0,10,9,2507,1,0,8,1,183,0,6,0,0,5204,0,21,5,38,103,88,2,209,4,14,585,210,0,10,1444,658,733,1089,56,12,256,143,0,858,1625,0,0,0,0,3,0,0,41,3,219,12,203,0,14,20,14,25,99,44,153,0,25857,9,52,1,2941,1504,3,9,55,30076,0,9,8,43,3584,1,0,340,165,18,65197,4,17,10,10,0,6,4,4
5/8/2020,105,31,483,47,2,0,3,275,43,2,97,609,28,11,8,206,7,116,8415,2,2,7,0,91,0,89,1,8536,1,1,84,48,1,2,0,108,4280,1,0,27,285,4643,397,1,10,6,20,86,73,1,21,270,36,514,3,0,373,1654,482,15,4,0,56,2,4,0,0,0,255,25946,1,0,8,1,9,7266,18,0,148,0,0,13,5,21,13,11,2,10,12,0,99,392,10,1886,943,13,6541,102,1403,23,239,29958,9,557,25,9,30,29,27,47,12,0,18,26,20,3,1,49,100,0,3,107,3,32,5,14,0,10,10,2704,1,0,8,1,185,0,6,0,0,5288,0,21,5,42,107,89,2,209,4,15,599,218,0,10,1533,685,755,1105,56,12,256,145,0,876,1723,0,0,0,0,3,0,0,41,4,229,13,206,0,14,20,14,26,99,44,161,0,26070,9,52,1,3040,1517,3,16,55,30615,0,9,8,44,3641,1,0,361,174,21,67146,4,17,10,10,0,7,4,4
5/9/2020,115,31,488,47,2,0,3,289,44,3,97,614,28,11,8,214,7,121,8521,2,2,7,0,102,0,97,1,9146,1,1,88,48,1,2,0,108,4471,1,0,28,294,4643,407,1,10,6,20,86,74,1,21,273,39,522,3,0,380,1654,503,15,4,0,56,2,4,0,0,0,260,26188,1,0,8,1,10,7369,18,0,150,0,0,13,5,23,13,11,2,10,12,0,105,405,10,1981,959,13,6589,104,1429,23,245,30201,9,600,25,9,31,29,28,49,12,0,18,26,20,3,1,49,100,0,3,107,3,35,5,14,0,10,11,2961,1,0,8,1,186,0,6,0,0,5359,0,21,5,44,117,90,2,213,4,17,618,225,0,10,1627,696,776,1114,56,13,256,159,0,898,1827,0,0,0,0,3,0,0,41,5,239,13,209,0,17,20,14,26,100,48,178,0,26251,9,59,1,3175,1531,3,18,56,31241,0,10,8,45,3689,1,0,376,174,21,69889,4,17,10,10,0,8,4,4
5/10/2020,119,31,494,48,2,0,3,297,45,3,97,615,31,11,8,228,7,131,8581,2,2,7,0,106,0,97,1,9897,1,1,90,48,1,2,0,110,4628,1,0,31,304,4643,428,1,10,6,21,87,74,1,21,276,41,526,3,0,385,1704,525,16,4,0,60,2,5,0,0,0,265,26268,1,0,8,1,10,7395,22,0,151,0,0,13,5,24,13,11,3,10,12,0,107,413,10,2109,973,13,6640,109,1446,23,245,30395,9,613,25,9,31,30,28,58,12,0,18,26,20,3,1,50,101,0,3,108,3,37,5,14,0,10,11,3160,1,0,8,1,188,0,6,0,0,5422,0,21,5,45,128,91,2,213,4,17,639,231,0,10,1714,704,785,1126,108,14,256,165,0,926,1915,0,0,0,0,3,0,0,41,4,246,17,213,0,18,20,15,26,101,51,186,0,26478,9,64,1,3220,1531,3,19,56,31587,0,10,8,45,3739,1,0,391,198,21,75364,4,17,10,10,0,8,4,4
5/11/2020,121,31,502,48,2,0,3,300,45,3,97,618,32,11,8,239,7,135,8656,2,2,7,0,114,0,103,1,10627,1,1,91,49,1,2,0,114,4728,1,0,31,312,4643,445,1,10,6,21,90,77,1,22,280,41,529,3,0,388,2127,533,17,4,0,60,2,5,0,0,0,267,26338,1,0,8,1,10,7417,22,0,151,0,0,13,5,24,13,11,3,10,12,0,108,421,10,2206,991,13,6685,110,1458,23,254,30560,9,621,25,9,31,32,28,65,12,0,18,26,20,3,1,50,101,0,3,108,3,38,5,14,0,10,11,3353,1,0,9,1,188,0,6,0,0,5440,0,21,5,46,143,91,2,217,4,17,667,237,0,10,1814,719,800,1135,111,14,256,171,0,952,2009,0,0,0,0,3,0,0,41,4,255,19,215,0,18,20,15,26,102,52,194,0,26621,9,70,1,3225,1537,3,20,56,31855,0,11,8,45,3786,1,0,408,198,21,76916,4,17,10,10,0,9,7,4
5/12/2020,127,31,507,48,2,0,3,305,47,3,97,620,32,11,9,250,7,135,8707,2,2,7,0,118,0,112,1,11123,1,1,93,50,1,2,0,114,4906,1,0,31,323,4644,463,1,11,6,21,91,77,1,22,282,44,533,3,0,393,2145,533,17,4,0,61,2,5,0,0,0,271,26600,1,0,9,1,11,7533,22,0,151,0,0,13,5,26,13,11,3,10,15,0,108,425,10,2293,1007,13,6733,112,1467,23,258,30739,9,643,25,9,32,33,28,75,12,0,18,26,20,3,1,50,101,0,3,109,3,39,5,14,0,10,12,3465,1,0,9,1,188,0,6,0,0,5456,0,21,5,46,150,91,2,224,4,17,724,244,0,10,1889,726,811,1144,113,14,258,179,0,972,2116,0,0,0,0,3,0,0,41,4,264,19,218,0,19,21,15,26,102,52,206,0,26744,9,74,1,3256,1542,3,21,56,32065,0,11,8,45,3841,1,0,425,203,21,78652,5,19,10,10,0,11,7,4
5/13/2020,130,31,515,48,2,0,3,317,48,3,97,623,33,11,9,269,7,149,8761,2,2,8,0,122,0,116,1,11519,1,1,95,51,1,2,0,125,5049,1,0,40,335,4644,479,1,11,7,21,91,78,1,23,283,50,527,3,0,402,2327,556,18,6,0,61,2,5,0,0,0,275,26948,1,0,9,1,11,7634,22,0,152,0,0,13,5,26,13,11,3,10,16,0,116,430,10,2415,1028,13,6783,115,1488,23,262,30911,9,668,25,9,32,36,29,82,12,0,18,26,20,3,1,50,102,0,3,109,3,40,5,14,0,10,12,3573,1,0,9,1,188,0,6,0,0,5510,0,21,5,47,158,92,2,228,4,17,737,249,0,10,1961,751,839,1163,114,14,259,182,0,1002,2212,0,0,0,0,3,0,0,41,4,273,19,220,0,20,21,15,27,102,52,206,0,26920,9,80,1,3313,1560,3,23,56,32692,0,11,8,45,3894,1,0,439,203,21,79634,5,19,10,10,0,13,7,4
5/14/2020,136,31,522,49,2,0,3,321,49,3,98,624,35,11,10,283,7,149,8843,2,2,8,0,128,0,119,1,12400,1,1,96,51,1,2,0,136,5209,1,0,42,346,4644,493,1,11,7,24,94,79,1,17,290,50,533,3,0,409,2334,571,20,7,0,61,2,5,0,0,0,284,27029,1,0,9,1,11,7723,24,0,155,0,0,13,5,27,13,14,3,10,18,0,121,436,10,2549,1043,13,6854,115,1497,23,262,31106,9,687,26,9,33,40,29,88,12,0,19,26,20,3,1,54,103,0,3,111,4,44,6,14,0,10,14,3926,1,0,9,1,189,0,6,0,0,5562,0,21,8,49,164,95,2,229,4,17,770,249,0,11,2057,772,861,1175,115,14,260,190,0,1016,2305,0,0,0,0,3,0,0,41,7,283,22,222,0,21,21,15,27,103,53,219,0,27104,9,90,1,3460,1563,3,32,56,33186,0,11,8,45,3952,1,0,456,208,21,80695,6,19,11,10,0,13,7,4
5/15/2020,153,31,529,49,2,0,3,345,52,3,98,626,35,11,10,298,7,151,8903,2,2,8,0,142,0,123,1,13149,1,1,99,51,1,2,0,139,5337,1,0,46,368,4644,509,1,15,7,24,94,79,1,17,293,50,537,4,0,422,2338,571,20,7,0,62,2,5,0,0,0,287,27378,1,0,10,1,12,7824,24,0,156,0,0,13,5,29,13,14,3,10,18,0,123,442,10,2649,1076,13,6902,117,1506,23,264,31368,9,710,26,9,34,42,29,96,14,0,19,26,20,3,1,54,103,0,3,112,4,46,6,14,0,10,16,4220,1,0,9,1,190,0,6,0,0,5590,0,21,8,50,167,95,2,232,4,20,803,256,0,11,2169,790,883,1184,117,14,260,196,0,1046,2418,0,0,0,0,3,0,0,41,7,292,23,224,0,26,21,15,27,103,53,238,1,27321,9,91,1,3529,1588,3,36,56,33614,0,11,8,45,4007,1,0,476,210,21,82119,6,19,11,10,0,16,7,4
5/16/2020,168,31,536,49,2,0,3,353,55,3,98,628,36,11,12,314,7,156,8959,2,2,9,0,152,0,127,1,13993,1,1,102,51,1,2,0,139,5499,1,0,48,368,4644,525,1,15,8,24,95,79,1,17,295,60,537,4,0,424,2338,592,23,7,0,63,2,5,0,0,0,293,27482,1,0,10,1,12,7881,28,0,160,0,0,13,5,29,13,15,3,10,20,0,133,448,10,2752,1089,13,6937,121,1518,24,266,31610,9,725,27,9,34,46,29,107,14,0,19,26,20,3,1,54,104,0,3,112,4,46,6,14,0,10,16,4477,1,0,9,1,192,0,6,0,1,5643,0,21,8,51,171,97,2,232,4,21,834,260,0,11,2267,817,907,1190,122,15,262,204,0,1056,2537,0,0,0,0,3,0,0,41,7,302,23,225,0,27,21,15,27,103,55,247,1,27459,9,91,1,3646,1594,3,36,56,33998,0,11,8,45,4055,1,0,497,210,21,83819,6,19,11,10,0,19,7,4
5/17/2020,169,31,542,51,2,0,3,363,60,3,98,628,36,11,12,314,7,160,9005,2,2,9,0,164,0,131,1,14817,1,1,108,51,1,3,0,139,5595,1,0,50,421,4645,546,1,15,8,25,95,79,1,17,296,60,543,4,0,428,2594,612,25,7,0,63,2,5,0,0,0,297,27578,1,0,11,1,12,7914,29,0,162,0,0,13,5,30,13,16,3,10,20,0,134,451,10,2872,1148,13,6988,123,1533,24,268,31763,9,744,27,9,34,50,29,112,14,0,19,26,20,3,1,55,104,0,3,113,4,48,6,14,0,10,16,4767,1,0,9,1,192,0,6,0,2,5670,0,21,8,51,176,98,2,232,4,22,873,266,0,11,2392,824,915,1203,122,15,262,209,0,1081,2631,0,0,0,0,3,0,0,41,7,312,25,228,0,29,22,15,28,103,56,261,1,27563,9,97,1,3674,1601,3,39,56,34466,0,11,8,45,4096,1,0,514,220,21,85860,6,19,11,10,0,19,7,4
5/18/2020,173,31,548,51,2,0,3,366,61,3,98,629,39,11,12,349,7,165,9052,2,2,9,0,165,0,132,1,15633,1,1,110,51,1,3,0,139,5702,1,0,53,450,4645,562,1,15,10,27,95,79,1,17,298,60,547,7,0,428,2688,630,27,7,0,63,2,5,0,0,0,298,28059,1,0,11,1,12,7935,29,0,163,0,0,13,5,33,13,16,4,10,20,0,138,462,10,3029,1191,13,7057,127,1543,24,271,31908,9,749,27,9,34,50,29,118,14,0,19,26,21,3,1,56,107,1,3,113,4,52,6,14,0,10,18,5045,1,0,9,1,192,0,6,0,2,5680,0,21,8,54,182,101,2,232,4,23,903,269,0,11,2523,831,925,1218,123,15,263,211,0,1097,2722,0,0,0,0,3,0,0,41,7,320,25,230,0,32,22,15,28,104,57,264,4,27650,9,105,1,3679,1602,3,39,56,34636,0,11,8,45,4140,1,0,535,220,21,87180,6,19,12,10,0,21,7,4
5/19/2020,177,31,555,51,2,0,3,373,64,3,99,629,40,11,12,370,7,171,9080,2,2,9,0,169,0,132,1,16118,1,1,112,51,1,3,0,140,5805,1,0,54,478,4645,574,1,15,10,28,95,79,1,17,297,60,548,7,0,434,2736,645,30,7,0,64,2,5,0,0,0,300,28190,1,0,11,1,12,8007,29,0,165,0,0,13,5,35,13,16,6,10,20,0,142,467,10,3163,1221,13,7119,131,1547,24,272,32007,9,763,27,9,35,50,29,121,14,0,19,26,22,3,1,59,107,1,3,113,4,52,6,14,0,10,18,5177,1,0,9,1,193,0,6,0,2,5694,0,21,8,55,191,104,2,233,4,27,939,275,0,11,2648,831,936,1231,124,15,263,219,0,1107,2837,0,0,0,0,3,0,0,41,7,329,26,231,0,33,22,15,28,104,59,286,4,27709,9,105,1,3698,1602,3,44,56,34796,0,12,8,46,4171,1,0,548,227,21,89271,6,20,13,10,0,21,7,4
5/20/2020,177,31,561,51,3,0,3,382,64,3,99,629,40,11,12,370,7,171,9080,2,2,9,0,174,0,132,1,16792,1,1,112,52,1,3,0,140,5857,1,0,56,478,4645,592,1,15,10,28,95,79,1,17,297,60,548,7,0,441,2839,645,30,7,0,64,2,5,0,0,0,300,28190,1,0,12,1,12,8007,31,0,165,0,0,13,5,38,13,18,6,10,21,0,146,467,10,3163,1221,13,7119,131,1547,24,272,32007,9,771,27,9,35,50,29,121,14,0,19,26,23,3,1,59,107,2,3,114,4,53,6,14,0,10,19,5332,1,0,9,1,193,0,6,0,2,5694,0,21,8,55,192,104,2,233,4,27,939,279,0,11,2789,837,936,1231,124,15,263,219,0,1107,2837,0,0,0,0,3,0,0,41,7,329,30,231,0,33,22,15,28,104,59,312,4,27709,9,105,1,3698,1602,3,44,56,34796,0,12,8,46,4171,1,0,548,227,21,89271,6,20,13,10,0,21,7,4
