Date,Afghanistan,Albania,Algeria,Andorra,Angola,Anguilla,Antigua and Barbuda,Argentina,Armenia,Aruba,Australia,Austria,Azerbaijan,Bahamas,Bahrain,Bangladesh,Barbados,Belarus,Belgium,Belize,Benin,Bermuda,Bhutan,Bolivia (Plurinational State of),"Bonaire, Sint Eustatius and Saba",Bosnia and Herzegovina,Botswana,Brazil,British Virgin Islands,Brunei Darussalam,Bulgaria,Burkina Faso,Burundi,Cabo Verde,Cambodia,Cameroon,Canada,Cayman Islands,Central African Republic,Chad,Chile,China,Colombia,Comoros,Congo,Costa Rica,Croatia,Cuba,Curacao,Cyprus,Czechia,Côte d’Ivoire,Democratic Republic of the Congo,Denmark,Djibouti,Dominica,Dominican Republic,Ecuador,Egypt,El Salvador,Equatorial Guinea,Eritrea,Estonia,Eswatini,Ethiopia,Falkland Islands (Malvinas) [2],Faroe Islands,Fiji,Finland,France,French Guiana,French Polynesia,Gabon,Gambia,Georgia,Germany,Ghana,Gibraltar,Greece,Greenland,Grenada,Guadeloupe,Guam,Guatemala,Guernsey,Guinea,Guinea-Bissau,Guyana,Haiti,Holy See,Honduras,Hungary,Iceland,India,Indonesia,International conveyance (Diamond Princess),Iran (Islamic Republic of),Iraq,Ireland,Isle of Man,Israel,Italy,Jamaica,Japan,Jersey,Jordan,Kazakhstan,Kenya,Kosovo[1],Kuwait,Kyrgyzstan,Lao People's Democratic Republic,Latvia,Lebanon,Lesotho,Liberia,Libya,Liechtenstein,Lithuania,Luxembourg,Madagascar,Malawi,Malaysia,Maldives,Mali,Malta,Martinique,Mauritania,Mauritius,Mayotte,Mexico,Monaco,Mongolia,Montenegro,Montserrat,Morocco,Mozambique,Myanmar,Namibia,Nepal,Netherlands,New Caledonia,New Zealand,Nicaragua,Niger,Nigeria,North Macedonia,Northern Mariana Islands (Commonwealth of the),Norway,Oman,Pakistan,Panama,Papua New Guinea,Paraguay,Peru,Philippines,Poland,Portugal,Puerto Rico,Qatar,Republic of Korea,Republic of Moldova,Romania,Russian Federation,Rwanda,Réunion,Saint Barthélemy,Saint Kitts and Nevis,Saint Lucia,Saint Martin,Saint Pierre and Miquelon,Saint Vincent and the Grenadines,San Marino,Sao Tome and Principe,Saudi Arabia,Senegal,Serbia,Seychelles,Sierra Leone,Singapore,Sint Maarten,Slovakia,Slovenia,Somalia,South Africa,South Sudan,Spain,Sri Lanka,Sudan,Suriname,Sweden,Switzerland,Syrian Arab Republic,Tajikistan,Thailand,The United Kingdom,Timor-Leste,Togo,Trinidad and Tobago,Tunisia,Turkey,Turks and Caicos Islands,Uganda,Ukraine,United Arab Emirates,United Republic of Tanzania,United States Virgin Islands,United States of America,Uruguay,Uzbekistan,Venezuela (Bolivarian Republic of),Viet Nam,Yemen,Zambia,Zimbabwe,"occupied Palestinian territory, including east Jerusalem"
11-Jan-2020,0,0,0,0,0,0,0,0,0,0,0,0,0,0,0,0,0,0,0,0,0,0,0,0,0,0,0,0,0,0,0,0,0,0,0,0,0,0,0,0,0,41,0,0,0,0,0,0,0,0,0,0,0,0,0,0,0,0,0,0,0,0,0,0,0,0,0,0,0,0,0,0,0,0,0,0,0,0,0,0,0,0,0,0,0,0,0,0,0,0,0,0,0,0,0,0,0,0,0,0,0,0,0,0,0,0,0,0,0,0,0,0,0,0,0,0,0,0,0,0,0,0,0,0,0,0,0,0,0,0,0,0,0,0,0,0,0,0,0,0,0,0,0,0,0,0,0,0,0,0,0,0,0,0,0,0,0,0,0,0,0,0,0,0,0,0,0,0,0,0,0,0,0,0,0,0,0,0,0,0,0,0,0,0,0,0,0,0,0,0,0,0,0,0,0,0,0,0,0,0,0,0,0,0,0,0,0,0,0,0,0,0,0,0,0,0
12-Jan-2020,0,0,0,0,0,0,0,0,0,0,0,0,0,0,0,0,0,0,0,0,0,0,0,0,0,0,0,0,0,0,0,0,0,0,0,0,0,0,0,0,0,0,0,0,0,0,0,0,0,0,0,0,0,0,0,0,0,0,0,0,0,0,0,0,0,0,0,0,0,0,0,0,0,0,0,0,0,0,0,0,0,0,0,0,0,0,0,0,0,0,0,0,0,0,0,0,0,0,0,0,0,0,0,0,0,0,0,0,0,0,0,0,0,0,0,0,0,0,0,0,0,0,0,0,0,0,0,0,0,0,0,0,0,0,0,0,0,0,0,0,0,0,0,0,0,0,0,0,0,0,0,0,0,0,0,0,0,0,0,0,0,0,0,0,0,0,0,0,0,0,0,0,0,0,0,0,0,0,0,0,0,0,0,0,0,0,0,0,0,0,0,0,0,0,0,0,0,0,0,0,0,0,0,0,0,0,0,0,0,0,0,0,0,0,0,0
13-Jan-2020,0,0,0,0,0,0,0,0,0,0,0,0,0,0,0,0,0,0,0,0,0,0,0,0,0,0,0,0,0,0,0,0,0,0,0,0,0,0,0,0,0,0,0,0,0,0,0,0,0,0,0,0,0,0,0,0,0,0,0,0,0,0,0,0,0,0,0,0,0,0,0,0,0,0,0,0,0,0,0,0,0,0,0,0,0,0,0,0,0,0,0,0,0,0,0,0,0,0,0,0,0,0,0,0,0,0,0,0,0,0,0,0,0,0,0,0,0,0,0,0,0,0,0,0,0,0,0,0,0,0,0,0,0,0,0,0,0,0,0,0,0,0,0,0,0,0,0,0,0,0,0,0,0,0,0,0,0,0,0,0,0,0,0,0,0,0,0,0,0,0,0,0,0,0,0,0,0,0,0,0,0,0,0,0,0,0,0,0,0,0,0,0,0,0,1,0,0,0,0,0,0,0,0,0,0,0,0,0,0,0,0,0,0,0,0,0
14-Jan-2020,0,0,0,0,0,0,0,0,0,0,0,0,0,0,0,0,0,0,0,0,0,0,0,0,0,0,0,0,0,0,0,0,0,0,0,0,0,0,0,0,0,0,0,0,0,0,0,0,0,0,0,0,0,0,0,0,0,0,0,0,0,0,0,0,0,0,0,0,0,0,0,0,0,0,0,0,0,0,0,0,0,0,0,0,0,0,0,0,0,0,0,0,0,0,0,0,0,0,0,0,0,0,0,1,0,0,0,0,0,0,0,0,0,0,0,0,0,0,0,0,0,0,0,0,0,0,0,0,0,0,0,0,0,0,0,0,0,0,0,0,0,0,0,0,0,0,0,0,0,0,0,0,0,0,0,0,0,0,0,0,0,0,0,0,0,0,0,0,0,0,0,0,0,0,0,0,0,0,0,0,0,0,0,0,0,0,0,0,0,0,0,0,0,0,0,0,0,0,0,0,0,0,0,0,0,0,0,0,0,0,0,0,0,0,0,0
15-Jan-2020,0,0,0,0,0,0,0,0,0,0,0,0,0,0,0,0,0,0,0,0,0,0,0,0,0,0,0,0,0,0,0,0,0,0,0,0,0,0,0,0,0,0,0,0,0,0,0,0,0,0,0,0,0,0,0,0,0,0,0,0,0,0,0,0,0,0,0,0,0,0,0,0,0,0,0,0,0,0,0,0,0,0,0,0,0,0,0,0,0,0,0,0,0,0,0,0,0,0,0,0,0,0,0,0,0,0,0,0,0,0,0,0,0,0,0,0,0,0,0,0,0,0,0,0,0,0,0,0,0,0,0,0,0,0,0,0,0,0,0,0,0,0,0,0,0,0,0,0,0,0,0,0,0,0,0,0,0,0,0,0,0,0,0,0,0,0,0,0,0,0,0,0,0,0,0,0,0,0,0,0,0,0,0,0,0,0,0,0,0,0,0,0,0,0,0,0,0,0,0,0,0,0,0,0,0,0,0,0,0,0,0,0,0,0,0,0
16-Jan-2020,0,0,0,0,0,0,0,0,0,0,0,0,0,0,0,0,0,0,0,0,0,0,0,0,0,0,0,0,0,0,0,0,0,0,0,0,0,0,0,0,0,0,0,0,0,0,0,0,0,0,0,0,0,0,0,0,0,0,0,0,0,0,0,0,0,0,0,0,0,0,0,0,0,0,0,0,0,0,0,0,0,0,0,0,0,0,0,0,0,0,0,0,0,0,0,0,0,0,0,0,0,0,0,0,0,0,0,0,0,0,0,0,0,0,0,0,0,0,0,0,0,0,0,0,0,0,0,0,0,0,0,0,0,0,0,0,0,0,0,0,0,0,0,0,0,0,0,0,0,0,0,0,0,0,0,0,0,0,0,0,0,0,0,0,0,0,0,0,0,0,0,0,0,0,0,0,0,0,0,0,0,0,0,0,0,0,0,0,0,0,0,0,0,0,0,0,0,0,0,0,0,0,0,0,0,0,0,0,0,0,0,0,0,0,0,0
17-Jan-2020,0,0,0,0,0,0,0,0,0,0,0,0,0,0,0,0,0,0,0,0,0,0,0,0,0,0,0,0,0,0,0,0,0,0,0,0,0,0,0,0,0,4,0,0,0,0,0,0,0,0,0,0,0,0,0,0,0,0,0,0,0,0,0,0,0,0,0,0,0,0,0,0,0,0,0,0,0,0,0,0,0,0,0,0,0,0,0,0,0,0,0,0,0,0,0,0,0,0,0,0,0,0,0,0,0,0,0,0,0,0,0,0,0,0,0,0,0,0,0,0,0,0,0,0,0,0,0,0,0,0,0,0,0,0,0,0,0,0,0,0,0,0,0,0,0,0,0,0,0,0,0,0,0,0,0,0,0,0,0,0,0,0,0,0,0,0,0,0,0,0,0,0,0,0,0,0,0,0,0,0,0,0,0,0,0,0,0,0,0,0,0,0,0,0,1,0,0,0,0,0,0,0,0,0,0,0,0,0,0,0,0,0,0,0,0,0
18-Jan-2020,0,0,0,0,0,0,0,0,0,0,0,0,0,0,0,0,0,0,0,0,0,0,0,0,0,0,0,0,0,0,0,0,0,0,0,0,0,0,0,0,0,17,0,0,0,0,0,0,0,0,0,0,0,0,0,0,0,0,0,0,0,0,0,0,0,0,0,0,0,0,0,0,0,0,0,0,0,0,0,0,0,0,0,0,0,0,0,0,0,0,0,0,0,0,0,0,0,0,0,0,0,0,0,0,0,0,0,0,0,0,0,0,0,0,0,0,0,0,0,0,0,0,0,0,0,0,0,0,0,0,0,0,0,0,0,0,0,0,0,0,0,0,0,0,0,0,0,0,0,0,0,0,0,0,0,0,0,0,0,0,0,0,0,0,0,0,0,0,0,0,0,0,0,0,0,0,0,0,0,0,0,0,0,0,0,0,0,0,0,0,0,0,0,0,0,0,0,0,0,0,0,0,0,0,0,0,0,0,0,0,0,0,0,0,0,0
19-Jan-2020,0,0,0,0,0,0,0,0,0,0,0,0,0,0,0,0,0,0,0,0,0,0,0,0,0,0,0,0,0,0,0,0,0,0,0,0,0,0,0,0,0,59,0,0,0,0,0,0,0,0,0,0,0,0,0,0,0,0,0,0,0,0,0,0,0,0,0,0,0,0,0,0,0,0,0,0,0,0,0,0,0,0,0,0,0,0,0,0,0,0,0,0,0,0,0,0,0,0,0,0,0,0,0,0,0,0,0,0,0,0,0,0,0,0,0,0,0,0,0,0,0,0,0,0,0,0,0,0,0,0,0,0,0,0,0,0,0,0,0,0,0,0,0,0,0,0,0,0,0,0,0,0,0,0,0,0,0,0,0,0,1,0,0,0,0,0,0,0,0,0,0,0,0,0,0,0,0,0,0,0,0,0,0,0,0,0,0,0,0,0,0,0,0,0,0,0,0,0,0,0,0,0,0,0,0,0,0,0,0,0,0,0,0,0,0,0
20-Jan-2020,0,0,0,0,0,0,0,0,0,0,0,0,0,0,0,0,0,0,0,0,0,0,0,0,0,0,0,0,0,0,0,0,0,0,0,0,0,0,0,0,0,77,0,0,0,0,0,0,0,0,0,0,0,0,0,0,0,0,0,0,0,0,0,0,0,0,0,0,0,0,0,0,0,0,0,0,0,0,0,0,0,0,0,0,0,0,0,0,0,0,0,0,0,0,0,0,0,0,0,0,0,0,0,0,0,0,0,0,0,0,0,0,0,0,0,0,0,0,0,0,0,0,0,0,0,0,0,0,0,0,0,0,0,0,0,0,0,0,0,0,0,0,0,0,0,0,0,0,0,0,0,0,0,0,0,0,0,0,0,0,0,0,0,0,0,0,0,0,0,0,0,0,0,0,0,0,0,0,0,0,0,0,0,0,0,0,0,0,0,0,0,0,0,0,0,0,0,0,0,0,0,0,0,0,0,0,0,1,0,0,0,0,0,0,0,0
21-Jan-2020,0,0,0,0,0,0,0,0,0,0,0,0,0,0,0,0,0,0,0,0,0,0,0,0,0,0,0,0,0,0,0,0,0,0,0,0,0,0,0,0,0,93,0,0,0,0,0,0,0,0,0,0,0,0,0,0,0,0,0,0,0,0,0,0,0,0,0,0,0,0,0,0,0,0,0,0,0,0,0,0,0,0,0,0,0,0,0,0,0,0,0,0,0,0,0,0,0,0,0,0,0,0,0,0,0,0,0,0,0,0,0,0,0,0,0,0,0,0,0,0,0,0,0,0,0,0,0,0,0,0,0,0,0,0,0,0,0,0,0,0,0,0,0,0,0,0,0,0,0,0,0,0,0,0,0,0,0,0,0,0,0,0,0,0,0,0,0,0,0,0,0,0,0,0,0,0,0,0,0,0,0,0,0,0,0,0,0,0,0,0,0,0,0,0,0,0,0,0,0,0,0,0,0,0,0,0,0,0,0,0,0,0,0,0,0,0
22-Jan-2020,0,0,0,0,0,0,0,0,0,0,0,0,0,0,0,0,0,0,0,0,0,0,0,0,0,0,0,0,0,0,0,0,0,0,0,0,0,0,0,0,0,152,0,0,0,0,0,0,0,0,0,0,0,0,0,0,0,0,0,0,0,0,0,0,0,0,0,0,0,0,0,0,0,0,0,0,0,0,0,0,0,0,0,0,0,0,0,0,0,0,0,0,0,0,0,0,0,0,0,0,0,0,0,0,0,0,0,0,0,0,0,0,0,0,0,0,0,0,0,0,0,0,0,0,0,0,0,0,0,0,0,0,0,0,0,0,0,0,0,0,0,0,0,0,0,0,0,0,0,0,0,0,0,0,0,0,0,0,0,0,0,0,0,0,0,0,0,0,0,0,0,0,0,0,0,0,0,0,0,0,0,0,0,0,0,0,0,0,0,0,0,0,0,0,2,0,0,0,0,0,0,0,0,0,0,0,0,0,0,0,0,0,0,0,0,0
23-Jan-2020,0,0,0,0,0,0,0,0,0,0,0,0,0,0,0,0,0,0,0,0,0,0,0,0,0,0,0,0,0,0,0,0,0,0,0,0,0,0,0,0,0,131,0,0,0,0,0,0,0,0,0,0,0,0,0,0,0,0,0,0,0,0,0,0,0,0,0,0,0,0,0,0,0,0,0,0,0,0,0,0,0,0,0,0,0,0,0,0,0,0,0,0,0,0,0,0,0,0,0,0,0,0,0,0,0,0,0,0,0,0,0,0,0,0,0,0,0,0,0,0,0,0,0,0,0,0,0,0,0,0,0,0,0,0,0,0,0,0,0,1,0,0,0,0,0,0,0,0,0,0,0,0,0,0,0,0,0,0,0,0,0,0,0,0,0,0,0,0,0,0,0,0,0,0,0,0,0,0,0,1,0,0,0,0,0,0,0,0,0,0,0,0,0,0,0,0,0,0,0,0,0,0,0,0,0,0,0,0,0,0,0,0,0,0,0,0
24-Jan-2020,0,0,0,0,0,0,0,0,0,0,0,0,0,0,0,0,0,0,0,0,0,0,0,0,0,0,0,0,0,0,0,0,0,0,0,0,0,0,0,0,0,261,0,0,0,0,0,0,0,0,0,0,0,0,0,0,0,0,0,0,0,0,0,0,0,0,0,0,0,3,0,0,0,0,0,0,0,0,0,0,0,0,0,0,0,0,0,0,0,0,0,0,0,0,0,0,0,0,0,0,0,0,0,1,0,0,0,0,0,0,0,0,0,0,0,0,0,0,0,0,0,0,0,0,0,0,0,0,0,0,0,0,0,0,0,0,0,0,0,0,0,0,0,0,0,0,0,0,0,0,0,0,0,0,0,0,0,0,0,0,1,0,0,0,0,0,0,0,0,0,0,0,0,0,0,0,0,0,0,2,0,0,0,0,0,0,0,0,0,0,0,0,0,0,0,0,0,0,0,0,0,0,0,0,0,0,0,1,0,0,0,2,0,0,0,0
25-Jan-2020,0,0,0,0,0,0,0,0,0,0,3,0,0,0,0,0,0,0,0,0,0,0,0,0,0,0,0,0,0,0,0,0,0,0,0,0,0,0,0,0,0,462,0,0,0,0,0,0,0,0,0,0,0,0,0,0,0,0,0,0,0,0,0,0,0,0,0,0,0,0,0,0,0,0,0,0,0,0,0,0,0,0,0,0,0,0,0,0,0,0,0,0,0,0,0,0,0,0,0,0,0,0,0,1,0,0,0,0,0,0,0,0,0,0,0,0,0,0,0,0,0,0,3,0,0,0,0,0,0,0,0,0,0,0,0,0,0,0,0,0,0,0,0,0,0,0,0,0,0,0,0,0,0,0,0,0,0,0,0,0,0,0,0,0,0,0,0,0,0,0,0,0,0,0,0,0,0,0,0,0,0,0,0,0,0,0,0,0,0,0,0,0,0,0,0,0,0,0,0,0,0,0,0,0,0,0,0,0,0,0,0,0,0,0,0,0
26-Jan-2020,0,0,0,0,0,0,0,0,0,0,1,0,0,0,0,0,0,0,0,0,0,0,0,0,0,0,0,0,0,0,0,0,0,0,0,0,1,0,0,0,0,688,0,0,0,0,0,0,0,0,0,0,0,0,0,0,0,0,0,0,0,0,0,0,0,0,0,0,0,0,0,0,0,0,0,0,0,0,0,0,0,0,0,0,0,0,0,0,0,0,0,0,0,0,0,0,0,0,0,0,0,0,0,1,0,0,0,0,0,0,0,0,0,0,0,0,0,0,0,0,0,0,1,0,0,0,0,0,0,0,0,0,0,0,0,0,0,0,0,0,0,0,0,0,0,0,0,0,0,0,0,0,0,0,0,0,0,0,0,0,1,0,0,0,0,0,0,0,0,0,0,0,0,0,0,0,0,0,0,1,0,0,0,0,0,0,0,0,0,0,0,0,0,0,1,0,0,0,0,0,0,0,0,0,0,0,0,3,0,0,0,0,0,0,0,0
27-Jan-2020,0,0,0,0,0,0,0,0,0,0,1,0,0,0,0,0,0,0,0,0,0,0,0,0,0,0,0,0,0,0,0,0,0,0,1,0,1,0,0,0,0,776,0,0,0,0,0,0,0,0,0,0,0,0,0,0,0,0,0,0,0,0,0,0,0,0,0,0,0,0,0,0,0,0,0,0,0,0,0,0,0,0,0,0,0,0,0,0,0,0,0,0,0,0,0,0,0,0,0,0,0,0,0,0,0,0,0,0,0,0,0,0,0,0,0,0,0,0,0,0,0,0,0,0,0,0,0,0,0,0,0,0,0,0,0,0,0,0,0,0,0,0,0,0,0,0,0,0,0,0,0,0,0,0,0,0,0,0,0,0,1,0,0,0,0,0,0,0,0,0,0,0,0,0,0,0,0,0,0,1,0,0,0,0,0,0,0,1,0,0,0,0,0,0,3,0,0,0,0,0,0,0,0,0,0,0,0,0,0,0,0,0,0,0,0,0
28-Jan-2020,0,0,0,0,0,0,0,0,0,0,0,0,0,0,0,0,0,0,0,0,0,0,0,0,0,0,0,0,0,0,0,0,0,0,0,0,1,0,0,0,0,1772,0,0,0,0,0,0,0,0,0,0,0,0,0,0,0,0,0,0,0,0,0,0,0,0,0,0,0,1,0,0,0,0,0,4,0,0,0,0,0,0,0,0,0,0,0,0,0,0,0,0,0,0,0,0,0,0,0,0,0,0,0,3,0,0,0,0,0,0,0,0,0,0,0,0,0,0,0,0,0,0,0,0,0,0,0,0,0,0,0,0,0,0,0,0,0,0,0,0,0,0,0,0,0,0,0,0,0,0,0,0,0,0,0,0,0,0,0,0,0,0,0,0,0,0,0,0,0,0,0,0,0,0,0,0,0,0,0,2,0,0,0,0,0,0,0,0,0,0,0,0,0,0,6,0,0,0,0,0,0,0,0,0,0,0,0,0,0,0,0,0,0,0,0,0
29-Jan-2020,0,0,0,0,0,0,0,0,0,0,2,0,0,0,0,0,0,0,0,0,0,0,0,0,0,0,0,0,0,0,0,0,0,0,0,0,0,0,0,0,0,1462,0,0,0,0,0,0,0,0,0,0,0,0,0,0,0,0,0,0,0,0,0,0,0,0,0,0,1,0,0,0,0,0,0,0,0,0,0,0,0,0,0,0,0,0,0,0,0,0,0,0,0,0,0,0,0,0,0,0,0,2,0,4,0,0,0,0,0,0,0,0,0,0,0,0,0,0,0,0,0,0,3,0,0,0,0,0,0,0,0,0,0,0,0,0,0,0,0,0,0,0,0,0,0,0,0,0,0,0,0,0,0,0,0,0,0,0,0,0,0,0,0,0,0,0,0,0,0,0,0,0,0,0,0,0,0,0,0,3,0,0,0,0,0,0,0,0,0,0,0,0,0,0,0,0,0,0,0,0,0,0,0,0,4,0,0,0,0,0,0,0,0,0,0,0
30-Jan-2020,0,0,0,0,0,0,0,0,0,0,2,0,0,0,0,0,0,0,0,0,0,0,0,0,0,0,0,0,0,0,0,0,0,0,0,0,0,0,0,0,0,1741,0,0,0,0,0,0,0,0,0,0,0,0,0,0,0,0,0,0,0,0,0,0,0,0,0,0,0,2,0,0,0,0,0,0,0,0,0,0,0,0,0,0,0,0,0,0,0,0,0,0,0,1,0,0,0,0,0,0,0,0,0,3,0,0,0,0,0,0,0,0,0,0,0,0,0,0,0,0,0,0,1,0,0,0,0,0,0,0,0,0,0,0,0,0,0,0,0,0,0,0,0,0,0,0,0,0,0,0,0,0,0,0,0,1,0,0,0,0,2,0,0,0,0,0,0,0,0,0,0,0,0,0,0,0,0,0,0,3,0,0,0,0,0,0,0,0,0,0,0,0,0,0,0,0,0,0,0,0,0,0,0,0,0,0,0,1,0,0,0,3,0,0,0,0
31-Jan-2020,0,0,0,0,0,0,0,0,0,0,0,0,0,0,0,0,0,0,0,0,0,0,0,0,0,0,0,0,0,0,0,0,0,0,0,0,1,0,0,0,0,1984,0,0,0,0,0,0,0,0,0,0,0,0,0,0,0,0,0,0,0,0,0,0,0,0,0,0,0,0,0,0,0,0,0,3,0,0,0,0,0,0,0,0,0,0,0,0,0,0,0,0,0,0,0,0,0,0,0,0,0,0,0,3,0,0,0,0,0,0,0,0,0,0,0,0,0,0,0,0,0,0,0,0,0,0,0,0,0,0,0,0,0,0,0,0,0,0,0,0,0,0,0,0,0,0,0,0,0,0,0,0,0,0,0,0,0,0,0,0,5,0,0,2,0,0,0,0,0,0,0,0,0,0,0,0,0,0,0,3,0,0,0,0,0,0,1,0,0,0,1,0,0,0,5,2,0,0,0,0,0,0,0,0,0,0,0,1,0,0,0,0,0,0,0,0
1-Feb-2020,0,0,0,0,0,0,0,0,0,0,3,0,0,0,0,0,0,0,0,0,0,0,0,0,0,0,0,0,0,0,0,0,0,0,0,0,0,0,0,0,0,2101,0,0,0,0,0,0,0,0,0,0,0,0,0,0,0,0,0,0,0,0,0,0,0,0,0,0,0,0,0,0,0,0,0,1,0,0,0,0,0,0,0,0,0,0,0,0,0,0,0,0,0,0,0,0,0,0,0,0,0,0,0,3,0,0,0,0,0,0,0,0,0,0,0,0,0,0,0,0,0,0,0,0,0,0,0,0,0,0,0,0,0,0,0,0,0,0,0,0,0,0,0,0,0,0,0,0,0,0,0,0,0,0,0,1,0,0,0,0,1,0,0,0,0,0,0,0,0,0,0,0,0,0,0,0,0,0,0,2,0,0,0,0,0,0,0,0,0,0,0,0,0,0,0,0,0,0,0,0,0,0,0,0,1,0,0,1,0,0,0,1,0,0,0,0
2-Feb-2020,0,0,0,0,0,0,0,0,0,0,0,0,0,0,0,0,0,0,0,0,0,0,0,0,0,0,0,0,0,0,0,0,0,0,0,0,0,0,0,0,0,2590,0,0,0,0,0,0,0,0,0,0,0,0,0,0,0,0,0,0,0,0,0,0,0,0,0,0,0,0,0,0,0,0,0,2,0,0,0,0,0,0,0,0,0,0,0,0,0,0,0,0,0,1,0,0,0,0,0,0,0,0,0,0,0,0,0,0,0,0,0,0,0,0,0,0,0,0,0,0,0,0,0,0,0,0,0,0,0,0,0,0,0,0,0,0,0,0,0,0,0,0,0,0,0,0,0,0,0,0,0,0,0,0,0,0,0,0,0,0,3,0,0,0,0,0,0,0,0,0,0,0,0,0,0,0,0,0,0,0,0,0,0,0,0,0,0,0,0,0,0,0,0,0,0,0,0,0,0,0,0,0,0,0,0,0,0,0,0,0,0,1,0,0,0,0
3-Feb-2020,0,0,0,0,0,0,0,0,0,0,0,0,0,0,0,0,0,0,0,0,0,0,0,0,0,0,0,0,0,0,0,0,0,0,0,0,0,0,0,0,0,2827,0,0,0,0,0,0,0,0,0,0,0,0,0,0,0,0,0,0,0,0,0,0,0,0,0,0,0,0,0,0,0,0,0,0,0,0,0,0,0,0,0,0,0,0,0,0,0,0,0,0,0,1,0,0,0,0,0,0,0,0,0,0,0,0,0,0,0,0,0,0,0,0,0,0,0,0,0,0,0,0,0,0,0,0,0,0,0,0,0,0,0,0,0,0,0,0,0,0,0,0,0,0,0,0,0,0,0,0,0,0,0,0,0,0,0,0,0,0,0,0,0,0,0,0,0,0,0,0,0,0,0,0,0,0,0,0,0,0,0,0,0,0,0,0,0,0,0,0,0,0,0,0,0,0,0,0,0,0,0,0,0,0,0,0,0,3,0,0,0,1,0,0,0,0
4-Feb-2020,0,0,0,0,0,0,0,0,0,0,1,0,0,0,0,0,0,0,1,0,0,0,0,0,0,0,0,0,0,0,0,0,0,0,0,0,0,0,0,0,0,3233,0,0,0,0,0,0,0,0,0,0,0,0,0,0,0,0,0,0,0,0,0,0,0,0,0,0,0,0,0,0,0,0,0,2,0,0,0,0,0,0,0,0,0,0,0,0,0,0,0,0,0,0,0,0,0,0,0,0,0,0,0,3,0,0,0,0,0,0,0,0,0,0,0,0,0,0,0,0,0,0,2,0,0,0,0,0,0,0,0,0,0,0,0,0,0,0,0,0,0,0,0,0,0,0,0,0,0,0,0,0,0,0,0,1,0,0,0,0,1,0,0,0,0,0,0,0,0,0,0,0,0,0,0,0,0,0,0,6,0,0,0,0,0,0,0,0,0,0,0,0,0,0,6,0,0,0,0,0,0,0,0,0,0,0,0,0,0,0,0,2,0,0,0,0
5-Feb-2020,0,0,0,0,0,0,0,0,0,0,1,0,0,0,0,0,0,0,0,0,0,0,0,0,0,0,0,0,0,0,0,0,0,0,0,0,1,0,0,0,0,3892,0,0,0,0,0,0,0,0,0,0,0,0,0,0,0,0,0,0,0,0,0,0,0,0,0,0,0,0,0,0,0,0,0,0,0,0,0,0,0,0,0,0,0,0,0,0,0,0,0,0,0,0,0,0,0,0,0,0,0,0,0,2,0,0,0,0,0,0,0,0,0,0,0,0,0,0,0,0,0,0,2,0,0,0,0,0,0,0,0,0,0,0,0,0,0,0,0,0,0,0,0,0,0,0,0,0,0,0,0,0,0,0,0,0,0,0,0,0,2,0,0,0,0,0,0,0,0,0,0,0,0,0,0,0,0,0,0,4,0,0,0,0,0,0,0,0,0,0,0,0,0,0,0,0,0,0,0,0,0,0,0,0,0,0,0,0,0,0,0,0,0,0,0,0
6-Feb-2020,0,0,0,0,0,0,0,0,0,0,1,0,0,0,0,0,0,0,0,0,0,0,0,0,0,0,0,0,0,0,0,0,0,0,0,0,0,0,0,0,0,3697,0,0,0,0,0,0,0,0,0,0,0,0,0,0,0,0,0,0,0,0,0,0,0,0,0,0,0,0,0,0,0,0,0,1,0,0,0,0,0,0,0,0,0,0,0,0,0,0,0,0,0,0,0,0,0,0,0,0,0,0,0,0,0,0,0,0,0,0,0,0,0,0,0,0,0,0,0,0,0,0,2,0,0,0,0,0,0,0,0,0,0,0,0,0,0,0,0,0,0,0,0,0,0,0,0,0,0,0,0,0,0,0,0,0,0,0,0,0,5,0,0,0,0,0,0,0,0,0,0,0,0,0,0,0,0,0,0,2,0,0,0,0,0,0,0,0,0,0,0,0,0,0,0,1,0,0,0,0,0,0,0,0,0,0,0,1,0,0,0,2,0,0,0,0
7-Feb-2020,0,0,0,0,0,0,0,0,0,0,0,0,0,0,0,0,0,0,0,0,0,0,0,0,0,0,0,0,0,0,0,0,0,0,0,0,2,0,0,0,0,3151,0,0,0,0,0,0,0,0,0,0,0,0,0,0,0,0,0,0,0,0,0,0,0,0,0,0,0,0,0,0,0,0,0,1,0,0,0,0,0,0,0,0,0,0,0,0,0,0,0,0,0,0,0,0,0,0,0,0,0,1,0,0,0,0,0,0,0,0,0,0,0,0,0,0,0,0,0,0,0,0,1,0,0,0,0,0,0,0,0,0,0,0,0,0,0,0,0,0,0,0,0,0,0,0,0,0,0,0,0,0,0,0,0,0,0,0,0,0,1,0,0,0,0,0,0,0,0,0,0,0,0,0,0,0,0,0,0,3,0,0,0,0,0,0,0,0,0,0,0,0,0,0,0,0,0,0,0,0,0,0,0,0,0,0,0,0,0,0,0,0,0,0,0,0
8-Feb-2020,0,0,0,0,0,0,0,0,0,0,0,0,0,0,0,0,0,0,0,0,0,0,0,0,0,0,0,0,0,0,0,0,0,0,0,0,0,0,0,0,0,3387,0,0,0,0,0,0,0,0,0,0,0,0,0,0,0,0,0,0,0,0,0,0,0,0,0,0,0,5,0,0,0,0,0,0,0,0,0,0,0,0,0,0,0,0,0,0,0,0,0,0,0,0,0,0,0,0,0,0,0,0,0,0,0,0,0,0,0,0,0,0,0,0,0,0,0,0,0,0,0,0,1,0,0,0,0,0,0,0,0,0,0,0,0,0,0,0,0,0,0,0,0,0,0,0,0,0,0,0,0,0,0,0,0,0,0,0,0,0,0,0,0,0,0,0,0,0,0,0,0,0,0,0,0,0,0,0,0,7,0,0,0,0,0,0,0,0,0,0,0,0,0,0,7,0,0,0,0,0,0,0,0,0,2,0,0,0,0,0,0,1,0,0,0,0
9-Feb-2020,0,0,0,0,0,0,0,0,0,0,0,0,0,0,0,0,0,0,0,0,0,0,0,0,0,0,0,0,0,0,0,0,0,0,0,0,0,0,0,0,0,2653,0,0,0,0,0,0,0,0,0,0,0,0,0,0,0,0,0,0,0,0,0,0,0,0,0,0,0,0,0,0,0,0,0,0,0,0,0,0,0,0,0,0,0,0,0,0,0,0,0,0,0,0,0,0,0,0,0,0,0,0,0,1,0,0,0,0,0,0,0,0,0,0,0,0,0,0,0,0,0,0,1,0,0,0,0,0,0,0,0,0,0,0,0,0,0,0,0,0,0,0,0,0,0,0,0,0,0,0,0,0,0,0,0,0,0,0,0,0,3,0,0,0,0,0,0,0,0,0,0,0,0,0,0,0,0,0,0,3,0,0,0,0,0,0,1,0,0,0,0,0,0,0,0,1,0,0,0,0,0,0,0,0,0,0,0,0,0,0,0,1,0,0,0,0
10-Feb-2020,0,0,0,0,0,0,0,0,0,0,0,0,0,0,0,0,0,0,0,0,0,0,0,0,0,0,0,0,0,0,0,0,0,0,0,0,0,0,0,0,0,2985,0,0,0,0,0,0,0,0,0,0,0,0,0,0,0,0,0,0,0,0,0,0,0,0,0,0,0,0,0,0,0,0,0,0,0,0,0,0,0,0,0,0,0,0,0,0,0,0,0,0,0,0,0,0,0,0,0,0,0,0,0,0,0,0,0,0,0,0,0,0,0,0,0,0,0,0,0,0,0,0,1,0,0,0,0,0,0,0,0,0,0,0,0,0,0,0,0,0,0,0,0,0,0,0,0,0,0,0,0,0,0,0,0,0,0,0,0,0,0,0,0,0,0,0,0,0,0,0,0,0,0,0,0,0,0,0,0,2,0,0,0,0,0,0,0,0,0,0,0,0,0,0,0,4,0,0,0,0,0,0,0,0,1,0,0,0,0,0,0,0,0,0,0,0
11-Feb-2020,0,0,0,0,0,0,0,0,0,0,0,0,0,0,0,0,0,0,0,0,0,0,0,0,0,0,0,0,0,0,0,0,0,0,0,0,0,0,0,0,0,2472,0,0,0,0,0,0,0,0,0,0,0,0,0,0,0,0,0,0,0,0,0,0,0,0,0,0,0,0,0,0,0,0,0,2,0,0,0,0,0,0,0,0,0,0,0,0,0,0,0,0,0,0,0,0,0,0,0,0,0,0,0,2,0,0,0,0,0,0,0,0,0,0,0,0,0,0,0,0,0,0,0,0,0,0,0,0,0,0,0,0,0,0,0,0,0,0,0,0,0,0,0,0,0,0,0,0,0,0,0,0,0,0,0,0,0,0,0,0,1,0,0,0,0,0,0,0,0,0,0,0,0,0,0,0,0,0,0,2,0,0,0,0,0,0,0,0,0,0,0,0,0,0,1,0,0,0,0,0,0,0,0,0,0,0,0,1,0,0,0,1,0,0,0,0
12-Feb-2020,0,0,0,0,0,0,0,0,0,0,0,0,0,0,0,0,0,0,0,0,0,0,0,0,0,0,0,0,0,0,0,0,0,0,0,0,0,0,0,0,0,2022,0,0,0,0,0,0,0,0,0,0,0,0,0,0,0,0,0,0,0,0,0,0,0,0,0,0,0,0,0,0,0,0,0,0,0,0,0,0,0,0,0,0,0,0,0,0,0,0,0,0,0,0,0,0,0,0,0,0,0,0,0,1,0,0,0,0,0,0,0,0,0,0,0,0,0,0,0,0,0,0,0,0,0,0,0,0,0,0,0,0,0,0,0,0,0,0,0,0,0,0,0,0,0,0,0,0,0,0,0,0,0,0,0,0,0,0,0,0,0,0,0,0,0,0,0,0,0,0,0,0,0,0,0,0,0,0,0,3,0,0,0,0,0,0,0,0,0,0,0,0,0,0,0,1,0,0,0,0,0,0,0,0,0,0,0,0,0,0,0,0,0,0,0,0
13-Feb-2020,0,0,0,0,0,0,0,0,0,0,0,0,0,0,0,0,0,0,0,0,0,0,0,0,0,0,0,0,0,0,0,0,0,0,0,0,0,0,0,0,0,15152,0,0,0,0,0,0,0,0,0,0,0,0,0,0,0,0,0,0,0,0,0,0,0,0,0,0,0,0,0,0,0,0,0,0,0,0,0,0,0,0,0,0,0,0,0,0,0,0,0,0,0,0,0,0,0,0,0,0,0,0,0,4,0,0,0,0,0,0,0,0,0,0,0,0,0,0,0,0,0,0,1,0,0,0,0,0,0,0,0,0,0,0,0,0,0,0,0,0,0,0,0,0,0,0,0,0,0,0,0,0,0,0,0,0,0,0,0,0,0,0,0,0,0,0,0,0,0,0,0,0,0,0,0,0,0,0,0,8,0,0,0,0,0,0,0,0,0,0,0,0,0,0,0,0,0,0,0,0,0,0,0,0,0,0,0,2,0,0,0,1,0,0,0,0
14-Feb-2020,0,0,0,0,0,0,0,0,0,0,0,0,0,0,0,0,0,0,0,0,0,0,0,0,0,0,0,0,0,0,0,0,0,0,0,0,0,0,0,0,0,4050,0,0,0,0,0,0,0,0,0,0,0,0,0,0,0,0,1,0,0,0,0,0,0,0,0,0,0,0,0,0,0,0,0,0,0,0,0,0,0,0,0,0,0,0,0,0,0,0,0,0,0,0,0,0,0,0,0,0,0,0,0,8,0,0,0,0,0,0,0,0,0,0,0,0,0,0,0,0,0,0,0,0,0,0,0,0,0,0,0,0,0,0,0,0,0,0,0,0,0,0,0,0,0,0,0,0,0,0,0,0,0,0,0,0,0,0,0,0,0,0,0,0,0,0,0,0,0,0,0,0,0,0,0,0,0,0,0,9,0,0,0,0,0,0,0,0,0,0,0,0,0,0,0,0,0,0,0,0,0,0,0,0,0,0,0,0,0,0,0,0,0,0,0,0
15-Feb-2020,0,0,0,0,0,0,0,0,0,0,0,0,0,0,0,0,0,0,0,0,0,0,0,0,0,0,0,0,0,0,0,0,0,0,0,0,0,0,0,0,0,2644,0,0,0,0,0,0,0,0,0,0,0,0,0,0,0,0,0,0,0,0,0,0,0,0,0,0,0,0,0,0,0,0,0,0,0,0,0,0,0,0,0,0,0,0,0,0,0,0,0,0,0,0,0,0,0,0,0,0,0,0,0,12,0,0,0,0,0,0,0,0,0,0,0,0,0,0,0,0,0,0,3,0,0,0,0,0,0,0,0,0,0,0,0,0,0,0,0,0,0,0,0,0,0,0,0,0,0,0,0,0,0,0,0,0,0,0,0,0,0,0,0,0,0,0,0,0,0,0,0,0,0,0,0,0,0,0,0,5,0,0,0,0,0,0,0,0,0,0,0,0,0,0,1,0,0,0,0,0,0,0,0,0,0,0,0,0,0,0,0,0,0,0,0,0
16-Feb-2020,0,0,0,0,0,0,0,0,0,0,0,0,0,0,0,0,0,0,0,0,0,0,0,0,0,0,0,0,0,0,0,0,0,0,0,0,0,0,0,0,0,2008,0,0,0,0,0,0,0,0,0,0,0,0,0,0,0,0,0,0,0,0,0,0,0,0,0,0,0,1,0,0,0,0,0,0,0,0,0,0,0,0,0,0,0,0,0,0,0,0,0,0,0,0,0,0,0,0,0,0,0,0,0,6,0,0,0,0,0,0,0,0,0,0,0,0,0,0,0,0,0,0,0,0,0,0,0,0,0,0,0,0,0,0,0,0,0,0,0,0,0,0,0,0,0,0,0,0,0,0,0,0,0,0,0,0,0,0,0,0,1,0,0,0,0,0,0,0,0,0,0,0,0,0,0,0,0,0,0,3,0,0,0,0,0,0,0,0,0,0,0,0,0,0,0,0,0,0,0,0,0,0,0,0,1,0,0,0,0,0,0,0,0,0,0,0
17-Feb-2020,0,0,0,0,0,0,0,0,0,0,0,0,0,0,0,0,0,0,0,0,0,0,0,0,0,0,0,0,0,0,0,0,0,0,0,0,1,0,0,0,0,2051,0,0,0,0,0,0,0,0,0,0,0,0,0,0,0,0,0,0,0,0,0,0,0,0,0,0,0,0,0,0,0,0,0,0,0,0,0,0,0,0,0,0,0,0,0,0,0,0,0,0,0,0,0,0,0,0,0,0,0,0,0,6,0,0,0,0,0,0,0,0,0,0,0,0,0,0,0,0,0,0,0,0,0,0,0,0,0,0,0,0,0,0,0,0,0,0,0,0,0,0,0,0,0,0,0,0,0,0,0,0,0,0,0,0,0,0,0,0,1,0,0,0,0,0,0,0,0,0,0,0,0,0,0,0,0,0,0,2,0,0,0,0,0,0,0,0,0,0,0,0,0,0,1,0,0,0,0,0,0,0,0,0,0,0,0,0,0,0,0,0,0,0,0,0
18-Feb-2020,0,0,0,0,0,0,0,0,0,0,0,0,0,0,0,0,0,0,0,0,0,0,0,0,0,0,0,0,0,0,0,0,0,0,0,0,0,0,0,0,0,1893,0,0,0,0,0,0,0,0,0,0,0,0,0,0,0,0,0,0,0,0,0,0,0,0,0,0,0,0,0,0,0,0,0,0,0,0,0,0,0,0,0,0,0,0,0,0,0,0,0,0,0,0,0,0,0,0,0,0,0,0,0,7,0,0,0,0,0,0,0,0,0,0,0,0,0,0,0,0,0,0,0,0,0,0,0,0,0,0,0,0,0,0,0,0,0,0,0,0,0,0,0,0,0,0,0,0,0,0,0,0,0,0,0,0,0,0,0,0,1,0,0,0,0,0,0,0,0,0,0,0,0,0,0,0,0,0,0,4,0,0,0,0,0,0,0,0,0,0,0,0,0,0,0,0,0,0,0,0,0,0,0,0,0,0,0,0,0,0,0,0,0,0,0,0
19-Feb-2020,0,0,0,0,0,0,0,0,0,0,0,0,0,0,0,0,0,0,0,0,0,0,0,0,0,0,0,0,0,0,0,0,0,0,0,0,0,0,0,0,0,1751,0,0,0,0,0,0,0,0,0,0,0,0,0,0,0,0,0,0,0,0,0,0,0,0,0,0,0,0,0,0,0,0,0,0,0,0,0,0,0,0,0,0,0,0,0,0,0,0,0,0,0,0,0,0,2,0,0,0,0,0,0,1,0,0,0,0,0,0,0,0,0,0,0,0,0,0,0,0,0,0,0,0,0,0,0,0,0,0,0,0,0,0,0,0,0,0,0,0,0,0,0,0,0,0,0,0,0,0,0,0,0,0,0,0,0,0,0,0,20,0,0,0,0,0,0,0,0,0,0,0,0,0,0,0,0,0,0,3,0,0,0,0,0,0,0,0,0,0,0,0,0,0,0,0,0,0,0,0,0,0,0,0,0,0,0,0,0,0,0,0,0,0,0,0
20-Feb-2020,0,0,0,0,0,0,0,0,0,0,0,0,0,0,0,0,0,0,0,0,0,0,0,0,0,0,0,0,0,0,0,0,0,0,0,0,0,0,0,0,0,396,0,0,0,0,0,0,0,0,0,0,0,0,0,0,0,0,0,0,0,0,0,0,0,0,0,0,0,0,0,0,0,0,0,0,0,0,0,0,0,0,0,0,0,0,0,0,0,0,0,0,0,0,0,0,3,0,0,0,0,0,0,20,0,0,0,0,0,0,0,0,0,0,0,0,0,0,0,0,0,0,0,0,0,0,0,0,0,0,0,0,0,0,0,0,0,0,0,0,0,0,0,0,0,0,0,0,0,0,0,0,0,0,0,0,0,0,0,0,53,0,0,0,0,0,0,0,0,0,0,0,0,0,0,0,0,0,0,1,0,0,0,0,0,0,0,0,0,0,0,0,0,0,0,0,0,0,0,0,0,0,0,0,0,0,0,0,0,0,0,0,0,0,0,0
21-Feb-2020,0,0,0,0,0,0,0,0,0,0,2,0,0,0,0,0,0,0,0,0,0,0,0,0,0,0,0,0,0,0,0,0,0,0,0,0,0,0,0,0,0,892,0,0,0,0,0,0,0,0,0,0,0,0,0,0,0,0,0,0,0,0,0,0,0,0,0,0,0,0,0,0,0,0,0,0,0,0,0,0,0,0,0,0,0,0,0,0,0,0,0,0,0,0,0,0,13,0,0,0,1,1,0,12,0,0,0,0,0,0,0,0,0,1,0,0,0,0,0,0,0,0,0,0,0,0,0,0,0,0,0,0,0,0,0,0,0,0,0,0,0,0,0,0,0,0,0,0,0,0,0,0,0,0,0,0,0,0,0,0,100,0,0,0,0,0,0,0,0,0,0,0,0,0,0,0,0,0,0,1,0,0,0,0,0,0,0,0,0,0,0,0,0,0,0,0,0,0,0,0,0,0,0,0,2,0,0,19,0,0,0,0,0,0,0,0
22-Feb-2020,0,0,0,0,0,0,0,0,0,0,4,0,0,0,0,0,0,0,0,0,0,0,0,0,0,0,0,0,0,0,0,0,0,0,0,0,1,0,0,0,0,825,0,0,0,0,0,0,0,0,0,0,0,0,0,0,0,0,0,0,0,0,0,0,0,0,0,0,0,0,0,0,0,0,0,0,0,0,0,0,0,0,0,0,0,0,0,0,0,0,0,0,0,0,0,0,10,0,0,0,0,7,0,27,0,0,0,0,0,0,0,0,0,0,0,0,0,0,0,0,0,0,0,0,0,0,0,0,0,0,0,0,0,0,0,0,0,0,0,0,0,0,0,0,0,0,0,0,0,0,0,0,0,0,0,0,0,0,0,0,229,0,0,0,0,0,0,0,0,0,0,0,0,0,0,0,0,0,0,3,0,0,0,0,0,0,0,0,0,0,0,0,0,0,0,0,0,0,0,0,0,0,0,0,2,0,0,1,0,0,0,0,0,0,0,0
23-Feb-2020,0,0,0,0,0,0,0,0,0,0,1,0,0,0,0,0,0,0,0,0,0,0,0,0,0,0,0,0,0,0,0,0,0,0,0,0,0,0,0,0,0,649,0,0,0,0,0,0,0,0,0,0,0,0,0,0,0,0,0,0,0,0,0,0,0,0,0,0,0,0,0,0,0,0,0,0,0,0,0,0,0,0,0,0,0,0,0,0,0,0,0,0,0,0,0,0,15,0,0,0,0,113,0,12,0,0,0,0,0,0,0,0,0,0,0,0,0,0,0,0,0,0,0,0,0,0,0,0,0,0,0,0,0,0,0,0,0,0,0,0,0,0,0,0,0,0,0,0,0,0,0,0,0,0,0,0,0,0,0,0,169,0,0,0,0,0,0,0,0,0,0,0,0,0,0,0,0,0,0,0,0,0,0,0,0,0,0,0,0,0,0,0,0,0,0,4,0,0,0,0,0,0,0,0,0,0,0,0,0,0,0,0,0,0,0,0
24-Feb-2020,1,0,0,0,0,0,0,0,0,0,0,0,0,0,2,0,0,0,0,0,0,0,0,0,0,0,0,0,0,0,0,0,0,0,0,0,1,0,0,0,0,221,0,0,0,0,0,0,0,0,0,0,0,0,0,0,0,0,0,0,0,0,0,0,0,0,0,0,0,0,0,0,0,0,0,0,0,0,0,0,0,0,0,0,0,0,0,0,0,0,0,0,0,0,0,0,18,1,0,0,1,105,0,12,0,0,0,0,0,5,0,0,0,0,0,0,0,0,0,0,0,0,0,0,0,0,0,0,0,0,0,0,0,0,0,0,0,0,0,0,0,0,0,0,0,0,0,0,0,2,0,0,0,0,0,0,0,0,0,0,231,0,0,0,0,0,0,0,0,0,0,0,0,0,0,0,0,0,0,1,0,0,0,0,0,0,0,0,0,0,0,0,0,0,0,0,0,0,0,0,0,0,0,0,0,0,0,18,0,0,0,0,0,0,0,0
25-Feb-2020,0,0,1,0,0,0,0,0,0,0,1,2,0,0,15,0,0,0,0,0,0,0,0,0,0,0,0,0,0,0,0,0,0,0,0,0,0,0,0,0,0,517,0,0,0,0,1,0,0,0,0,0,0,0,0,0,0,0,0,0,0,0,0,0,0,0,0,0,0,0,0,0,0,0,0,2,0,0,0,0,0,0,0,0,0,0,0,0,0,0,0,0,0,0,0,0,34,4,0,0,0,93,0,1,0,0,0,0,0,4,0,0,0,0,0,0,0,0,0,0,0,0,0,0,0,0,0,0,0,0,0,0,0,0,0,0,0,0,0,0,0,0,0,0,0,0,0,0,0,2,0,0,0,0,0,0,0,0,0,0,144,0,0,0,0,0,0,0,0,0,0,0,0,0,0,0,0,0,0,1,0,0,0,0,0,0,0,0,0,0,0,1,0,0,2,0,0,0,0,0,0,0,0,0,0,0,0,0,0,0,0,0,0,0,0,0
26-Feb-2020,0,0,0,0,0,0,0,0,0,0,0,0,0,0,16,0,0,0,0,0,0,0,0,0,0,0,0,1,0,0,0,0,0,0,0,0,1,0,0,0,0,411,0,0,0,0,2,0,0,0,0,0,0,0,0,0,0,0,0,0,0,0,0,0,0,0,0,0,1,6,0,0,0,0,1,3,0,0,1,0,0,0,0,0,0,0,0,0,0,0,0,0,0,0,0,0,44,0,0,0,0,78,0,29,0,0,0,0,0,17,0,0,0,1,0,0,0,0,0,0,0,0,0,0,0,0,0,0,0,0,0,0,0,0,0,0,0,0,0,0,0,0,0,0,0,0,1,0,1,0,2,0,0,0,0,0,0,0,0,0,284,0,1,0,0,0,0,0,0,0,0,0,0,0,0,0,0,0,0,2,0,0,0,0,0,0,10,0,0,0,1,0,0,0,3,0,0,0,0,0,0,0,0,0,0,0,0,6,0,0,0,0,0,0,0,0
27-Feb-2020,0,0,0,0,0,0,0,0,0,0,0,2,0,0,0,0,0,0,0,0,0,0,0,0,0,0,0,0,0,0,0,0,0,0,0,0,0,0,0,0,0,440,0,0,0,0,0,0,0,0,0,0,0,1,0,0,0,0,0,0,0,0,1,0,0,0,0,0,0,0,0,0,0,0,0,5,0,0,2,0,0,0,0,0,0,0,0,0,0,0,0,0,0,0,0,0,106,1,0,0,1,250,0,1,0,0,0,0,0,17,0,0,0,1,0,0,0,0,0,0,0,0,2,0,0,0,0,0,0,0,0,0,0,0,0,0,0,0,0,0,1,0,0,0,0,0,0,0,3,2,0,0,0,0,0,0,0,0,0,0,505,0,0,0,0,0,0,0,0,0,0,0,0,0,0,0,0,0,0,3,0,0,0,0,0,0,13,0,0,0,5,5,0,0,0,3,0,0,0,0,0,0,0,0,6,0,0,0,0,0,0,0,0,0,0,0
28-Feb-2020,0,0,0,0,0,0,0,0,0,0,0,1,0,0,5,0,0,1,0,0,0,0,0,0,0,0,0,0,0,0,0,0,0,0,0,0,3,0,0,0,0,329,0,0,0,0,2,0,0,0,0,0,0,1,0,0,0,0,0,0,0,0,0,0,0,0,0,0,0,39,0,0,0,0,1,31,0,0,0,0,0,0,0,0,0,0,0,0,0,0,0,0,0,0,0,0,143,2,0,0,2,238,0,23,0,0,0,0,0,2,0,0,0,1,0,0,0,0,1,0,0,0,0,0,0,0,0,0,0,0,2,0,0,0,0,0,0,0,0,0,1,0,1,0,0,1,0,0,2,0,0,0,0,0,0,0,0,0,0,0,571,0,2,0,0,0,0,0,0,0,0,0,1,0,0,0,0,0,0,2,0,0,0,0,0,0,7,0,0,0,4,4,0,0,1,4,0,0,0,0,0,0,0,0,0,0,0,3,0,0,0,0,0,0,0,0
29-Feb-2020,0,0,0,0,0,0,0,0,0,0,2,5,3,0,2,0,0,0,0,0,0,0,0,0,0,0,0,0,0,0,0,0,0,0,0,0,0,0,0,0,0,430,0,0,0,0,2,0,0,0,0,0,0,1,0,0,0,1,0,0,0,0,0,0,0,0,0,0,0,43,0,0,0,0,1,0,0,0,0,0,0,0,0,0,0,0,0,0,0,0,0,0,0,0,0,0,205,5,0,0,2,240,0,29,0,0,0,0,0,0,0,0,0,3,0,0,0,0,0,0,0,0,0,0,0,0,0,0,0,0,0,1,0,0,0,0,0,0,0,0,4,0,0,0,0,0,0,0,1,0,2,0,0,0,0,0,0,0,0,1,813,0,0,0,0,0,0,0,0,0,0,0,0,0,0,0,0,0,0,4,0,0,0,0,0,0,13,0,0,0,2,8,0,0,1,3,0,0,0,0,0,0,0,0,0,0,0,0,0,0,0,0,0,0,0,0
1-Mar-2020,0,0,0,0,0,0,0,0,1,0,2,0,0,0,0,0,0,0,0,0,0,0,0,0,0,0,0,1,0,0,0,0,0,0,0,0,5,0,0,0,0,579,0,0,0,0,0,0,0,0,3,0,0,1,0,0,0,0,0,0,0,0,0,0,0,0,0,0,4,0,0,0,0,0,0,72,0,0,4,0,0,0,0,0,0,0,0,0,0,0,0,0,2,0,0,0,0,6,1,0,0,561,0,0,0,0,0,0,0,0,0,0,0,3,0,0,0,0,0,1,0,0,0,0,0,0,0,0,0,0,0,0,0,0,0,0,0,0,0,0,7,0,0,0,0,0,0,0,12,0,0,0,0,0,0,0,0,0,0,2,586,0,0,0,0,0,0,0,0,0,0,0,0,0,0,0,0,0,0,4,0,0,0,0,0,0,0,0,0,0,1,6,0,0,0,13,0,0,0,0,0,0,0,0,2,0,0,0,0,0,0,0,0,0,0,0
2-Mar-2020,0,0,2,1,0,0,0,0,0,0,6,8,0,0,9,0,0,0,7,0,0,0,0,0,0,0,0,0,0,0,0,0,0,0,0,0,8,0,0,0,0,206,0,0,0,0,1,0,0,0,0,0,0,1,0,0,1,5,1,0,0,0,0,0,0,0,0,0,1,88,0,0,0,0,0,29,0,0,0,0,0,0,0,0,0,0,0,0,0,0,0,0,7,2,2,0,908,7,0,0,3,347,0,29,0,1,0,0,0,11,0,0,1,3,0,0,0,0,0,0,0,0,5,0,0,0,0,0,0,0,3,0,0,0,0,1,0,0,0,0,5,0,0,0,0,0,0,0,6,0,1,0,0,0,0,0,0,2,0,4,476,0,0,1,0,0,1,0,0,2,0,0,7,0,1,1,0,0,0,2,0,0,0,0,0,0,69,0,0,0,1,6,0,0,1,3,0,0,0,1,0,0,0,0,0,0,0,2,0,0,0,0,0,0,0,0
3-Mar-2020,0,0,2,0,0,0,0,1,0,0,0,6,0,0,0,0,0,0,0,0,0,0,0,0,0,0,0,0,0,0,0,0,0,0,0,0,3,0,0,0,1,128,0,0,0,0,1,0,0,0,2,0,0,3,0,0,0,1,0,0,0,0,1,0,0,0,0,0,0,21,0,0,0,0,0,38,0,1,0,0,0,0,0,0,0,0,0,0,0,0,0,0,7,0,0,0,835,5,1,0,2,466,0,16,0,0,0,0,0,0,0,0,0,0,0,0,0,0,0,0,0,0,7,0,0,0,0,0,0,0,0,0,0,0,0,0,0,0,0,0,10,0,1,0,0,0,0,0,8,6,0,0,0,0,0,0,0,0,0,1,600,0,1,0,0,0,0,0,0,0,0,0,0,0,0,0,0,0,0,2,0,0,0,0,0,0,37,0,0,0,9,7,0,0,0,12,0,0,0,0,0,0,0,1,6,0,0,44,0,0,0,0,0,0,0,0
4-Mar-2020,0,0,7,0,0,0,0,0,0,0,0,5,0,0,0,0,0,5,15,0,0,0,0,0,0,0,0,1,0,0,0,0,0,0,0,0,0,0,0,0,0,120,0,0,0,0,0,0,0,0,0,0,0,2,0,0,0,0,0,0,0,0,0,0,0,0,0,0,0,73,0,0,0,0,0,66,0,0,2,0,0,0,0,0,0,0,0,0,0,0,0,2,10,22,0,0,586,5,0,0,3,587,0,3,0,0,0,0,0,0,0,0,0,0,0,0,0,0,0,0,0,0,0,0,0,0,0,0,0,0,0,0,0,0,0,0,0,0,0,0,10,0,0,0,0,0,0,0,0,3,0,0,0,0,0,0,0,4,0,0,516,0,0,0,0,0,0,0,0,0,0,0,8,0,1,3,0,0,0,0,0,0,1,0,0,0,47,0,0,0,11,20,0,0,0,38,0,0,0,0,0,0,0,0,0,0,0,21,0,0,0,0,0,0,0,0
5-Mar-2020,0,0,0,0,0,0,0,0,0,0,24,8,0,0,0,0,0,0,27,0,0,0,0,0,0,2,0,4,0,0,0,0,0,0,0,0,15,0,0,0,0,143,0,0,0,0,1,0,0,0,7,0,0,8,0,0,0,6,1,0,0,0,1,0,0,0,1,0,5,138,0,0,0,0,6,138,0,0,23,0,0,0,0,0,0,0,0,0,0,0,0,0,0,2,0,0,591,0,12,0,0,769,0,62,0,0,0,0,0,2,0,0,0,3,0,0,0,1,0,0,0,0,19,0,0,0,0,0,0,0,0,0,0,0,0,1,0,0,0,0,44,0,0,0,0,0,0,0,23,1,0,0,0,0,0,0,1,3,0,0,438,0,2,1,0,0,0,0,0,0,0,0,5,0,3,0,0,0,0,7,0,0,4,0,1,0,59,0,0,0,26,29,0,0,4,29,0,0,0,0,0,0,0,0,0,0,0,19,0,0,0,0,0,0,0,7
6-Mar-2020,0,0,5,0,0,0,0,1,0,0,5,29,6,0,0,0,0,0,59,0,0,0,1,0,0,0,0,1,0,0,0,0,0,0,0,2,4,0,0,0,4,146,1,0,0,0,1,0,0,0,0,0,0,5,0,0,0,0,0,0,0,0,7,0,0,0,0,0,7,193,0,0,0,0,0,239,0,0,0,0,0,0,0,0,0,0,0,0,0,1,0,2,2,2,2,0,1234,8,4,0,4,778,0,0,0,0,0,0,0,0,0,0,0,6,0,0,0,0,0,1,0,0,28,0,0,0,0,0,0,0,0,0,0,0,0,0,0,0,0,0,46,0,2,0,0,0,2,0,57,0,0,0,0,0,0,2,4,4,0,3,518,0,1,3,0,0,0,0,0,0,0,0,3,0,0,0,1,0,0,13,0,1,4,0,0,0,117,0,0,0,76,123,0,0,1,49,0,0,0,0,0,0,0,0,18,0,0,65,0,0,0,1,0,0,0,9
7-Mar-2020,3,0,0,0,0,0,0,7,0,0,8,13,0,0,7,0,0,0,60,0,0,0,0,0,0,0,0,11,0,0,0,0,0,0,1,0,8,0,0,0,0,102,0,0,0,0,0,0,0,0,14,0,0,8,0,0,0,1,45,0,0,0,0,0,0,0,0,0,0,93,5,0,0,0,3,156,0,0,34,0,0,0,0,0,0,0,0,0,0,0,0,3,17,3,0,0,1076,10,1,0,2,1247,0,58,0,0,0,0,0,3,0,0,0,0,0,0,0,0,0,0,0,0,10,2,0,3,2,0,0,0,0,0,0,0,0,0,0,0,0,0,60,0,1,0,0,0,0,0,34,0,0,0,0,0,6,1,1,0,0,1,483,1,2,0,0,0,0,0,0,0,0,0,3,0,2,0,0,0,0,8,0,2,3,0,1,0,56,0,0,0,24,55,0,0,2,43,0,1,0,0,0,0,0,0,0,0,0,0,0,0,0,3,0,0,0,0
8-Mar-2020,0,0,0,0,0,0,0,3,0,0,7,23,0,0,23,3,0,0,31,0,0,0,0,0,0,0,0,0,0,0,4,0,0,0,0,0,3,0,0,0,5,46,0,0,0,5,0,0,0,0,6,0,0,5,0,0,0,0,1,0,0,0,0,0,0,0,1,0,11,410,0,0,0,0,1,107,0,0,7,0,0,0,0,0,0,0,0,0,0,0,0,1,10,5,2,0,743,6,2,0,18,1492,0,48,0,0,0,0,0,3,0,0,2,10,0,0,0,0,0,0,0,0,0,2,0,0,0,0,0,0,2,0,0,0,0,0,0,0,0,0,77,0,0,0,0,0,0,0,22,0,1,0,0,1,0,4,5,17,0,0,367,0,6,0,0,0,0,0,0,0,0,0,10,0,4,0,0,0,0,12,0,2,4,0,1,0,159,0,0,0,42,68,0,0,0,67,0,0,0,1,0,0,0,0,0,0,0,0,0,0,0,10,0,0,0,3
9-Mar-2020,0,2,3,0,0,0,0,0,0,0,15,10,0,0,16,0,0,0,0,0,0,0,0,0,0,0,0,6,0,0,0,0,0,0,0,0,12,0,0,0,0,45,0,0,0,4,1,0,0,2,0,0,0,54,0,0,0,1,10,0,0,0,0,0,0,0,0,0,10,286,0,0,0,0,2,237,0,0,0,0,0,0,0,0,1,0,0,0,0,0,0,1,0,5,0,0,595,0,0,0,0,1797,0,59,0,0,0,0,0,0,0,0,3,0,0,0,0,0,0,3,0,0,24,0,0,0,0,0,0,0,0,0,0,0,0,0,0,0,0,0,0,0,0,0,0,1,1,0,23,0,0,0,0,0,1,14,5,0,0,3,248,0,0,0,0,0,0,0,0,0,0,0,12,0,4,0,0,0,0,10,0,0,0,0,0,0,435,0,0,0,45,0,0,0,0,46,0,0,0,0,0,0,0,0,14,0,0,259,0,0,0,1,0,0,0,6
10-Mar-2020,0,4,0,0,0,0,0,0,0,0,0,70,0,0,15,0,0,3,67,0,0,0,0,0,0,0,0,0,0,1,0,0,0,0,1,0,5,0,0,0,3,20,2,0,0,0,0,0,0,0,29,0,0,172,0,0,4,0,0,0,0,0,0,0,0,0,0,0,0,372,0,0,0,0,8,157,0,0,17,0,0,0,0,0,0,0,0,0,0,0,0,3,6,6,13,0,881,1,13,0,19,977,1,0,0,0,0,0,0,5,0,0,2,0,0,0,0,0,0,0,0,0,0,2,0,1,0,0,0,0,0,0,1,0,0,1,0,0,0,0,117,0,0,0,0,0,3,0,85,2,10,1,0,0,2,9,6,11,0,3,131,2,2,0,0,0,0,0,0,0,0,0,14,0,5,0,4,0,0,6,0,2,7,0,4,0,615,0,0,0,78,159,0,0,3,50,0,0,0,4,0,0,0,0,15,0,0,224,0,0,0,0,0,0,0,4
11-Mar-2020,3,4,0,0,0,0,0,5,0,0,30,0,0,0,79,0,0,3,0,0,0,0,0,2,0,2,0,9,0,11,3,2,0,0,0,0,16,0,0,0,4,31,0,0,0,4,8,0,0,0,0,0,1,276,0,0,0,0,8,0,0,0,3,0,0,0,0,0,0,495,0,0,0,0,0,271,0,0,0,0,0,0,0,0,0,0,0,0,0,0,0,1,0,10,8,0,958,9,9,0,17,2313,0,54,0,0,0,0,0,3,0,0,2,29,0,0,0,0,2,0,0,0,12,2,0,2,1,0,0,0,0,0,0,0,0,2,0,0,0,0,121,0,0,0,0,0,0,0,0,0,3,7,0,4,2,16,5,0,0,244,242,0,14,0,0,0,0,0,0,0,0,0,6,0,1,0,7,0,0,12,0,3,34,0,0,0,501,1,0,0,135,154,0,0,6,87,0,0,0,0,1,0,0,0,0,0,0,0,0,0,0,4,0,0,0,1
12-Mar-2020,0,13,5,0,0,0,0,2,0,0,18,179,2,0,6,0,0,0,47,0,0,0,0,0,0,0,0,18,0,0,0,0,0,0,2,0,0,0,0,0,6,26,6,0,0,0,0,0,0,4,55,1,0,136,0,0,0,2,0,0,0,0,0,0,0,0,0,0,115,12,0,1,0,0,2,0,0,0,9,0,0,0,0,0,0,0,0,0,0,0,2,0,0,14,7,0,1075,0,27,0,24,2651,0,52,2,0,0,0,0,8,0,0,6,5,0,0,0,3,0,12,0,0,0,0,0,3,0,0,0,0,4,0,0,0,0,1,0,0,0,0,111,0,0,0,0,0,0,0,0,0,1,2,0,0,6,3,24,0,0,0,224,1,18,27,0,0,0,0,0,0,0,0,8,0,0,6,7,0,0,9,0,11,0,0,10,0,825,1,0,0,159,213,0,0,11,134,0,0,0,1,0,0,0,0,11,0,0,291,0,0,0,4,0,0,0,1
13-Mar-2020,0,10,0,1,0,0,1,12,7,0,49,143,0,0,0,0,0,9,285,0,0,0,0,1,0,7,0,46,0,0,0,0,0,0,0,0,59,1,0,0,20,10,7,0,0,10,11,4,1,8,0,0,0,127,0,0,0,6,0,0,0,0,66,0,0,0,1,0,0,1359,1,0,0,0,0,693,0,0,0,0,0,0,0,0,0,0,0,1,0,0,0,6,56,7,35,0,1289,0,21,0,27,2547,1,55,0,0,0,0,2,20,0,0,3,0,0,0,0,0,3,21,0,0,0,0,0,3,1,0,0,0,1,1,0,0,0,0,0,0,0,0,190,0,0,0,0,0,2,0,473,0,0,4,0,0,5,0,13,71,0,0,0,4,15,0,0,3,0,0,0,0,0,1,6,0,0,0,12,0,0,13,0,11,84,0,0,0,1266,0,0,0,155,267,0,0,5,208,0,0,1,0,4,0,0,2,0,0,1,277,0,0,0,0,0,0,0,4
14-Mar-2020,3,5,12,0,0,0,0,14,0,0,8,151,8,0,16,0,0,0,90,0,0,0,0,0,0,0,0,23,0,13,0,1,0,0,2,1,24,0,1,0,18,30,8,0,0,0,0,0,0,7,34,2,1,26,0,0,0,0,26,0,1,0,0,1,1,0,6,0,55,829,1,0,1,0,5,1535,1,0,129,0,0,3,0,0,0,1,0,0,0,0,0,6,21,3,0,0,1365,23,38,0,52,3497,6,105,0,0,6,1,3,4,0,0,0,27,0,0,0,0,2,0,0,0,68,1,0,0,6,1,0,1,14,0,0,0,0,12,0,0,2,0,155,0,1,0,0,0,4,0,157,2,8,13,0,1,6,12,0,0,3,75,107,4,49,0,0,3,0,0,0,0,0,0,0,0,82,11,10,0,0,12,0,12,0,0,21,0,1522,3,1,0,149,234,0,0,0,342,0,0,0,9,0,0,0,0,0,0,0,414,0,0,2,9,0,0,0,3
15-Mar-2020,6,4,12,0,0,0,0,0,18,0,101,205,2,0,3,0,0,0,197,0,0,0,0,0,0,8,0,0,0,15,44,0,0,0,5,0,128,0,0,0,0,27,0,0,1,0,6,0,1,9,103,0,0,37,0,0,0,0,17,0,0,0,92,0,0,0,0,0,57,911,0,2,0,0,3,1043,1,0,103,0,0,3,0,1,0,0,0,3,0,0,0,7,0,23,48,0,1254,31,40,0,22,3590,0,0,0,5,0,0,0,8,0,0,12,6,0,0,0,0,1,0,0,0,41,4,0,9,5,0,0,0,15,0,0,0,0,10,0,0,0,0,176,0,0,0,0,0,0,0,170,2,24,0,0,0,15,76,47,133,0,0,76,11,10,0,5,3,2,0,2,0,0,0,9,0,0,5,0,2,0,14,0,17,78,0,0,0,2000,5,0,1,68,841,0,0,39,251,0,0,1,2,0,0,0,0,13,0,0,36,4,0,15,5,0,0,0,0
16-Mar-2020,5,9,0,12,0,0,0,11,26,0,38,99,0,0,7,5,0,15,199,0,0,0,0,8,0,0,0,79,0,10,16,12,0,0,0,2,0,0,0,0,14,29,10,0,0,12,19,0,0,3,45,0,0,34,0,0,0,14,16,0,0,0,34,0,3,0,2,0,5,1193,0,0,0,0,0,1174,0,2,0,0,0,0,0,0,0,0,0,0,0,0,0,7,42,7,55,0,1008,0,54,0,50,3233,2,34,0,0,0,2,0,11,0,0,5,0,0,0,0,3,8,43,0,0,315,0,0,9,1,0,0,0,12,7,3,0,0,1,0,0,0,0,278,0,0,0,0,0,6,0,92,0,1,16,0,2,28,2,39,86,0,64,74,6,35,59,0,0,0,0,0,0,0,0,10,0,30,0,16,2,0,17,0,11,34,1,13,0,1438,8,0,0,67,0,0,0,33,152,0,0,0,2,42,0,0,2,0,0,0,0,0,4,0,4,0,0,0,1
17-Mar-2020,1,4,11,2,0,0,0,9,0,2,78,373,0,1,16,0,0,0,401,0,1,0,0,0,0,0,0,34,0,4,14,5,0,0,12,0,120,0,0,0,81,39,11,0,0,6,9,1,1,0,136,3,1,79,0,0,16,21,40,0,0,0,20,0,1,0,36,0,47,1079,0,0,0,0,1,1144,4,0,56,0,0,12,3,5,0,0,0,0,0,0,6,11,45,23,0,0,1178,30,69,0,54,3526,2,15,3,29,27,0,8,7,0,0,24,21,0,1,0,0,8,59,0,0,0,0,0,8,0,0,0,0,29,0,0,2,0,9,0,0,0,0,638,0,5,0,0,0,12,0,139,2,134,26,0,1,15,45,96,117,0,41,84,1,26,0,2,0,0,0,0,0,0,0,2,0,38,1,15,0,0,23,0,25,22,0,11,0,1987,10,0,0,108,450,0,0,30,407,0,0,3,4,0,0,0,9,0,1,1,1822,2,12,16,4,0,0,0,2
18-Mar-2020,0,4,12,23,0,0,0,32,32,2,96,314,13,2,19,2,2,10,0,0,0,2,0,1,0,17,0,57,0,2,11,6,0,0,11,5,145,0,0,0,82,58,48,0,2,9,16,5,0,25,88,3,4,67,1,0,0,97,30,0,2,0,33,0,1,0,11,0,40,1391,4,0,2,1,0,1042,3,5,31,2,0,15,2,0,0,0,0,1,0,0,1,8,25,14,55,0,1192,10,0,0,123,4207,1,44,0,17,3,4,0,12,3,0,11,0,0,1,0,18,1,70,0,0,120,0,0,10,7,1,3,2,11,0,1,0,1,11,0,0,0,0,0,0,9,0,0,6,0,0,115,9,54,17,0,2,59,0,41,194,2,0,93,6,62,54,4,3,0,0,0,2,0,0,5,0,67,9,10,2,0,47,1,10,11,0,54,0,2538,13,0,0,112,360,0,0,35,676,0,0,2,5,144,0,0,2,15,2,1,3551,23,0,3,5,0,2,0,0
19-Mar-2020,0,11,10,36,0,0,0,0,38,1,199,197,0,0,13,7,0,0,309,0,1,0,1,3,0,8,0,137,0,17,2,14,0,0,12,5,167,2,0,1,104,126,15,0,0,37,0,1,0,0,172,0,7,88,0,0,13,44,14,1,1,0,9,0,3,0,14,1,10,1834,4,8,0,0,4,2801,2,2,0,0,0,12,7,3,0,1,0,0,0,0,3,15,80,44,82,0,1046,13,265,0,102,5322,2,77,0,4,10,0,8,6,0,0,15,29,0,0,0,0,10,135,0,0,227,0,0,5,9,0,4,1,25,0,1,8,0,12,0,0,1,0,409,2,19,1,1,4,17,0,129,6,61,23,0,0,89,30,38,143,1,10,239,13,14,52,0,3,0,0,0,0,0,0,17,0,0,2,41,0,0,32,0,16,33,0,34,0,3431,17,0,0,144,853,0,0,110,647,0,8,2,10,0,0,0,0,27,3,0,3355,50,5,0,19,0,0,0,6
20-Mar-2020,2,0,12,0,0,0,0,31,14,0,164,806,10,1,16,0,3,11,462,0,0,0,0,1,0,0,0,193,0,5,33,0,0,1,4,7,110,0,0,0,92,116,37,0,0,26,45,5,0,9,210,0,0,123,0,0,38,168,46,0,0,0,16,0,0,0,8,0,81,1598,0,0,0,0,5,7324,5,0,77,0,0,6,2,3,0,0,0,0,2,0,12,12,79,0,60,0,1237,16,126,1,183,5986,1,46,7,13,7,0,3,11,3,0,25,14,0,0,0,9,33,139,0,0,130,0,0,11,0,0,5,0,46,3,0,4,0,13,0,0,0,0,534,0,14,0,0,0,22,0,190,9,159,28,1,2,0,13,100,235,8,8,147,17,48,54,0,13,0,0,0,0,0,0,25,0,36,0,12,0,0,40,0,14,22,0,55,0,2833,0,0,1,200,977,0,0,0,706,1,0,0,15,479,0,0,10,0,0,0,4777,15,12,0,6,0,0,1,1
21-Mar-2020,0,6,0,13,2,0,0,30,24,0,208,375,9,0,21,7,0,19,558,0,0,0,0,3,0,48,0,283,0,5,36,32,0,2,2,5,202,0,2,0,0,82,51,0,1,0,80,0,0,17,91,0,9,71,0,0,0,139,29,0,2,1,23,0,0,0,12,1,71,1821,0,4,0,0,6,3140,3,0,35,0,0,0,1,0,0,0,0,0,0,0,0,46,64,88,81,0,966,21,102,1,171,6557,0,50,0,15,3,0,0,17,8,0,13,43,0,1,0,2,36,186,3,0,153,0,0,9,0,0,0,7,0,6,4,0,0,12,0,0,0,0,637,2,13,1,0,10,15,0,184,4,34,0,0,5,84,77,111,260,7,10,98,14,59,53,6,19,0,0,0,0,0,0,0,0,118,18,38,1,0,47,0,41,42,0,35,0,4946,13,1,0,123,1237,0,0,89,1035,0,6,0,6,277,0,1,21,13,0,3,0,0,0,0,3,0,0,1,4
22-Mar-2020,10,0,45,0,0,0,0,0,0,0,17,0,0,0,28,0,0,0,0,0,0,0,0,0,0,0,0,0,0,0,0,3,0,0,0,0,0,0,0,0,0,1,0,0,0,0,0,0,0,0,0,0,0,0,0,0,0,0,9,0,0,0,0,0,0,0,0,0,0,0,0,0,3,0,0,0,0,0,0,0,0,0,0,0,0,0,0,0,0,0,0,0,0,58,64,0,1028,19,0,0,0,0,0,0,0,15,0,0,0,12,0,0,0,42,0,0,0,0,0,0,0,0,0,0,0,0,0,0,0,0,0,0,0,0,0,23,0,0,0,0,0,0,0,0,0,0,0,0,0,3,151,0,0,0,0,73,0,0,0,11,0,0,0,0,0,0,0,0,0,0,0,0,0,0,119,0,0,0,0,0,0,0,0,0,0,0,0,0,0,0,0,0,0,0,188,0,0,0,0,15,0,0,0,0,0,0,0,0,0,0,0,0,0,0,0,7
23-Mar-2020,6,13,62,25,0,0,0,67,30,3,611,607,12,0,5,3,0,0,586,0,0,0,0,5,0,33,0,0,0,5,22,0,0,0,33,13,336,0,1,0,198,104,0,0,0,4,29,0,0,11,170,16,7,69,2,0,0,26,33,0,0,0,20,3,2,0,23,1,105,1525,3,3,0,0,5,3311,5,5,94,0,1,5,12,6,16,0,0,0,0,0,2,36,95,93,65,0,1411,33,121,0,188,5560,3,43,3,13,4,8,7,1,0,0,15,19,0,0,0,10,38,128,9,0,123,0,0,17,5,0,0,3,87,1,0,7,0,25,1,0,0,0,573,3,36,0,1,0,29,0,206,11,138,108,0,4,0,16,98,320,2,13,64,14,66,132,0,17,0,0,0,1,0,0,0,0,51,11,46,0,0,23,0,7,31,0,34,0,3646,22,0,0,160,894,1,0,122,669,0,1,41,14,289,0,0,0,45,6,0,16354,41,13,34,24,0,1,0,0
24-Mar-2020,2,34,30,51,0,0,2,76,45,4,427,855,7,0,51,12,13,5,342,1,3,4,0,4,0,6,0,1297,0,3,16,24,0,0,1,30,355,2,0,2,290,164,110,0,0,60,71,32,3,21,71,0,6,65,0,2,240,517,39,4,0,0,26,0,0,0,3,1,74,3794,5,5,0,0,13,4438,3,0,71,2,0,17,2,3,3,2,0,0,5,0,4,20,20,85,0,0,1762,50,219,11,167,4789,2,39,1,15,3,1,30,2,2,2,41,37,0,0,0,0,36,77,1,0,212,0,0,17,20,0,24,10,119,0,0,1,0,9,0,2,0,1,545,2,40,0,0,0,22,0,239,18,103,100,0,5,98,66,115,460,16,7,76,15,143,0,19,7,0,0,1,3,0,0,36,0,205,12,30,0,0,52,1,6,28,0,128,0,4517,3,1,4,110,1044,0,0,106,967,0,2,7,25,293,1,8,37,50,0,11,20341,27,0,7,5,0,0,0,1
25-Mar-2020,32,23,33,24,0,0,0,0,30,0,287,796,15,0,29,0,0,0,526,0,0,0,0,0,0,33,0,0,0,13,19,15,0,0,4,0,0,0,0,0,0,102,0,0,0,0,76,0,0,8,158,47,9,131,9,0,0,0,76,0,0,0,17,0,1,0,4,1,92,2410,0,2,0,1,6,2342,26,0,48,0,0,0,3,0,3,0,0,0,0,0,0,39,60,87,211,0,2206,30,204,10,932,5249,0,65,0,26,16,9,2,4,26,0,17,29,0,0,1,1,30,224,6,0,278,0,0,13,0,0,6,6,0,0,0,7,0,27,2,1,1,0,811,3,47,0,0,20,12,0,195,15,104,0,0,0,0,174,152,302,0,25,100,16,186,220,4,12,0,0,0,0,0,0,0,0,133,7,54,0,0,51,0,13,38,0,152,0,6584,5,0,0,256,774,0,0,107,1427,0,2,0,59,343,0,0,29,85,0,0,0,0,4,0,11,0,0,0,2
26-Mar-2020,6,28,0,25,0,2,0,201,25,7,376,606,6,1,38,5,0,5,668,1,1,1,1,11,0,9,0,232,2,5,22,32,0,0,5,5,1816,3,1,0,384,92,164,0,0,24,36,19,1,8,260,8,6,133,0,9,176,162,14,8,0,3,35,0,0,0,10,0,88,2895,5,0,0,0,4,4954,79,11,78,1,6,3,5,3,7,0,2,0,1,3,22,35,89,43,103,0,2389,36,235,0,199,5210,5,98,2,19,18,0,8,13,2,1,24,35,0,0,0,4,65,234,0,0,0,0,2,9,9,0,5,5,108,0,1,23,1,55,2,0,4,1,852,2,73,0,0,4,29,0,350,10,66,213,0,14,164,71,150,633,25,11,104,24,144,182,1,11,0,2,0,3,0,0,21,0,112,13,81,0,0,73,0,12,48,1,373,0,7937,0,0,1,238,925,4,0,111,1452,0,3,4,0,561,1,5,43,0,1,0,16420,55,15,14,14,0,0,0,22
27-Mar-2020,11,12,41,18,0,0,0,0,39,0,186,1141,29,0,9,4,0,0,1298,0,0,0,0,0,0,40,0,0,0,5,22,0,0,0,2,0,0,0,0,2,0,132,0,0,0,0,77,0,0,14,408,0,3,153,1,0,0,0,39,0,0,2,134,2,0,0,8,0,78,3866,0,5,0,0,4,5780,4,9,71,1,0,0,8,0,4,1,0,0,0,0,0,39,65,75,153,0,2926,76,255,3,666,6153,0,96,14,40,28,0,8,17,14,3,23,23,0,0,0,5,25,120,5,0,235,0,0,5,0,1,34,15,0,0,0,15,0,50,0,2,0,0,1019,0,76,0,8,19,24,0,240,22,140,0,0,0,0,0,170,549,0,12,91,28,123,196,9,41,0,0,0,0,0,0,10,0,92,6,73,0,0,52,0,10,49,1,0,0,8578,4,0,0,296,1000,0,0,91,2129,0,1,0,54,1196,0,0,62,0,0,0,0,0,18,0,5,0,10,3,7
28-Mar-2020,15,11,62,58,0,0,4,87,43,9,650,668,25,4,7,0,6,8,1049,0,0,8,0,22,0,20,0,482,0,1,29,0,0,2,4,0,463,0,1,0,304,120,21,0,15,30,91,13,0,16,217,12,4,169,2,0,93,384,41,0,0,0,37,3,4,0,4,0,67,3756,3,0,1,0,4,6294,1,20,74,3,0,20,6,1,2,3,0,0,0,0,15,43,88,0,0,0,3076,48,302,3,425,5959,0,112,20,23,79,0,9,10,0,0,36,21,0,0,0,4,59,152,2,0,130,0,7,5,27,2,15,0,111,0,1,3,3,83,2,0,0,0,1172,1,78,0,0,0,18,0,425,21,211,116,0,11,0,368,168,724,0,13,146,22,263,228,4,8,2,0,0,1,0,0,10,0,99,14,71,0,0,49,1,69,55,0,243,0,7871,0,2,1,240,1390,0,0,0,2885,0,1,5,0,2069,0,0,93,135,0,0,16894,21,21,15,16,0,0,0,6
29-Mar-2020,8,15,42,32,0,0,0,101,52,18,331,594,17,1,26,0,0,0,1850,0,0,2,0,13,0,36,0,502,0,5,38,0,0,0,0,16,739,0,0,0,299,128,48,0,0,32,71,39,0,17,384,48,10,155,4,0,0,228,40,6,0,0,65,0,0,0,11,0,193,4603,0,4,0,1,5,3965,0,1,95,1,0,0,5,7,3,0,0,0,0,0,0,65,73,255,239,0,2901,41,294,3,405,5974,4,194,9,11,61,0,3,20,26,0,25,26,0,0,2,1,36,226,11,0,159,3,9,0,0,0,6,0,128,0,0,12,0,92,1,3,3,2,1159,0,60,2,0,0,22,2,264,15,118,112,0,4,55,0,249,902,0,28,105,32,160,270,6,0,0,0,0,0,0,0,0,0,96,11,131,1,0,70,0,0,59,0,17,0,8189,9,0,0,401,1048,4,0,252,2546,0,3,8,51,1704,0,16,107,0,1,0,18093,36,29,7,10,0,3,0,9
30-Mar-2020,0,11,45,20,0,0,0,55,58,0,279,522,26,0,16,1,2,58,1702,0,0,5,1,0,0,56,0,487,0,6,15,76,0,0,5,22,898,0,0,0,0,114,69,0,0,32,56,0,0,35,166,25,13,194,7,0,0,12,33,5,7,0,39,0,5,0,4,0,0,2497,0,1,0,0,8,4751,15,9,95,0,0,0,0,2,0,8,0,0,7,2,43,39,57,92,129,0,3186,0,200,10,382,5217,2,173,2,13,29,13,3,11,0,2,71,8,0,0,5,1,90,119,7,0,150,1,0,12,12,0,0,32,131,12,0,3,0,66,0,2,0,0,1104,0,76,0,10,0,18,0,257,12,99,115,0,3,36,471,224,792,0,44,78,32,308,0,10,64,0,0,1,0,0,0,1,0,154,12,82,0,0,42,0,41,39,0,93,0,6549,5,1,0,253,1122,0,0,136,2433,0,0,2,34,1869,2,3,62,143,5,5,19332,29,12,0,15,0,19,0,9
31-Mar-2020,52,0,57,29,5,0,0,75,0,4,312,805,83,4,52,0,7,0,1063,1,0,0,0,23,0,34,0,352,0,1,13,24,0,0,0,26,662,4,0,0,540,90,94,0,0,19,77,51,4,16,173,4,17,182,5,0,320,127,47,6,1,0,36,0,2,0,9,0,95,4335,12,1,0,0,5,4615,0,4,56,0,2,10,2,2,6,0,6,3,0,0,29,0,66,180,114,0,3111,83,295,0,584,4050,4,87,0,9,18,12,12,23,23,1,0,17,0,0,0,2,0,38,2,0,156,0,0,5,6,0,26,0,145,3,0,6,0,58,0,4,0,0,884,0,48,0,0,46,26,0,124,13,240,88,0,5,181,0,193,446,110,59,125,35,192,303,0,0,1,0,5,6,0,0,1,0,110,20,44,0,0,35,3,0,33,0,46,0,6398,2,1,0,328,1138,1,0,127,2619,0,6,6,50,1556,1,0,69,53,0,8,17987,6,4,16,9,0,0,3,2
1-Apr-2020,26,20,73,6,0,0,0,146,50,5,303,564,25,0,2,5,0,0,876,0,3,5,0,10,0,54,3,323,1,2,40,15,2,0,2,0,1378,0,0,2,289,93,96,0,3,0,77,16,0,32,306,0,11,283,3,0,208,278,54,0,0,0,30,0,3,0,1,0,71,7500,3,1,0,0,12,5453,9,0,102,0,0,8,11,0,15,0,1,4,0,0,0,45,49,385,149,0,2987,64,325,10,298,4053,0,225,0,6,36,9,6,28,4,0,22,16,0,3,2,4,49,190,7,0,140,1,0,11,8,0,15,19,101,3,2,14,0,64,0,1,0,0,845,1,47,0,0,28,44,4,221,18,174,0,0,1,213,765,256,1035,65,88,101,55,293,500,5,40,0,6,0,0,0,0,6,0,157,13,115,0,1,47,0,27,51,2,27,0,9222,21,0,0,407,696,0,0,120,3009,0,0,3,32,2704,0,0,120,0,1,0,22559,11,24,0,9,0,0,0,17
2-Apr-2020,43,34,263,20,1,0,0,88,39,0,116,529,61,1,66,2,0,40,1189,0,4,5,1,8,0,51,0,1138,0,2,23,0,0,0,0,0,1310,2,2,0,293,86,108,0,0,33,96,26,0,58,281,21,14,247,7,0,175,132,69,2,1,9,34,0,0,0,4,0,62,4784,5,0,0,0,6,6156,34,0,61,0,0,11,8,3,18,14,0,7,1,0,33,33,85,329,113,0,2875,78,212,13,462,4782,2,206,18,4,38,22,13,25,4,1,48,15,0,0,0,4,48,141,6,0,142,1,10,21,9,0,11,15,121,0,0,15,0,38,2,1,2,0,1019,1,76,1,54,35,25,0,218,21,252,192,0,4,258,0,243,808,47,54,89,70,215,440,7,34,0,0,4,3,0,0,0,0,165,15,160,2,1,74,0,37,27,0,27,0,7719,5,0,0,512,962,0,0,104,4324,0,2,4,61,2148,0,11,135,150,0,0,24103,18,17,14,10,0,1,0,21
3-Apr-2020,34,0,139,33,0,0,0,79,69,5,374,418,41,6,37,5,12,62,1384,0,0,0,0,8,0,57,1,1119,0,2,35,0,1,0,1,107,1109,8,0,0,373,78,159,0,19,28,48,21,0,36,269,0,11,279,9,0,96,791,86,9,0,5,79,0,5,0,4,2,72,2066,4,0,11,1,27,6174,9,12,139,0,1,3,5,8,13,22,0,0,0,1,47,60,99,336,196,0,2715,48,402,6,620,4668,6,233,0,21,49,29,1,75,15,0,12,14,0,0,1,3,68,168,6,3,208,0,0,7,3,0,15,12,163,0,0,20,0,59,0,4,0,1,1083,1,51,0,24,16,30,2,270,21,159,136,0,8,0,322,392,783,30,240,86,168,278,771,2,27,0,0,0,1,0,1,9,0,154,5,111,0,0,49,12,26,56,0,82,0,8102,3,3,0,519,1774,6,0,103,4244,0,3,1,40,2456,0,1,183,210,0,3,26298,12,31,1,11,0,3,1,16
4-Apr-2020,1,56,185,13,2,1,0,132,96,2,104,396,43,3,16,9,0,0,1422,0,0,3,0,9,2,65,0,1074,0,1,28,41,0,0,4,263,1618,6,0,0,333,73,96,0,0,21,68,36,0,40,332,28,14,371,1,0,108,0,120,5,0,0,103,0,4,0,2,0,97,5209,2,2,3,0,9,6082,1,14,99,0,0,2,2,3,23,0,6,0,2,0,3,93,45,601,106,0,2560,58,424,43,819,4585,3,318,37,11,25,12,6,62,14,0,35,12,0,1,6,1,122,125,5,0,217,0,8,7,7,1,17,0,132,0,0,20,0,123,0,0,0,0,1026,0,50,0,22,18,46,0,273,25,0,158,0,15,91,385,437,852,62,0,94,0,445,601,5,13,0,0,0,0,0,1,7,0,140,24,305,0,0,65,5,24,37,2,43,0,7472,8,0,2,612,862,0,0,89,4450,0,0,7,0,2786,0,3,109,481,0,4,28103,19,20,0,6,0,0,0,34
5-Apr-2020,29,0,80,24,0,0,0,88,10,2,181,241,69,0,10,18,6,186,1661,1,0,0,0,7,0,46,0,1146,0,1,18,0,0,0,0,46,1206,0,1,0,424,55,106,0,4,20,47,19,0,30,282,27,0,320,8,0,0,302,85,10,1,0,57,0,3,1,2,5,267,4221,5,1,0,0,13,5936,0,3,60,0,2,0,9,0,22,59,3,4,0,0,42,55,53,472,181,0,2483,83,331,12,559,4805,6,336,5,13,71,0,8,77,3,0,16,7,0,3,1,1,0,117,0,0,150,0,3,11,7,0,10,19,178,0,0,37,1,102,0,1,1,3,904,0,48,0,24,0,53,0,302,21,609,198,0,4,181,76,244,638,74,250,81,161,430,582,13,13,0,1,0,2,0,0,7,0,206,0,148,0,2,75,0,21,43,0,80,0,7026,7,2,0,365,783,3,0,102,3735,0,1,3,58,3013,0,0,155,0,0,3,32105,17,57,0,1,0,0,0,12
6-Apr-2020,38,44,0,57,4,0,0,98,0,0,160,217,72,4,25,35,0,122,1260,1,9,2,0,18,0,30,0,1222,0,0,28,43,0,0,0,0,966,7,0,2,310,75,139,0,0,19,56,32,0,20,115,16,13,292,31,0,0,0,103,6,0,9,79,0,5,1,0,2,45,1850,4,1,0,0,18,3677,9,5,62,1,0,4,19,11,18,0,0,1,3,0,4,11,69,693,218,0,2274,70,507,1,429,4316,2,383,32,22,73,20,5,109,69,1,24,14,0,3,0,1,40,75,7,1,179,0,0,21,0,0,31,0,202,0,1,6,0,153,0,0,2,0,1224,0,39,0,40,24,72,0,130,33,365,128,0,8,151,152,475,754,0,279,47,112,251,658,0,10,0,0,1,5,0,0,7,4,138,7,284,0,2,120,0,14,20,0,70,1,6023,10,0,0,387,576,0,0,51,5903,0,4,3,21,3135,0,0,68,571,2,2,33510,14,92,0,1,0,0,0,36
7-Apr-2020,30,0,172,17,2,0,8,103,87,0,49,314,57,1,88,41,5,138,1123,2,1,0,0,26,0,33,2,852,0,0,18,0,0,2,1,0,1902,4,0,0,344,66,79,0,0,19,40,30,2,19,235,62,0,312,31,3,340,282,149,7,0,0,11,0,1,0,0,1,249,3881,2,1,0,0,7,3834,0,0,20,0,0,1,1,9,0,0,15,5,3,0,30,73,76,354,247,0,2089,0,253,0,593,3599,3,252,0,4,66,0,20,78,12,1,9,7,0,1,1,0,32,39,8,0,131,0,0,7,4,0,17,17,253,3,0,20,0,28,0,1,0,0,952,0,32,1,69,0,15,0,115,40,581,187,0,9,535,414,311,452,61,228,47,101,193,954,2,5,0,1,0,2,0,4,11,0,272,0,292,1,0,66,14,49,24,0,31,0,4273,4,2,0,376,509,0,0,38,3802,0,0,2,22,3148,0,4,143,0,2,1,26493,6,82,15,4,0,0,0,1
8-Apr-2020,56,23,45,11,1,0,0,74,44,7,112,343,76,4,10,54,4,161,1380,0,3,2,0,11,0,86,0,926,0,0,28,39,0,0,2,0,1243,0,0,1,301,90,94,0,4,13,60,46,0,29,195,26,22,390,14,1,128,0,128,9,0,2,41,1,8,0,3,0,132,3738,4,5,3,0,13,4003,73,10,77,0,0,4,11,7,12,33,0,2,1,0,7,78,24,853,218,0,1997,91,345,23,793,3039,1,351,15,4,39,30,19,112,42,2,6,27,0,0,2,0,37,127,7,4,170,0,8,52,2,0,24,20,296,0,1,25,0,101,0,0,0,0,777,0,26,0,25,22,29,3,108,48,178,112,0,2,280,210,435,712,60,378,53,91,360,1154,1,9,0,0,0,0,1,0,2,0,137,11,247,0,0,106,3,64,34,1,63,0,5478,6,0,0,487,590,0,0,111,3634,0,14,1,27,3892,3,0,206,583,0,0,29510,9,62,6,6,0,0,2,9
9-Apr-2020,61,9,104,15,2,0,4,87,44,3,96,329,105,3,34,112,3,205,1209,1,0,0,0,16,0,35,0,1661,0,0,16,0,0,0,0,175,1384,6,1,0,430,88,201,0,11,16,61,61,1,32,295,35,24,331,5,0,0,703,110,15,0,2,36,2,3,3,0,0,179,3869,5,4,0,0,6,4974,26,0,52,0,0,0,1,10,0,20,0,2,2,1,7,85,30,591,337,0,1634,80,515,0,0,3836,4,511,0,5,18,7,40,55,10,1,29,7,0,17,0,1,32,64,1,0,156,0,9,6,1,0,5,2,346,14,0,0,2,104,7,0,0,0,969,0,23,0,64,22,18,0,147,38,306,149,1,4,393,206,357,699,47,166,39,118,344,2634,5,4,0,1,0,0,0,1,29,0,355,7,219,0,1,142,0,84,36,4,96,0,6180,3,0,0,726,546,0,0,54,5491,0,12,1,5,4117,0,1,224,0,1,2,31709,9,21,1,0,0,0,0,0
10-Apr-2020,37,7,94,23,0,0,0,80,16,8,100,279,104,4,58,94,0,0,1580,1,4,0,0,54,0,59,7,2210,0,0,31,30,0,0,1,0,1326,0,0,1,426,56,274,0,0,19,64,58,0,38,257,0,8,233,10,0,393,515,139,10,2,0,22,0,1,0,0,0,118,4256,6,0,20,0,16,5323,0,0,71,0,0,2,3,8,15,30,2,4,3,0,31,210,32,547,219,0,1972,77,1169,15,351,4204,0,579,0,14,75,5,3,83,18,1,12,27,0,0,3,0,43,81,2,0,109,0,3,38,2,0,41,5,396,0,0,4,0,85,0,5,0,0,1213,0,23,0,68,12,46,0,150,27,206,279,0,5,1388,0,370,815,63,136,27,115,441,1786,3,14,0,0,0,1,0,0,36,0,364,6,201,0,0,287,3,19,33,0,89,2,5756,1,1,0,722,785,0,0,50,4344,0,3,2,15,4056,0,0,311,331,0,1,30859,22,69,0,4,1,0,0,3
11-Apr-2020,0,0,95,13,0,0,0,134,0,4,137,312,65,1,103,58,3,915,1684,1,0,9,0,4,0,26,0,1930,0,1,11,29,0,0,2,73,1467,0,1,0,529,78,169,0,0,37,88,49,0,31,163,96,0,184,37,1,0,2196,95,14,0,0,51,0,9,0,0,1,164,4332,1,0,0,0,3,4133,65,0,56,0,0,2,2,31,10,0,0,0,0,0,39,120,27,1035,330,0,1837,39,696,25,340,3951,0,658,13,0,57,5,23,161,41,0,23,10,0,6,0,1,44,108,0,1,118,0,15,13,0,1,4,0,260,0,0,3,1,96,3,1,0,0,1335,0,20,1,28,17,48,0,84,62,275,224,0,5,914,352,380,1516,42,216,30,149,265,1667,5,6,0,0,0,0,0,4,0,0,382,15,238,0,0,198,7,14,36,9,69,0,4576,7,4,0,544,733,6,0,45,5195,1,0,0,28,4747,0,0,308,746,7,5,35386,7,0,5,2,0,1,0,2
12-Apr-2020,34,30,64,20,0,0,2,46,76,6,24,247,67,1,71,139,1,245,1351,0,5,0,0,7,0,47,0,1781,0,0,26,0,0,0,2,0,1318,0,0,0,426,102,250,0,0,19,39,56,0,21,170,53,8,177,28,0,271,96,145,1,0,0,46,0,4,0,0,0,136,3104,2,0,5,5,19,2821,30,0,70,0,1,0,3,11,9,56,3,0,1,0,10,100,14,909,399,0,1657,34,839,14,430,4694,2,743,15,9,38,2,33,80,38,2,18,11,0,11,1,0,54,47,9,3,184,1,13,20,1,0,1,0,403,0,0,7,0,90,0,10,0,3,1316,0,14,0,53,13,117,0,76,53,213,222,0,4,641,220,401,515,63,251,32,122,523,2186,2,6,0,1,1,1,0,0,12,0,429,13,275,0,1,191,0,13,28,0,25,1,4830,2,0,0,466,592,0,0,33,8719,0,0,0,14,5138,0,0,266,0,0,0,31606,12,172,0,1,0,0,2,0
13-Apr-2020,110,0,89,17,0,0,0,0,26,0,9,130,40,0,261,182,1,352,1629,3,0,2,0,25,1,59,0,1089,0,0,14,0,2,0,0,0,1158,8,0,7,286,112,236,0,10,19,66,49,0,17,89,0,12,178,83,0,347,209,126,7,0,1,5,2,2,0,0,0,69,1595,0,2,8,0,14,2537,158,16,33,0,0,0,0,16,9,0,1,0,0,0,1,48,12,796,316,0,1617,26,727,22,353,4092,4,507,0,8,82,6,79,66,42,1,21,2,0,2,0,0,9,11,2,1,153,0,0,8,1,0,5,16,375,0,0,5,0,129,0,3,0,2,1174,0,15,2,38,5,0,0,95,128,313,260,0,1,951,284,318,598,109,252,25,102,310,2558,6,1,0,0,0,0,0,0,0,0,472,2,250,0,2,233,0,14,17,4,145,0,4167,11,0,0,332,400,0,0,28,5288,2,3,3,22,4789,1,1,325,387,0,0,31633,7,100,0,4,0,3,1,5
14-Apr-2020,49,29,69,12,0,0,2,277,0,0,44,106,50,5,180,209,3,341,942,1,0,7,0,30,0,27,0,1442,0,0,10,54,0,3,0,0,1084,0,0,5,312,99,67,0,4,18,50,57,0,29,68,93,6,144,65,0,200,63,125,12,3,0,23,0,3,0,0,0,90,2668,2,2,0,0,30,2082,0,0,31,0,0,0,0,3,9,69,0,10,9,0,4,54,10,1211,282,0,1574,22,992,2,357,3153,3,390,15,2,112,11,15,55,11,0,4,9,0,1,1,0,8,11,0,3,134,0,29,6,1,0,0,0,442,14,14,7,2,92,1,21,0,2,964,0,8,0,19,20,26,0,73,86,341,166,0,13,671,291,260,349,6,197,27,50,333,2774,1,1,0,0,0,0,0,0,15,0,435,11,424,0,0,386,2,27,7,35,99,0,3477,8,10,0,465,279,0,0,34,4342,2,0,1,19,4093,0,0,270,398,17,0,29308,11,158,10,3,0,2,3,14
15-Apr-2020,70,0,87,8,0,0,0,84,28,0,50,191,49,2,143,219,1,362,530,4,0,0,0,24,1,52,0,1261,0,0,28,18,0,0,0,52,1360,1,0,0,392,51,76,0,0,17,54,40,0,33,82,12,13,193,72,0,119,74,160,12,20,0,41,1,8,6,0,0,97,5483,0,0,23,0,10,2486,70,0,25,0,0,2,0,11,1,44,1,0,0,0,10,67,9,1076,297,0,1512,15,832,14,633,2972,1,455,4,6,184,8,10,50,19,0,2,17,0,8,9,1,0,15,4,0,170,1,7,9,0,0,0,10,353,0,0,14,0,150,7,12,0,0,868,0,6,0,22,0,54,2,78,97,151,72,0,12,0,0,268,514,20,283,27,222,246,3388,7,0,0,0,0,2,0,0,1,0,493,8,411,0,1,334,0,66,8,0,143,0,6538,15,3,0,497,254,4,0,30,5252,0,1,0,21,4062,1,0,392,412,4,0,24446,0,160,0,2,0,0,1,4
16-Apr-2020,10,19,90,14,0,0,0,141,68,1,42,136,56,0,27,341,1,447,2454,0,0,0,0,43,0,30,0,1832,0,0,34,13,0,0,0,0,1394,0,0,4,356,50,127,0,43,6,37,48,0,20,162,16,13,170,156,0,328,255,155,10,10,1,29,1,3,0,0,0,76,2622,7,0,7,0,30,2866,0,0,22,0,0,0,0,13,4,41,3,1,1,0,12,73,7,941,380,0,1606,19,1068,12,332,2667,32,482,0,4,20,9,10,119,17,0,9,5,0,0,13,0,21,66,0,0,85,2,21,6,1,0,0,4,385,0,1,0,0,263,0,11,0,0,734,0,6,0,14,30,66,0,111,109,931,102,0,2,2784,437,380,643,51,392,22,115,337,3448,2,0,0,2,0,0,0,0,21,0,518,15,408,0,2,447,1,28,28,20,91,0,4040,5,0,0,482,583,4,0,29,4603,12,0,1,33,4281,0,1,398,432,35,0,25802,9,135,12,0,0,3,5,3
17-Apr-2020,51,24,108,21,0,0,0,121,24,2,10,78,30,4,42,266,2,476,1236,0,2,24,0,44,0,53,2,3058,0,0,53,15,0,45,0,0,1344,6,1,0,534,352,126,0,0,8,50,48,0,20,130,34,20,198,141,0,141,367,168,5,0,0,32,0,7,0,0,1,132,2623,1,0,8,0,34,3380,5,2,15,0,0,0,0,16,5,34,3,7,0,0,7,111,12,1007,407,0,1499,0,724,4,391,3786,20,585,2,1,185,9,52,134,23,0,9,5,0,14,1,0,58,71,7,0,110,5,27,13,1,0,0,12,448,0,0,15,0,277,1,0,0,0,1061,0,2,0,25,0,107,0,114,50,106,177,5,13,1172,0,336,750,69,560,22,105,491,4070,2,4,0,0,0,0,0,0,33,0,762,21,445,0,2,728,4,114,20,0,99,0,4400,0,0,0,613,315,0,0,28,4617,0,4,0,42,4801,1,0,500,460,6,0,28711,1,31,4,1,0,0,0,13
18-Apr-2020,63,30,150,9,0,0,0,96,42,1,65,155,57,1,27,306,0,575,1329,0,0,2,0,24,1,41,0,2105,0,0,46,4,0,0,0,161,1775,1,0,6,445,31,128,0,26,16,23,61,0,0,116,54,0,194,0,0,371,225,171,13,0,0,25,3,4,0,0,0,120,385,0,0,0,0,15,3609,0,2,0,0,0,0,0,18,6,0,4,2,2,0,16,71,15,991,325,0,1374,48,709,31,264,3493,18,628,4,5,66,12,31,93,17,0,7,4,0,3,0,0,90,36,0,1,69,6,19,10,0,0,0,12,450,0,0,2,0,142,2,9,0,14,1235,0,8,0,18,0,36,1,0,111,613,265,0,25,2014,218,461,181,25,345,18,110,360,4785,0,8,0,0,0,0,0,0,0,0,1132,7,372,0,11,623,0,72,36,36,178,0,4104,6,34,0,676,346,5,0,33,5599,0,2,0,42,4353,0,0,444,477,54,0,32549,9,70,7,0,0,4,1,6
19-Apr-2020,88,0,116,1,0,0,0,90,47,0,73,59,33,0,106,312,0,0,1045,0,0,0,0,28,0,58,0,3257,0,1,32,0,0,0,0,0,1741,0,0,0,478,43,206,0,0,7,18,63,0,26,105,0,40,169,0,0,209,572,188,13,28,4,53,3,9,0,0,0,192,2558,0,0,13,0,9,2458,193,0,0,0,0,0,0,21,2,39,0,6,1,0,15,82,6,1334,327,0,1343,31,778,2,252,3491,20,566,11,6,0,16,30,164,48,0,30,1,0,5,0,1,59,57,3,0,54,17,26,4,4,0,1,0,578,0,1,3,0,150,0,13,0,1,1140,0,4,0,12,0,53,0,193,86,355,194,0,3,0,209,363,663,50,440,8,87,351,6060,6,5,0,0,0,2,0,0,29,0,1088,8,304,0,4,942,0,40,13,19,251,0,0,10,0,0,606,325,0,0,32,5525,1,0,0,2,3783,0,0,343,479,0,2,30023,6,45,0,0,0,5,1,9
20-Apr-2020,0,14,95,13,0,0,0,55,43,1,6,48,25,4,22,492,0,0,1313,0,0,3,0,27,0,18,5,2917,1,1,37,18,1,0,0,0,1509,0,0,0,358,16,182,0,0,6,39,49,0,6,133,105,5,142,114,0,345,446,112,11,0,0,16,0,3,0,1,0,102,742,0,0,1,0,5,1775,208,0,28,0,0,3,0,22,3,0,0,0,0,0,15,68,11,1553,185,0,1294,61,493,6,255,3047,10,390,11,4,0,8,25,80,14,0,15,4,0,10,2,0,28,13,1,0,84,9,8,1,0,0,3,39,622,0,1,0,0,170,4,4,0,0,1066,0,7,0,9,168,37,0,84,144,425,63,0,4,931,172,545,521,95,567,13,121,328,0,3,1,0,0,0,0,0,0,6,0,1122,17,324,0,5,596,7,72,13,29,124,0,2585,17,26,0,563,336,1,0,27,5850,3,0,0,13,3977,0,0,261,484,23,0,28252,9,70,24,0,0,4,0,7
21-Apr-2020,96,47,89,1,5,0,0,121,48,0,13,73,38,2,57,434,0,1485,1487,0,17,0,1,44,0,14,0,2055,0,0,14,11,0,0,0,147,1474,0,0,0,419,14,171,0,17,5,10,52,0,5,127,32,18,131,99,0,284,660,189,17,0,0,7,2,3,0,0,1,85,2050,1,1,11,1,9,1785,0,0,10,0,0,0,0,32,0,145,0,2,3,1,5,114,2,1336,375,0,1297,28,401,0,521,2256,23,368,4,8,306,11,37,85,22,0,12,0,0,8,0,0,24,8,0,0,35,23,22,4,0,0,0,0,764,0,1,4,0,196,0,8,0,1,750,0,2,0,7,0,18,0,45,98,1087,194,0,2,1208,200,306,657,39,518,9,76,190,9910,0,0,0,1,0,0,0,0,1,0,1147,10,312,0,8,1426,3,12,5,73,142,0,3352,33,15,0,392,204,0,0,19,4676,1,1,0,5,4674,0,0,415,490,84,0,27668,11,92,28,0,0,4,0,0
22-Apr-2020,84,25,93,5,0,0,0,113,38,0,22,50,44,4,55,390,0,459,973,0,0,0,0,34,0,40,0,1927,0,0,46,5,5,12,0,0,1991,5,2,1,325,35,185,0,5,2,27,50,0,12,127,37,9,180,29,0,80,270,157,7,0,0,17,0,3,0,0,0,146,2638,0,1,36,0,3,2237,0,0,156,0,1,0,0,5,0,66,0,1,10,0,17,70,5,1383,283,0,1194,0,388,10,59,2729,27,377,1,3,143,15,32,168,22,0,9,5,0,2,8,0,20,60,0,1,58,2,12,12,0,0,0,27,511,0,1,1,0,191,4,2,0,10,729,0,5,1,2,0,6,0,53,106,244,191,0,0,697,140,263,516,24,608,11,93,306,5236,3,2,0,0,0,0,0,0,14,0,1141,35,260,0,7,1111,1,26,5,49,165,0,2627,6,33,0,545,119,3,0,15,4301,0,2,0,17,4611,0,1,467,483,0,1,25634,7,0,29,0,0,5,3,6
23-Apr-2020,0,0,99,1,0,0,1,124,96,3,14,91,38,1,91,414,0,558,933,0,0,12,1,11,0,27,2,2498,0,0,49,19,0,0,0,0,1549,0,0,0,464,15,172,0,21,7,42,52,0,6,95,36,0,217,12,0,256,452,169,12,5,0,7,7,2,1,0,0,115,1810,0,0,10,0,9,2352,112,0,7,0,0,0,2,22,2,73,0,1,1,0,16,116,7,1409,357,0,1030,75,631,0,556,3370,10,423,5,7,30,7,26,151,19,0,13,6,0,0,1,0,28,36,0,5,50,9,35,1,1,0,1,15,729,0,0,1,0,160,2,6,0,3,708,0,0,0,5,0,28,0,84,102,1066,163,1,5,1512,111,313,603,0,623,8,137,468,4774,3,0,0,0,0,1,0,1,12,3,1158,30,224,0,11,1016,3,45,13,42,170,0,3052,20,22,0,682,205,0,0,13,4451,0,2,1,8,3083,0,5,578,518,30,0,24019,8,59,3,0,0,4,0,1
24-Apr-2020,50,44,97,2,1,0,0,143,50,0,6,61,30,5,408,503,1,741,908,0,4,1,0,63,0,46,0,2678,1,0,73,0,0,0,0,238,1890,0,2,0,516,9,207,0,0,12,31,46,0,5,52,52,35,161,13,0,243,333,433,13,0,0,33,0,0,0,2,0,155,1622,10,0,0,0,11,2337,0,0,55,0,1,0,1,26,2,101,2,0,4,0,9,99,4,1684,436,0,1168,0,936,0,305,2646,10,469,0,2,0,17,39,215,25,0,17,8,0,0,0,0,12,11,0,10,71,22,16,1,6,0,2,13,1043,0,1,2,0,155,0,12,0,3,887,0,2,0,9,440,41,0,95,74,340,171,0,0,1413,271,342,371,0,761,6,148,386,5849,1,1,0,0,0,0,0,0,13,1,1172,37,162,0,3,1037,2,81,13,0,318,0,2767,38,12,0,751,228,0,0,15,4583,1,0,0,9,3116,0,2,477,525,0,0,29127,6,62,10,0,0,2,0,4
25-Apr-2020,237,0,120,7,0,0,0,139,73,0,20,83,44,2,82,309,0,751,1496,0,0,0,0,31,0,15,0,3735,0,0,91,16,1,21,0,2,1926,0,3,6,494,12,205,0,14,5,28,50,0,9,85,73,22,137,9,0,206,11536,0,11,128,0,13,9,1,0,0,0,111,1755,2,0,6,0,25,2055,125,0,27,0,0,1,0,42,2,92,0,3,10,0,43,60,0,1429,396,0,1134,31,577,1,225,3021,14,441,21,7,391,16,34,278,9,0,6,8,0,16,1,0,0,30,1,0,88,21,16,2,0,0,0,15,1089,0,0,3,0,197,24,5,0,1,806,0,3,1,10,114,26,0,63,115,1072,174,0,7,1664,211,381,444,0,833,10,184,321,0,22,0,0,0,0,0,0,1,12,0,1197,66,207,0,18,897,0,35,7,62,267,1,2944,52,39,0,812,181,0,0,53,5386,0,2,0,4,3122,0,12,478,0,15,0,30719,8,58,20,2,0,8,1,2
26-Apr-2020,0,34,129,5,0,0,0,222,150,0,16,66,25,0,45,418,1,817,1032,0,0,0,0,104,0,57,0,3503,1,0,59,13,0,2,0,115,1614,4,0,6,552,14,320,0,0,1,7,52,0,6,79,34,26,235,15,0,177,0,227,13,46,0,30,16,5,1,0,0,80,1537,0,0,4,0,29,1737,0,3,16,0,0,0,1,46,0,42,0,3,0,0,29,57,1,1990,275,0,1153,55,377,0,370,2357,31,353,2,3,185,7,28,183,17,0,20,3,0,3,0,1,16,16,2,0,51,51,45,1,0,0,0,0,1239,0,1,0,0,158,5,2,0,2,655,0,4,0,3,87,41,0,59,93,970,172,0,3,734,102,381,595,0,929,10,194,218,5966,7,0,0,0,0,0,0,0,0,0,1223,69,296,0,4,618,0,13,15,46,141,0,0,40,24,0,610,383,0,0,15,4913,0,6,0,17,2861,0,0,492,1068,0,1,38509,6,29,0,0,0,0,2,0
27-Apr-2020,240,14,126,2,1,0,0,137,62,0,10,55,28,6,75,497,2,873,809,0,6,10,0,59,0,31,0,5514,0,0,53,3,3,16,0,103,1425,0,0,0,473,3,261,0,0,6,14,32,0,7,52,39,17,130,12,0,209,0,463,24,0,0,8,3,1,0,0,0,101,404,0,0,0,0,11,1018,271,5,0,0,3,0,1,43,0,98,1,1,0,0,36,83,2,1396,214,0,991,57,701,0,0,2324,17,203,2,2,190,12,32,213,13,0,8,3,0,4,0,0,12,12,4,1,38,26,19,0,5,0,1,47,970,0,1,2,0,68,6,0,0,1,655,0,1,2,12,91,19,0,38,51,718,200,0,5,3683,285,344,472,95,957,10,104,401,12559,8,5,0,0,0,0,0,0,25,0,1289,57,263,0,7,931,1,6,19,44,185,1,1729,63,38,0,463,0,1,0,9,4463,0,2,0,10,2357,0,0,392,0,0,0,32417,33,22,5,0,0,4,0,0
28-Apr-2020,124,10,135,1,1,0,0,54,59,0,12,67,33,2,102,549,0,1745,553,0,0,0,0,84,1,48,0,3379,0,0,63,0,0,0,0,0,1538,0,23,0,482,6,237,0,7,2,9,20,2,5,45,14,12,123,37,0,158,521,260,25,0,0,4,6,1,0,0,0,119,1160,2,1,0,0,15,1144,0,0,28,0,0,0,2,27,2,69,20,0,2,0,34,66,0,1543,415,0,1112,27,386,0,68,1739,0,191,1,0,191,8,17,152,13,0,6,7,0,9,0,0,11,6,0,2,40,31,19,2,0,0,0,32,835,0,0,0,0,131,0,0,0,0,400,0,2,0,5,64,13,0,28,82,164,241,0,0,2186,198,285,163,18,677,14,73,303,6411,16,1,0,0,0,0,0,1,0,0,1266,64,233,0,6,799,0,2,0,48,247,0,1831,65,43,0,286,103,0,0,7,4309,0,1,1,18,2131,1,4,401,1031,0,4,29218,10,37,2,0,0,1,0,1
29-Apr-2020,0,30,132,1,0,0,0,127,65,0,13,58,39,0,59,641,1,0,647,0,0,1,0,64,0,24,1,4613,0,0,36,6,0,7,0,84,1698,0,8,6,552,22,218,0,0,2,8,48,0,15,55,19,20,153,5,0,123,1018,226,22,57,0,13,6,2,0,0,0,45,1025,13,0,62,0,6,1304,121,0,0,0,0,0,1,30,0,77,0,0,2,1,41,78,3,1897,260,0,1073,81,229,0,316,2091,59,276,2,0,96,11,10,300,21,0,18,4,0,8,0,0,-105,12,0,0,31,11,16,0,0,0,0,27,852,0,0,0,0,43,0,4,0,5,171,0,2,0,8,0,22,0,72,143,1210,242,0,2,1182,181,316,295,11,643,9,157,277,5841,5,0,0,0,0,0,0,0,15,3,1325,88,222,0,5,528,1,3,1,54,203,28,1308,31,57,0,695,100,0,0,9,3996,0,0,0,8,2392,0,0,456,0,0,0,22541,14,31,4,0,5,6,1,0
30-Apr-2020,344,7,199,2,0,0,0,182,134,0,8,50,49,0,168,564,0,973,525,0,5,1,0,39,0,101,0,5385,0,0,48,0,0,0,0,101,1349,3,0,0,520,4,352,0,13,8,15,30,0,6,75,55,9,157,12,0,236,417,269,32,0,0,6,20,4,0,0,0,166,1602,1,0,38,1,22,1478,0,0,42,0,1,2,0,27,0,111,4,1,0,0,36,48,2,1718,347,0,983,75,376,1,0,2086,17,236,1,4,255,10,9,284,17,0,13,4,0,0,0,0,31,28,0,0,94,140,58,13,0,0,0,0,1223,0,0,1,0,70,0,0,0,0,386,0,3,0,4,195,21,0,62,74,828,179,0,9,2491,254,422,183,33,845,4,133,362,7099,13,3,0,0,2,0,0,1,10,0,1351,59,227,0,12,690,0,7,10,19,354,0,2144,30,0,0,681,143,0,0,7,4076,0,10,0,5,2936,0,0,540,1101,180,3,20517,5,76,0,0,0,2,0,1
1-May-2020,0,0,158,2,0,0,0,103,82,0,16,60,38,0,132,571,0,846,660,0,15,0,0,57,0,93,0,6276,0,0,59,7,0,8,0,26,1693,0,14,21,1138,12,262,1,0,8,14,34,0,7,103,37,72,150,8,0,320,259,358,18,0,0,23,9,1,0,0,0,89,1055,1,0,0,1,27,0,403,0,15,0,1,1,1,28,4,144,124,3,0,1,33,88,0,1993,433,0,1006,82,359,2,222,1872,15,193,6,0,218,12,0,353,10,0,9,4,0,0,2,0,10,15,4,1,57,72,8,2,3,1,0,79,1047,0,0,0,0,170,0,1,0,2,514,0,3,1,6,400,23,0,43,99,1494,178,0,10,2741,276,237,551,106,687,9,126,262,7933,18,0,0,0,0,0,0,0,6,5,1344,51,285,0,8,528,1,5,11,0,297,1,518,16,67,0,790,179,0,15,6,6032,0,7,0,14,2615,0,2,455,557,0,4,31379,5,15,2,0,0,9,0,9
2-May-2020,298,16,148,0,2,0,0,172,125,0,5,34,50,1,104,552,1,890,513,0,6,3,0,57,0,58,0,7218,0,0,82,4,0,0,0,237,1601,0,0,0,985,6,296,0,9,6,9,36,0,7,55,0,32,153,15,0,316,1402,0,29,0,0,5,6,2,0,0,0,56,601,2,0,32,0,16,2584,0,3,0,0,0,0,0,14,0,42,56,4,5,0,33,79,1,2293,292,0,802,68,221,0,148,1965,26,264,0,6,234,15,14,242,13,0,12,4,0,11,0,0,14,18,3,0,69,23,18,2,1,0,0,0,1425,0,0,0,0,158,3,0,0,0,475,0,2,0,9,238,29,0,49,36,1159,154,0,17,3045,284,228,295,36,776,6,83,327,9623,6,0,0,0,0,0,0,0,11,0,1362,91,196,0,12,932,0,7,5,70,304,10,1781,25,91,0,428,119,1,17,6,6201,0,7,0,4,2188,0,2,550,0,0,0,31774,13,48,2,0,1,3,2,0
3-May-2020,0,6,141,1,6,0,0,56,113,0,16,12,40,1,83,665,0,911,485,0,0,0,0,62,0,0,0,6209,0,0,6,3,4,31,0,8,1915,1,8,44,1427,2,499,2,0,6,3,74,0,7,18,87,70,96,0,0,290,1128,298,22,0,0,5,2,0,0,0,0,128,736,0,0,27,5,7,793,95,0,29,0,0,0,1,45,1,49,3,0,4,0,95,56,0,2644,349,0,976,66,343,4,0,1900,10,294,0,2,92,24,10,364,26,0,1,4,0,2,0,0,7,10,14,1,105,28,36,0,1,0,0,57,1515,0,1,0,0,193,0,0,0,10,445,0,2,0,8,218,12,0,0,85,1314,188,0,67,3483,156,270,-161,182,679,13,72,165,10633,6,0,0,0,0,0,0,0,0,7,1552,89,157,0,19,447,0,4,5,51,385,0,1366,15,59,0,562,112,0,44,3,4806,0,0,0,11,1983,0,2,502,1125,0,0,26753,5,33,12,0,3,10,0,0
4-May-2020,0,8,179,2,0,0,1,149,121,0,18,68,38,0,108,688,0,1661,389,0,0,1,0,241,0,17,0,4970,0,0,24,10,0,13,0,0,3793,0,0,0,1228,8,279,0,0,8,8,38,0,8,26,36,8,116,0,0,376,2074,272,44,0,0,1,4,2,0,0,0,75,250,0,0,0,0,4,679,0,0,6,0,1,0,2,44,0,64,32,0,0,0,111,37,1,2553,395,0,1223,77,330,5,0,1389,31,218,1,4,111,31,28,295,35,0,8,3,0,4,0,0,4,12,2,1,122,8,19,10,1,0,0,54,1349,27,1,0,0,120,1,4,0,6,335,0,1,0,14,0,5,0,50,69,800,370,0,37,2075,295,318,92,51,640,8,69,431,10581,4,3,0,0,0,0,0,0,2,0,1645,158,102,0,2,657,0,1,0,34,447,1,884,13,86,0,235,88,0,52,18,4339,0,1,0,4,1670,0,3,418,0,0,0,31839,4,33,0,1,0,5,0,171
5-May-2020,755,17,174,2,0,0,0,118,112,0,24,31,52,1,215,786,1,0,361,0,6,0,0,124,0,69,0,4588,0,0,34,10,0,0,0,0,479,0,22,0,980,3,383,1,7,6,5,19,0,2,38,34,0,147,8,0,281,2343,736,65,0,0,3,4,5,0,0,0,73,534,5,0,32,0,11,685,550,0,6,0,0,0,0,15,0,60,0,0,3,0,45,30,0,3900,484,0,1323,50,216,1,85,1221,6,174,1,6,172,24,4,526,13,0,17,1,0,8,0,0,9,4,7,2,55,30,17,3,0,0,0,36,1383,0,1,1,0,153,0,6,0,7,199,0,0,1,5,414,7,0,38,98,617,107,0,26,3394,262,313,242,35,951,3,127,349,10102,2,1,0,0,1,0,0,1,0,138,1595,0,93,0,21,573,0,5,6,79,437,3,545,37,100,0,404,76,0,102,1,3985,0,2,0,5,1614,0,1,366,1029,0,0,29266,3,29,12,0,11,13,0,14
6-May-2020,168,12,190,0,1,0,0,123,163,1,24,17,76,1,163,790,0,1766,242,0,6,0,0,87,0,42,0,6633,1,0,37,17,0,21,0,188,1315,1,0,53,1373,2,305,0,0,3,11,17,0,4,77,32,23,151,0,0,245,0,387,32,124,0,8,3,5,0,0,0,85,1050,0,2,30,0,6,1037,0,0,10,0,0,0,0,27,0,101,0,10,12,0,123,46,0,2958,367,0,1680,85,261,4,31,1075,2,123,1,2,138,45,1,485,28,0,0,9,0,4,1,0,4,12,0,0,30,61,32,2,0,0,0,53,1434,0,0,1,0,229,0,0,0,17,317,0,1,0,8,148,8,0,56,168,1049,190,0,35,1444,199,425,178,81,830,2,115,325,10559,0,1,0,0,0,0,0,0,7,10,1687,58,120,0,21,632,0,8,3,38,219,0,1318,16,74,0,495,28,1,63,1,4406,0,2,0,4,1832,0,8,487,0,0,0,16200,2,28,4,0,5,0,0,8
7-May-2020,171,0,159,1,0,0,0,154,102,0,26,65,67,5,289,706,0,0,272,0,0,0,0,121,0,49,0,6935,0,1,89,40,0,5,0,0,1299,3,0,0,1032,3,640,4,28,13,7,18,0,5,78,52,92,162,13,0,327,-2461,0,46,0,0,2,4,17,0,0,0,161,4176,5,0,0,0,4,1194,0,0,21,0,0,1,2,33,0,45,216,1,1,1,92,39,0,3561,338,0,1485,49,265,1,46,1444,2,109,0,11,211,47,4,278,24,0,4,34,0,8,0,0,5,11,35,2,45,0,19,2,1,0,0,0,1120,0,0,0,0,123,1,1,0,0,232,0,1,1,7,195,13,1,50,55,2094,136,0,9,3817,320,309,480,44,918,4,113,270,11231,7,0,0,0,0,0,0,0,19,3,1793,104,114,0,26,788,0,8,1,55,369,9,996,26,78,0,702,51,0,86,3,6211,0,0,0,3,2253,0,1,507,1048,0,0,22267,13,49,6,17,0,2,0,1
8-May-2020,0,18,185,0,0,0,0,229,145,0,21,22,77,3,273,709,0,913,639,0,38,3,0,84,0,10,0,10503,0,2,51,7,0,27,0,0,1437,0,0,83,1533,6,346,0,10,6,6,26,0,6,57,55,100,100,2,0,288,878,393,62,0,0,7,30,29,0,0,0,100,512,0,0,107,1,9,1209,372,0,15,0,0,0,0,35,0,71,0,0,7,0,191,28,2,3390,336,0,1556,63,137,1,32,1401,5,84,0,10,69,25,1,641,11,0,9,12,0,11,0,0,5,8,0,0,39,30,19,2,0,0,0,115,1609,0,1,0,0,156,0,14,0,3,455,0,2,0,11,381,33,0,42,154,1791,208,0,22,3628,339,307,533,63,1311,12,129,392,10699,3,2,0,0,0,0,0,0,24,-9,1701,59,57,0,6,741,0,16,1,0,424,32,1122,27,0,0,705,66,0,82,8,5514,0,7,0,1,1977,0,3,504,553,29,0,22119,3,48,12,0,9,14,0,0
9-May-2020,478,6,187,2,0,0,0,225,146,0,18,62,75,0,191,636,0,933,591,0,102,0,0,195,0,43,0,9888,0,0,82,0,0,12,0,0,1504,2,0,7,1391,1,497,0,13,4,36,12,0,2,46,31,40,135,54,0,281,0,495,47,0,0,5,6,3,0,0,0,65,598,3,0,116,2,3,1251,921,0,13,0,0,1,0,34,0,82,0,0,21,0,224,35,0,3320,533,0,1529,60,156,2,98,1327,10,102,0,28,344,14,1,415,25,0,19,13,0,10,0,0,3,12,-24,0,68,96,18,3,1,0,0,36,1982,0,0,0,0,212,1,1,0,7,319,0,1,0,14,386,14,0,39,112,1039,137,0,101,3709,120,319,553,125,1130,18,123,312,10817,2,3,0,0,0,0,0,0,0,43,1704,59,95,0,26,768,0,10,4,69,663,30,1410,11,181,0,642,125,2,61,4,4649,0,10,0,4,1848,0,0,515,0,0,2,30204,11,22,2,0,1,14,0,0
10-May-2020,361,12,189,0,7,0,0,150,138,0,15,42,143,0,261,887,0,1872,585,0,42,0,0,185,0,0,0,10222,0,0,44,12,0,6,0,70,1381,1,49,62,1247,14,595,3,0,8,15,13,0,1,18,65,54,101,0,0,506,-1480,924,42,0,0,8,4,16,0,0,0,142,430,0,0,41,0,9,667,251,2,19,0,0,0,0,68,0,33,134,0,17,0,86,50,0,3277,387,0,1383,164,219,0,0,1083,2,98,0,18,134,28,8,1065,71,0,2,36,0,0,0,0,8,6,0,13,54,41,24,1,3,0,0,0,1906,0,0,0,0,165,5,1,0,1,289,0,2,0,20,239,36,1,35,176,1991,202,0,126,3321,147,285,138,17,1189,34,139,320,11012,7,0,0,0,0,0,0,0,0,-43,1912,83,89,0,34,753,1,0,3,57,525,0,721,12,53,0,656,0,0,39,5,3896,0,8,0,2,1546,0,15,522,1405,0,0,25870,10,51,7,0,0,85,1,0
11-May-2020,262,0,165,2,2,0,0,244,79,0,12,10,97,0,301,1034,2,933,485,0,35,0,2,171,0,28,0,10611,0,0,10,3,0,10,0,244,1216,0,36,0,1647,20,444,0,0,7,11,12,0,6,28,33,33,110,21,0,465,741,346,105,0,0,6,9,29,0,0,0,82,65,3,0,0,0,3,357,0,0,6,0,0,0,0,67,0,104,0,4,5,0,59,21,0,4213,233,0,1683,51,236,1,48,802,8,51,0,22,82,23,0,598,14,0,9,14,0,5,0,0,35,9,0,0,67,50,12,6,1,0,0,133,1938,1,0,0,0,188,4,2,0,11,245,0,3,0,6,248,20,0,30,174,1476,212,0,24,3168,184,345,175,25,1103,35,60,231,11656,4,6,0,0,0,1,0,0,5,0,1966,75,82,0,16,876,0,2,3,35,595,36,812,16,201,0,401,54,0,51,6,3923,0,20,0,0,1542,0,5,416,0,0,1,26642,8,24,14,0,17,15,1,0
12-May-2020,303,4,168,0,0,0,0,110,146,0,7,87,70,0,252,969,0,0,368,0,0,0,2,119,0,44,1,6760,0,0,25,9,0,14,0,0,1160,0,0,0,1197,1,568,0,46,12,9,17,0,3,53,30,78,84,46,0,287,-50,0,69,0,0,2,3,11,0,0,0,22,418,0,0,141,2,1,933,437,0,10,0,0,0,0,85,0,0,119,7,31,0,142,29,0,3604,484,0,1481,95,139,0,34,744,4,76,1,14,69,28,14,991,21,0,7,11,0,7,0,0,6,2,17,1,70,62,8,7,0,0,0,38,1562,0,0,0,0,154,12,0,0,70,161,0,0,0,11,242,22,3,7,147,1733,166,0,11,2292,292,330,98,58,1526,27,68,226,10899,1,0,0,0,0,0,0,0,10,0,1911,177,62,0,31,486,0,0,1,81,637,18,3046,6,161,0,348,39,0,49,2,3877,0,8,0,0,1114,0,1,375,1463,0,0,23767,5,98,12,0,14,0,0,0
13-May-2020,259,4,176,3,0,0,0,244,180,0,16,36,104,1,371,1162,0,1934,330,0,8,1,0,275,0,20,0,5632,0,0,33,6,8,10,0,110,1186,3,0,35,1658,7,550,0,0,9,11,21,0,2,45,127,67,78,12,0,266,910,685,40,83,0,5,9,11,0,0,0,19,670,2,0,61,1,3,798,427,1,18,0,0,1,1,62,0,152,59,5,27,0,128,28,0,3525,689,0,1958,119,107,0,13,1402,3,150,0,6,210,15,35,751,7,0,4,8,0,1,0,0,6,6,6,1,16,7,18,0,0,0,0,34,1305,0,0,0,0,86,1,0,0,52,196,0,0,0,22,146,10,0,29,298,1662,168,0,13,1515,264,595,234,43,1390,26,159,190,10028,1,1,0,0,0,0,0,0,0,0,1905,109,67,0,0,849,0,8,2,49,698,0,594,24,134,0,602,36,1,68,0,3403,0,18,0,0,1704,0,4,402,0,0,0,18044,4,89,8,0,5,174,1,1
14-May-2020,113,4,186,2,0,0,0,285,118,0,11,54,65,0,289,1041,1,0,202,0,0,2,4,133,0,19,0,9258,0,0,46,7,0,19,0,111,1144,1,8,15,2660,6,659,0,8,3,6,6,0,2,48,55,73,76,0,0,296,67,398,39,61,0,5,3,2,0,0,0,51,448,7,0,141,0,10,933,281,0,16,0,0,0,0,85,0,74,16,4,10,0,-20,39,1,3722,568,0,1808,111,159,1,0,888,2,55,1,4,154,22,0,947,38,0,1,8,1,1,0,0,14,10,20,5,37,64,28,5,2,1,0,48,1997,0,0,0,0,127,3,1,0,6,227,0,0,9,6,184,20,0,23,322,1452,0,0,3,3237,268,283,219,30,1733,29,252,224,9974,1,2,0,0,0,0,0,0,0,0,2039,110,52,0,49,675,1,4,1,65,724,20,661,23,158,0,637,33,0,0,1,3242,0,20,0,0,1639,0,13,422,1423,0,0,21424,6,22,18,0,15,5,0,0
15-May-2020,714,18,189,0,3,0,0,410,208,0,14,41,121,1,349,1202,0,932,307,0,12,0,5,184,0,35,0,11385,0,0,31,0,0,26,0,154,1050,1,34,27,2659,5,658,0,50,11,8,20,0,2,82,59,56,46,41,0,124,16,0,75,11,0,7,0,9,0,0,0,91,543,11,0,100,0,19,913,122,0,10,0,0,0,1,143,0,101,77,0,15,0,175,37,0,3967,490,0,2102,50,426,0,28,992,2,114,0,10,118,21,25,885,29,0,11,5,0,2,0,0,6,11,18,0,40,52,21,14,0,7,0,67,1862,0,56,0,0,30,8,0,0,9,270,0,1,0,16,191,29,0,17,284,1430,328,0,14,4247,258,411,187,98,1153,27,147,245,10598,0,1,0,0,0,0,0,0,0,1,2307,84,79,0,21,752,0,8,1,0,665,37,849,9,146,0,673,50,0,356,7,3446,0,19,0,0,1635,0,21,483,747,0,0,20840,2,32,0,0,21,208,0,6
16-May-2020,349,35,188,0,0,0,0,161,239,0,30,63,101,2,237,930,0,958,356,0,0,1,1,224,0,21,0,13944,1,0,38,7,0,11,0,93,1293,7,80,29,0,9,680,0,0,15,1,10,0,3,55,46,71,78,22,0,419,0,399,98,0,0,8,3,15,0,0,0,83,494,20,0,105,0,6,620,108,0,40,0,1,0,0,176,0,58,0,0,39,0,63,56,0,3970,529,0,1757,67,129,2,22,789,0,44,2,11,161,23,0,942,6,0,8,11,0,4,0,0,12,8,8,0,36,58,27,10,0,13,0,48,2409,0,37,0,0,58,4,1,0,23,200,0,0,0,9,288,17,0,22,404,1581,174,0,5,4298,429,401,264,115,1547,19,192,190,9200,0,1,0,0,0,0,0,0,5,0,2840,121,64,0,39,793,0,3,0,73,785,0,643,24,0,0,625,51,2,33,0,3560,0,25,0,3,1708,0,43,528,0,0,0,27090,5,39,15,30,16,14,5,0
17-May-2020,262,13,191,0,0,0,0,345,189,0,17,72,158,0,275,0,0,951,345,0,0,1,0,205,0,28,1,15305,0,0,73,2,0,2,0,0,1164,1,0,46,4388,6,606,0,0,13,2,22,0,4,49,44,85,67,70,0,371,965,491,55,96,0,4,12,19,0,0,0,58,362,5,0,111,0,18,583,97,0,9,0,0,0,0,125,0,127,0,3,37,0,142,36,0,4987,489,0,1806,144,92,1,19,875,2,48,0,6,307,49,0,1048,21,0,27,9,0,4,1,0,11,7,45,2,17,0,29,14,3,11,0,0,2437,0,1,0,0,117,10,2,0,14,189,0,1,0,4,171,22,2,0,157,1352,150,0,19,3891,208,241,227,47,1632,13,189,267,9709,2,2,0,0,0,0,0,0,0,3,2736,119,58,0,15,465,0,13,1,64,831,0,515,21,325,0,470,58,1,204,3,3450,0,35,0,2,1610,0,24,433,1527,0,0,22813,8,50,49,0,2,11,2,6
18-May-2020,408,2,198,0,0,0,0,326,351,0,9,14,136,0,226,2875,1,969,291,0,0,0,0,249,0,24,0,14919,0,0,24,14,15,0,0,0,1211,0,26,29,2353,10,723,0,19,10,2,10,0,2,20,48,0,69,117,0,204,1256,510,73,29,0,4,1,11,0,0,0,61,28,8,0,0,1,6,342,0,0,15,0,0,0,0,120,0,69,77,1,48,0,105,26,0,5242,496,0,2294,150,64,1,-1,675,6,20,0,16,283,57,11,841,78,0,11,20,0,3,0,0,7,15,21,5,22,16,25,7,0,22,0,84,2112,0,4,0,0,132,8,4,0,62,125,0,0,0,15,338,30,0,0,193,1974,181,0,8,4046,205,272,226,57,1365,15,126,167,8926,3,0,0,0,0,0,0,0,16,0,2593,51,114,0,43,682,0,1,0,34,1160,51,652,16,302,0,466,15,7,0,3,3534,0,3,0,0,1368,0,0,325,0,0,0,31967,2,21,37,2,6,74,0,0
19-May-2020,583,0,182,0,2,0,0,263,218,0,15,25,113,0,218,1251,2,922,279,0,-210,0,0,262,0,14,0,7938,0,0,24,0,0,0,0,482,1102,0,9,16,2278,6,635,0,4,10,2,9,0,1,111,10,83,41,100,0,411,459,535,75,106,0,10,2,35,0,0,0,33,461,0,0,112,0,1,513,0,0,2,0,0,0,0,149,0,69,48,0,98,0,81,21,0,4970,486,0,2111,57,88,0,14,451,3,60,5,20,311,25,0,1073,27,0,1,23,0,3,0,0,6,2,18,0,47,49,14,5,0,19,0,28,2075,0,0,0,0,42,8,3,0,45,146,0,4,0,5,216,25,0,52,292,1841,157,0,2,3732,0,356,173,64,1637,13,78,165,9263,5,3,0,0,0,0,0,0,0,-4,2509,64,89,0,14,305,0,1,1,47,918,0,256,34,0,1,234,10,0,407,2,2711,0,29,0,6,1158,0,33,260,1705,0,0,13227,0,40,77,4,2,8,2,7
20-May-2020,490,16,176,0,2,0,0,303,230,0,8,78,131,0,158,1617,0,936,232,0,1,2,0,175,0,16,0,13140,0,0,33,10,0,7,0,0,1193,0,75,26,0,5,721,23,6,19,4,6,0,1,61,34,193,76,210,0,498,969,1465,85,65,0,7,3,13,0,0,0,19,462,13,0,70,0,11,797,361,0,4,0,0,0,0,89,0,67,0,7,77,0,152,42,0,5611,693,0,2346,113,51,0,29,813,0,20,1,23,218,51,34,804,27,0,3,7,0,4,3,0,15,11,4,1,37,43,27,2,0,50,0,49,2414,0,0,0,0,76,1,2,0,25,108,0,0,0,5,226,22,0,8,372,1932,120,0,41,2660,224,383,223,95,1491,32,202,155,8764,11,0,0,0,0,0,0,0,0,0,2691,73,34,0,15,451,0,0,1,71,767,0,431,7,137,0,422,21,0,207,1,2412,0,8,0,1,1022,0,0,354,0,0,0,24417,3,78,0,0,37,11,0,10
21-May-2020,531,5,165,1,6,0,0,438,335,0,11,18,113,0,507,1773,2,1863,192,0,0,0,0,218,0,15,0,17408,0,0,39,3,0,14,0,204,1003,17,0,20,7558,2,640,0,0,0,2,13,0,4,74,78,104,73,219,0,254,0,0,73,13,0,3,9,24,0,0,0,44,353,8,0,65,0,8,745,0,0,10,0,0,0,11,132,0,64,51,1,63,0,157,43,1,5609,973,0,2392,153,64,0,9,665,0,39,0,12,265,66,0,1041,43,0,4,63,0,5,3,0,15,13,45,1,31,30,30,24,0,10,0,56,2713,0,0,0,0,137,10,6,0,27,198,0,0,254,6,276,19,0,11,327,2193,141,0,4,4550,492,471,228,61,1554,12,213,196,8849,6,1,0,0,0,0,0,1,2,0,2532,97,100,0,36,570,0,1,0,21,803,57,518,18,410,0,724,40,0,204,3,-525,0,0,0,1,972,0,4,476,941,0,0,23310,1,70,206,0,13,60,2,19
22-May-2020,540,0,186,0,2,0,0,474,322,0,2,57,118,1,135,1694,0,932,252,0,5,0,0,438,0,18,4,19951,0,0,41,3,0,7,1,555,1053,0,25,23,0,13,752,0,49,0,3,8,0,1,33,70,110,65,0,0,180,703,774,69,57,0,6,3,10,0,0,0,50,278,19,0,0,0,2,460,173,2,3,0,0,0,0,132,0,140,20,0,67,0,145,37,0,6088,634,0,0,0,76,1,31,642,9,89,3,0,363,80,14,0,37,0,9,0,0,2,0,0,17,9,34,0,50,0,0,15,0,32,0,19,2248,0,1,0,0,26,6,0,2,62,253,0,1,0,4,339,40,1,0,0,2603,110,0,3,4537,163,404,252,47,0,20,151,198,8894,6,2,0,0,0,0,0,0,2,0,0,101,86,0,15,448,0,6,0,0,1134,134,482,15,0,0,649,36,0,210,0,2615,0,16,0,1,961,0,0,442,894,0,0,22787,8,56,0,0,13,34,3,12
23-May-2020,650,12,190,0,0,0,0,648,374,0,14,29,106,0,240,1873,0,0,276,0,0,0,0,268,0,19,0,18508,0,0,36,2,0,6,1,112,1210,10,43,23,8240,2,643,0,0,21,6,8,0,4,59,40,0,48,223,0,332,974,783,85,0,0,7,5,34,0,0,0,44,359,12,0,161,1,0,638,217,2,20,0,0,0,0,247,0,47,5,2,71,0,104,35,0,6654,949,0,2311,87,115,0,0,652,5,23,0,16,322,52,1,955,15,0,5,62,1,9,1,0,10,1,43,10,78,58,38,1,5,0,0,27,2973,0,0,0,0,121,2,2,1,68,188,0,0,0,13,245,23,0,41,424,1743,139,0,2,4749,0,476,288,117,1830,23,143,127,9434,1,0,0,0,0,0,0,0,0,0,2642,94,105,0,21,614,0,1,0,0,988,0,1787,25,240,0,637,13,1,201,3,3287,0,9,0,2,952,0,10,432,994,0,0,20475,3,72,58,0,12,54,0,-6
24-May-2020,716,8,195,1,0,0,0,718,359,0,11,46,127,0,388,1532,0,941,299,0,0,3,3,392,0,0,0,20803,0,0,0,17,0,9,0,0,1127,8,73,37,3536,3,801,0,18,8,0,15,0,0,77,25,196,59,0,0,433,430,727,94,83,0,14,13,61,0,0,0,31,224,12,0,206,0,7,431,131,0,3,0,0,1,1,231,0,62,0,0,78,0,273,28,1,6767,526,0,1869,308,76,0,22,669,10,14,0,4,403,31,21,900,38,0,16,11,0,6,3,0,12,9,40,1,48,39,46,9,0,54,0,0,2960,2,0,0,0,74,4,0,1,19,176,0,0,0,6,265,20,0,0,463,2164,151,0,12,2929,180,312,271,70,1732,25,147,145,8599,4,3,0,0,0,0,0,0,0,9,2442,67,68,0,15,642,0,1,0,0,1218,90,466,33,256,0,379,18,11,187,0,2959,0,10,0,0,1186,0,38,406,812,0,0,24151,4,54,62,1,7,0,5,0
25-May-2020,512,15,193,0,9,0,0,704,452,0,3,32,140,3,336,1975,2,954,282,0,56,5,3,336,0,20,6,16508,0,0,25,1,0,9,0,0,1189,0,52,27,3709,11,1046,9,0,7,1,10,1,8,67,10,0,71,0,0,379,498,752,96,0,0,2,12,88,0,0,0,11,31,18,0,0,0,1,289,66,3,2,0,0,0,0,311,0,99,59,0,53,0,266,15,0,6977,479,0,2180,197,57,0,0,531,6,31,0,4,209,22,7,838,30,0,1,17,0,10,0,0,7,2,39,0,60,82,15,1,0,10,2,66,3329,0,0,0,0,27,26,0,1,79,172,0,0,0,2,313,37,0,0,513,1748,310,0,12,4056,258,395,152,89,1501,16,99,213,8946,2,0,0,0,0,0,0,0,0,0,2399,71,67,0,100,548,0,5,1,0,1240,92,482,64,192,0,271,11,16,191,2,2405,0,8,0,3,1141,0,-8,259,781,0,0,26158,11,48,66,0,10,0,0,0
26-May-2020,737,25,197,0,0,0,0,723,289,0,9,20,149,0,33,1166,0,946,250,0,0,0,0,348,1,14,0,15813,0,0,0,9,0,10,0,490,1022,0,48,12,4895,7,998,0,44,12,0,6,0,2,47,47,164,27,198,0,272,599,702,68,0,0,1,6,73,0,0,0,20,278,49,0,201,0,1,432,125,0,4,1,0,5,0,370,0,47,0,8,93,0,207,15,0,6535,415,0,2023,163,59,0,8,300,2,42,0,3,438,72,6,665,35,0,2,5,0,0,0,0,12,1,15,18,172,0,29,1,0,25,0,22,2764,0,0,0,0,99,15,5,0,90,209,0,0,0,6,229,21,0,43,0,1356,349,0,3,4205,284,305,165,71,1751,19,56,213,8915,9,4,0,0,0,0,0,0,0,-9,2235,83,34,0,14,344,0,2,0,95,1032,0,-372,96,150,0,384,10,20,171,3,1625,0,5,0,0,987,0,0,339,822,0,0,15253,5,81,111,1,11,0,0,0
27-May-2020,548,21,194,0,2,0,0,552,372,0,15,38,132,0,195,1541,0,915,113,0,17,0,0,397,0,10,0,11687,0,0,27,4,0,0,0,546,895,5,0,13,3964,1,806,0,38,21,0,16,1,2,46,54,98,41,0,0,191,301,789,59,0,0,10,5,46,0,0,0,29,222,25,0,103,0,3,362,156,0,10,0,1,0,2,336,0,36,0,2,105,0,239,22,0,6387,686,0,1787,216,37,0,23,397,4,28,1,7,335,62,0,608,52,0,4,21,0,1,2,0,4,2,44,0,187,62,18,0,0,0,0,25,2485,0,7,0,0,45,4,0,0,114,133,0,0,0,1,276,16,0,12,348,1446,257,0,12,4020,350,443,219,64,1742,40,156,146,8338,3,3,0,0,0,1,0,0,0,130,1931,31,34,0,19,383,0,2,0,22,649,151,859,147,170,0,597,15,15,166,9,4043,0,5,0,0,948,0,37,321,779,0,0,24886,18,72,56,1,16,0,0,3
28-May-2020,637,26,160,0,0,0,0,600,442,0,6,18,165,0,326,2029,0,897,137,0,2,6,1,476,0,0,0,16324,0,0,0,0,0,0,0,0,941,3,49,15,4328,3,1022,0,2,5,0,11,0,0,36,79,257,52,229,0,459,447,910,67,0,0,6,11,30,0,0,0,64,148,31,0,81,0,3,353,339,0,11,0,0,0,1,194,0,88,0,2,111,0,212,23,1,6566,687,0,2080,287,68,0,28,584,8,32,0,2,272,123,9,692,74,0,4,21,0,0,22,0,8,6,26,0,15,0,39,4,0,30,0,11,3455,0,13,0,0,24,14,0,1,156,190,0,0,480,3,389,25,0,19,255,2076,264,0,7,5772,380,399,285,73,1740,79,232,165,8371,7,1,0,0,0,0,0,0,0,0,1815,92,48,0,28,533,0,2,2,20,1673,0,510,78,200,0,648,15,0,158,11,2013,0,4,0,0,1035,0,10,477,883,0,0,16362,2,63,34,0,7,137,76,8
29-May-2020,643,23,140,1,2,0,0,705,460,0,11,28,191,0,360,2523,0,902,257,0,8,0,3,632,0,47,0,20599,0,0,25,2,0,0,0,0,963,3,54,11,4654,0,1101,0,0,28,1,9,2,2,54,85,173,32,217,0,345,368,1127,85,0,0,11,7,100,0,0,0,51,3270,25,0,112,0,8,741,0,3,3,1,0,0,1,191,0,107,22,0,146,0,239,25,0,7466,678,0,2258,322,38,0,38,593,5,36,1,8,356,147,1,845,68,0,4,7,0,3,6,0,9,7,44,102,10,56,78,1,0,54,0,25,3463,0,18,0,0,42,6,0,0,170,182,1,0,126,0,182,38,0,18,636,2801,281,0,16,6154,539,352,304,89,1967,58,188,197,8572,3,5,0,0,0,0,0,7,15,0,1644,95,25,0,30,373,0,5,2,97,1466,188,1137,37,0,1,639,20,1,139,11,1887,0,27,0,17,1182,0,59,429,563,0,0,19606,14,67,34,0,22,0,0,12
30-May-2020,784,23,137,0,8,0,0,769,251,0,23,51,230,1,397,1764,0,906,212,0,0,1,2,619,0,22,0,26417,0,0,14,0,0,15,1,0,954,0,119,33,3695,18,1262,0,16,16,0,22,0,0,56,109,0,81,0,0,463,100,1289,84,0,0,8,0,137,0,0,0,33,535,27,0,182,0,11,738,313,1,3,0,0,1,0,203,0,103,61,11,123,0,112,0,0,7964,557,0,2819,416,35,0,0,516,0,85,0,2,450,127,0,1072,60,0,3,4,0,4,13,0,6,4,42,70,103,120,32,0,0,77,1,29,3377,0,0,0,0,71,1,18,1,189,176,0,0,0,0,387,52,0,10,811,2429,403,0,17,5874,1046,330,350,161,1993,39,171,191,8952,6,5,0,0,0,0,0,0,0,0,1581,81,54,0,17,611,0,0,0,0,1837,0,658,26,175,0,749,32,0,123,1,2095,0,6,0,3,1141,0,0,393,638,0,0,21214,8,50,82,0,5,0,17,0
31-May-2020,651,14,133,0,3,0,0,0,355,0,12,44,257,0,344,2545,0,894,125,0,14,0,10,344,0,9,0,26928,0,0,14,6,0,16,0,223,885,1,0,0,4220,5,1322,0,0,22,1,20,0,2,34,49,133,40,280,0,377,0,1367,117,0,0,6,4,95,0,0,0,50,1779,0,0,0,0,26,286,152,3,6,0,0,0,1,259,0,50,0,0,141,0,134,26,1,8380,700,0,2282,306,53,0,262,416,6,47,0,4,476,143,16,1008,26,0,1,19,0,7,12,0,8,4,60,6,30,39,24,0,3,60,0,44,3227,0,0,0,0,66,10,0,0,171,131,0,0,0,1,553,34,0,0,603,3039,400,0,47,6506,1452,416,257,71,2355,27,202,151,9268,4,1,0,0,0,1,0,0,0,0,1618,106,27,0,23,506,0,1,0,88,1727,0,664,64,279,0,637,17,0,121,4,1604,0,0,0,5,983,0,36,468,726,0,0,17962,5,41,43,1,27,0,25,1
1-Jun-2020,656,7,127,0,2,0,0,1512,210,0,10,4,248,0,605,0,0,898,195,0,0,0,0,861,0,16,3,33274,0,0,0,28,21,14,0,245,775,0,137,19,4830,18,1548,19,17,25,0,20,0,1,43,34,83,36,160,0,377,527,1536,122,0,0,4,2,109,0,0,0,33,88,41,0,42,0,11,333,113,8,2,0,0,0,0,132,0,65,66,2,281,0,208,9,0,8392,0,0,2516,260,61,0,0,355,6,33,0,5,450,74,0,851,69,0,1,29,0,8,26,0,5,2,13,5,57,101,15,0,0,47,0,128,2885,0,0,0,0,27,10,0,1,0,185,0,0,0,2,307,62,0,0,1014,2964,487,0,22,7386,0,215,297,58,1648,35,153,124,9035,11,0,0,0,0,0,0,1,0,0,1877,110,31,0,9,518,0,1,0,60,1716,0,201,3,226,2,429,17,0,123,1,1936,0,14,1,1,839,0,12,340,661,0,0,23482,5,108,89,0,13,0,4,1
2-Jun-2020,742,21,119,1,0,0,0,637,517,0,9,21,168,1,473,2381,0,847,136,0,11,0,4,390,0,14,0,16409,0,0,0,2,0,23,0,493,835,0,58,12,5471,9,1147,0,7,9,0,38,0,5,29,118,146,30,215,0,287,0,1399,65,0,0,1,8,85,0,0,0,26,251,22,0,0,0,2,213,189,1,0,0,0,0,1,348,0,73,17,1,259,0,108,45,0,8171,467,0,2979,429,72,0,148,178,0,46,0,7,263,59,3,719,28,0,5,13,0,8,12,0,3,1,55,52,38,56,50,3,0,0,0,63,3152,0,6,0,0,26,0,4,1,239,103,0,0,0,0,416,89,0,0,786,3938,445,0,9,8805,552,379,200,97,1523,38,109,141,8863,7,2,0,0,0,0,0,0,0,0,1881,94,18,0,4,408,0,0,2,47,1674,0,209,10,147,13,272,9,1,83,1,1570,0,1,0,7,827,0,0,328,635,0,1,26116,2,56,51,0,31,32,0,1
3-Jun-2020,775,12,113,79,0,0,0,564,515,0,17,11,273,0,440,2911,0,852,98,0,1,1,0,549,0,11,2,11598,0,0,25,1,0,8,0,188,800,9,0,13,3527,5,1110,0,7,28,0,9,0,3,62,73,131,35,210,0,180,1316,1152,71,0,0,0,1,87,0,0,0,2,-840,18,0,148,1,4,342,227,0,1,0,0,0,2,249,0,42,0,0,102,0,160,10,0,8909,609,0,3117,519,4,0,0,318,7,56,0,9,225,72,13,887,26,0,8,9,0,15,14,0,4,1,19,22,20,12,36,1,0,58,0,52,2771,0,0,0,0,33,53,5,0,288,102,0,0,65,2,241,76,1,35,576,4065,374,0,18,5563,359,230,195,62,1826,49,188,119,8536,7,4,0,0,0,0,0,0,0,0,1869,97,24,0,31,544,0,0,0,66,1455,0,294,40,137,26,775,3,0,87,1,1653,0,2,0,2,786,0,128,483,596,0,0,14692,2,0,152,0,45,0,28,2
4-Jun-2020,624,21,107,7,0,0,0,904,697,0,8,31,325,0,504,2695,0,861,70,0,0,0,0,460,0,16,0,28936,0,0,47,0,0,11,0,167,597,1,120,17,4942,1,1340,0,14,21,0,15,0,6,74,86,169,37,156,0,288,552,1079,52,0,0,10,1,142,0,0,0,24,328,16,0,99,0,1,394,251,2,19,0,0,0,1,250,0,47,7,0,281,0,165,0,0,9304,684,0,3134,781,45,0,0,321,2,32,0,2,271,123,62,710,28,0,0,14,2,5,14,0,2,0,63,11,93,9,35,2,0,80,0,7,3891,0,0,0,0,56,9,1,0,201,86,0,0,359,1,347,101,1,0,738,4801,258,0,57,4845,751,0,366,88,1901,39,247,152,8831,13,1,0,0,0,0,0,0,0,0,2171,96,69,0,13,569,0,3,2,57,1713,323,394,66,189,1,2214,19,0,91,17,1871,0,7,0,1,867,0,50,588,571,0,0,24890,1,156,157,0,20,0,16,6
5-Jun-2020,1078,15,98,1,0,0,0,949,596,0,11,36,262,0,414,2423,0,865,82,0,17,0,0,647,0,43,0,28633,0,0,0,1,0,25,0,37,693,5,99,8,4664,11,1521,0,3,52,1,12,1,0,56,152,149,40,119,0,279,0,1152,76,0,2,10,5,150,0,0,0,0,678,23,0,53,0,5,507,337,1,0,0,0,0,1,174,0,58,0,0,97,0,163,23,0,9851,585,0,3574,672,31,0,276,177,0,46,1,8,245,124,0,562,37,0,3,50,0,5,0,0,3,7,49,24,277,22,75,0,0,116,0,65,3912,0,1,0,0,81,36,2,0,334,209,1,0,0,2,350,120,2,31,779,3985,514,0,16,4030,634,653,331,485,1581,39,223,238,8726,13,1,0,0,0,0,0,0,8,0,1975,89,48,0,5,517,0,1,2,58,3267,0,334,48,215,28,1080,20,1,98,1,1805,0,13,0,0,988,0,15,553,659,0,1,14583,2,91,133,0,34,22,0,7
6-Jun-2020,582,20,104,0,0,0,0,929,547,0,11,62,338,0,606,2828,0,887,140,0,0,0,1,607,0,12,0,30925,0,0,83,0,0,34,0,603,629,4,163,8,4207,6,1766,0,4,37,0,14,0,2,35,169,120,64,69,0,389,1140,1348,68,0,0,20,5,169,0,0,0,30,554,33,0,146,0,2,407,283,1,0,0,0,2,0,394,0,69,22,0,36,0,190,16,0,9887,703,0,2886,1006,21,0,67,518,1,39,0,19,199,134,0,723,38,0,0,6,0,13,43,0,7,5,18,16,19,11,24,0,0,99,2,21,4442,0,5,0,0,68,0,0,0,278,210,0,0,0,3,328,180,0,27,770,4734,435,0,1,4284,244,371,377,112,1754,51,229,196,8855,10,1,0,0,1,0,0,0,0,0,2591,134,96,0,15,261,-1,0,5,0,2642,0,318,4,151,0,1056,23,0,81,2,1650,0,20,0,0,930,0,35,550,624,0,0,20069,4,57,135,1,16,0,43,0
7-Jun-2020,791,14,115,0,0,0,0,840,766,0,4,19,379,1,548,2635,0,0,165,1,7,0,0,483,0,40,0,30830,0,0,43,3,20,6,1,207,265,4,119,0,5246,9,1515,35,14,69,0,40,0,0,38,126,114,49,46,0,487,622,1497,85,0,0,21,17,129,0,0,0,23,527,50,0,0,0,1,301,294,0,15,0,0,0,0,331,0,57,0,0,284,0,91,0,0,9971,993,0,2269,1252,20,0,144,270,4,38,0,11,183,126,9,487,33,0,4,8,0,11,17,0,11,3,51,0,37,18,38,0,2,64,0,0,4346,1,2,0,0,80,57,4,4,323,183,0,0,0,4,389,123,0,0,930,4960,419,0,3,4202,714,567,382,295,1700,57,264,187,8984,11,0,0,0,0,0,0,0,0,0,3121,94,74,0,17,344,0,2,1,85,2539,0,332,13,216,8,948,20,1,83,8,1557,0,2,0,0,878,0,36,485,626,0,0,28922,2,159,58,0,13,43,14,0
8-Jun-2020,575,17,104,0,5,0,0,983,195,0,5,46,314,0,380,2743,0,1762,154,0,0,0,11,630,0,28,0,27075,0,0,16,0,0,12,0,261,722,0,64,1,6405,5,1392,0,30,0,0,18,0,4,61,182,138,24,38,0,405,392,1467,81,0,0,8,11,86,0,0,0,17,293,50,0,0,0,1,214,176,1,0,0,0,0,0,307,0,48,0,1,148,0,184,0,1,9983,672,0,2364,1268,18,0,77,197,1,33,2,13,165,167,40,717,25,0,2,11,0,14,0,0,9,4,26,29,19,2,10,7,0,0,0,0,3593,0,0,0,0,73,15,2,0,213,239,0,0,0,3,253,113,1,0,866,4728,541,0,45,4358,555,575,142,70,1595,38,189,189,8985,8,0,0,0,0,0,0,0,0,0,3045,79,82,0,23,383,0,0,0,45,2312,0,240,21,2,11,843,9,16,76,7,1326,0,8,0,0,914,0,23,463,540,0,0,28918,11,171,171,0,2,0,0,0
9-Jun-2020,305,36,111,0,1,0,0,774,350,0,5,21,323,0,654,2735,0,823,122,0,37,0,0,285,0,30,2,18912,0,0,83,2,0,13,0,200,642,0,216,2,4696,4,1209,0,0,55,0,9,0,6,69,142,90,14,71,0,526,258,1365,89,0,0,1,7,136,0,0,0,20,98,40,0,0,2,8,350,272,1,97,0,0,0,0,263,0,51,21,0,262,0,172,44,0,9987,847,0,2043,1115,6,0,132,280,2,36,0,23,215,95,72,662,23,0,0,19,0,11,76,0,6,1,42,5,7,13,14,1,0,102,0,72,3484,0,1,0,0,78,9,2,2,314,165,0,0,0,0,315,127,1,43,604,4646,421,0,10,4757,579,599,392,61,1368,38,107,125,8595,12,1,0,0,0,0,0,1,0,0,3369,102,73,0,32,386,0,2,0,34,2594,287,167,22,161,27,403,7,3,80,2,1205,0,2,0,0,989,0,30,394,568,0,0,17848,0,96,61,3,12,46,8,9
10-Jun-2020,920,42,117,0,4,0,0,826,428,0,2,13,315,0,783,3171,0,812,89,0,34,0,0,306,0,24,0,15654,0,0,79,1,0,18,0,252,545,7,0,5,3913,3,1483,0,35,24,0,5,0,2,54,114,153,39,53,0,289,539,1385,87,0,0,7,31,180,0,0,0,24,335,44,0,193,0,4,318,291,0,9,0,0,0,1,447,0,42,0,0,204,0,123,3,0,9985,1043,0,2095,787,8,0,174,283,0,41,2,14,245,127,0,630,38,0,1,18,0,13,0,0,7,6,44,12,7,26,39,4,0,113,0,24,2999,0,0,0,0,135,20,2,0,323,164,1,0,0,1,663,87,2,16,712,5385,429,0,42,3181,518,400,421,139,1721,50,218,145,8404,12,0,0,0,0,0,0,0,0,0,3288,86,69,0,24,218,0,1,1,48,2112,2,249,2,183,5,791,16,2,81,4,1741,0,0,0,0,993,0,0,525,528,0,0,17536,0,99,96,0,28,0,27,9
11-Jun-2020,748,44,102,0,17,0,0,1141,566,0,0,34,339,0,467,3190,4,801,132,1,0,0,3,695,0,49,6,32091,0,0,0,0,0,31,0,369,409,5,38,2,5737,11,1359,65,10,33,2,6,1,2,73,186,131,15,42,0,393,523,1455,83,0,0,11,27,170,0,0,0,15,397,92,0,0,0,6,555,0,0,10,0,0,0,2,364,0,33,0,2,124,0,485,10,0,9996,1240,0,2011,1146,16,0,179,202,0,41,0,18,240,105,35,683,36,0,3,20,0,14,46,0,6,3,24,0,2,20,81,1,0,121,0,31,4199,0,0,0,0,71,19,2,0,279,184,0,0,346,0,409,125,0,13,689,5834,379,0,15,4040,740,197,294,144,1716,45,296,196,8779,13,5,0,0,0,0,0,0,0,93,3717,124,66,0,37,451,0,2,2,36,2430,0,314,10,155,4,890,23,6,73,0,1003,0,25,0,0,922,0,19,689,603,0,1,17235,1,148,159,0,36,52,6,4
12-Jun-2020,656,31,105,0,5,0,0,1226,612,0,18,28,352,0,0,3187,0,750,142,0,51,0,0,637,0,55,0,32913,0,0,197,0,11,41,0,0,472,4,156,2,5596,7,1604,0,17,86,0,8,0,1,62,223,125,19,25,0,629,0,1442,99,0,0,7,51,164,0,0,0,24,358,52,0,169,0,9,258,157,0,20,0,0,0,0,355,0,81,0,0,134,0,425,12,0,10956,979,0,2238,1261,7,0,193,379,0,40,0,27,313,121,28,609,37,0,2,14,0,13,15,0,19,3,41,26,31,14,55,5,0,0,0,34,4883,0,0,0,0,29,17,13,0,250,164,0,0,0,0,681,175,0,18,1067,5985,656,0,28,5087,443,444,310,23,1476,56,406,237,8987,18,1,0,0,0,0,0,0,0,0,3733,119,71,0,23,422,0,8,0,61,3147,0,427,8,148,7,1474,33,12,71,4,1266,0,0,0,0,987,0,14,683,479,0,0,20315,1,124,106,0,31,0,12,2
13-Jun-2020,556,48,109,1,12,0,0,1386,723,0,5,30,336,0,1046,3471,0,704,108,0,22,0,0,884,0,61,12,30412,0,0,105,1,0,40,0,62,405,6,13,0,6754,12,1530,1,0,77,0,14,0,5,52,280,122,64,43,2,571,1338,1577,108,0,0,5,23,245,0,0,0,9,564,126,0,0,0,14,348,498,0,20,0,0,7,2,340,0,54,0,2,145,0,309,14,0,11458,1111,0,2369,1095,12,0,240,163,13,50,0,25,366,90,0,520,41,0,2,20,0,11,16,0,4,3,27,0,33,27,30,5,0,156,0,28,4790,0,3,0,0,73,20,0,0,448,210,0,0,0,4,0,164,0,12,1117,6884,697,0,24,5965,612,376,270,184,1517,48,366,222,8706,16,1,0,0,0,0,0,0,0,0,3921,92,73,0,18,463,0,1,2,0,3359,64,502,3,149,24,1396,19,0,68,5,1541,0,2,0,6,1195,0,0,753,513,0,0,21745,0,82,76,0,41,69,11,2
