Date,Afghanistan,Albania,Algeria,Andorra,Angola,Anguilla,Antigua and Barbuda,Argentina,Armenia,Aruba,Australia,Austria,Azerbaijan,Bahamas,Bahrain,Bangladesh,Barbados,Belarus,Belgium,Belize,Benin,Bermuda,Bhutan,Bolivia (Plurinational State of),"Bonaire, Sint Eustatius and Saba",Bosnia and Herzegovina,Botswana,Brazil,British Virgin Islands,Brunei Darussalam,Bulgaria,Burkina Faso,Burundi,Cabo Verde,Cambodia,Cameroon,Canada,Cayman Islands,Central African Republic,Chad,Chile,China,Colombia,Comoros,Congo,Costa Rica,Croatia,Cuba,Curacao,Cyprus,Czechia,Côte d’Ivoire,Democratic Republic of the Congo,Denmark,Djibouti,Dominica,Dominican Republic,Ecuador,Egypt,El Salvador,Equatorial Guinea,Eritrea,Estonia,Eswatini,Ethiopia,Falkland Islands (Malvinas),Faroe Islands,Fiji,Finland,France,French Guiana,French Polynesia,Gabon,Gambia,Georgia,Germany,Ghana,Gibraltar,Greece,Greenland,Grenada,Guadeloupe,Guam,Guatemala,Guernsey,Guinea,Guinea-Bissau,Guyana,Haiti,Holy See,Honduras,Hungary,Iceland,India,Indonesia,International conveyance (Diamond Princess),Iran (Islamic Republic of),Iraq,Ireland,Isle of Man,Israel,Italy,Jamaica,Japan,Jersey,Jordan,Kazakhstan,Kenya,Kosovo[1],Kuwait,Kyrgyzstan,Lao People's Democratic Republic,Latvia,Lebanon,Lesotho,Liberia,Libya,Liechtenstein,Lithuania,Luxembourg,Madagascar,Malawi,Malaysia,Maldives,Mali,Malta,Martinique,Mauritania,Mauritius,Mayotte,Mexico,Monaco,Mongolia,Montenegro,Montserrat,Morocco,Mozambique,Myanmar,Namibia,Nepal,Netherlands,New Caledonia,New Zealand,Nicaragua,Niger,Nigeria,North Macedonia,Northern Mariana Islands (Commonwealth of the),Norway,Oman,Other,Pakistan,Panama,Papua New Guinea,Paraguay,Peru,Philippines,Poland,Portugal,Puerto Rico,Qatar,Republic of Korea,Republic of Moldova,Romania,Russian Federation,Rwanda,Réunion,Saint Barthélemy,Saint Kitts and Nevis,Saint Lucia,Saint Martin,Saint Pierre and Miquelon,Saint Vincent and the Grenadines,San Marino,Sao Tome and Principe,Saudi Arabia,Senegal,Serbia,Seychelles,Sierra Leone,Singapore,Sint Maarten,Slovakia,Slovenia,Somalia,South Africa,South Sudan,Spain,Sri Lanka,Sudan,Suriname,Sweden,Switzerland,Syrian Arab Republic,Tajikistan,Thailand,The United Kingdom,Timor-Leste,Togo,Trinidad and Tobago,Tunisia,Turkey,Turks and Caicos Islands,Uganda,Ukraine,United Arab Emirates,United Republic of Tanzania,United States Virgin Islands,United States of America,Uruguay,Uzbekistan,Venezuela (Bolivarian Republic of),Viet Nam,Yemen,Zambia,Zimbabwe,"occupied Palestinian territory, including east Jerusalem"
2020-01-11,0,0,0,0,0,0,0,0,0,0,0,0,0,0,0,0,0,0,0,0,0,0,0,0,0,0,0,0,0,0,0,0,0,0,0,0,0,0,0,0,0,1,0,0,0,0,0,0,0,0,0,0,0,0,0,0,0,0,0,0,0,0,0,0,0,0,0,0,0,0,0,0,0,0,0,0,0,0,0,0,0,0,0,0,0,0,0,0,0,0,0,0,0,0,0,0,0,0,0,0,0,0,0,0,0,0,0,0,0,0,0,0,0,0,0,0,0,0,0,0,0,0,0,0,0,0,0,0,0,0,0,0,0,0,0,0,0,0,0,0,0,0,0,0,0,0,0,0,0,0,0,0,0,0,0,0,0,0,0,0,0,0,0,0,0,0,0,0,0,0,0,0,0,0,0,0,0,0,0,0,0,0,0,0,0,0,0,0,0,0,0,0,0,0,0,0,0,0,0,0,0,0,0,0,0,0,0,0,0,0,0,0,0,0,0,0,0
2020-01-12,0,0,0,0,0,0,0,0,0,0,0,0,0,0,0,0,0,0,0,0,0,0,0,0,0,0,0,0,0,0,0,0,0,0,0,0,0,0,0,0,0,0,0,0,0,0,0,0,0,0,0,0,0,0,0,0,0,0,0,0,0,0,0,0,0,0,0,0,0,0,0,0,0,0,0,0,0,0,0,0,0,0,0,0,0,0,0,0,0,0,0,0,0,0,0,0,0,0,0,0,0,0,0,0,0,0,0,0,0,0,0,0,0,0,0,0,0,0,0,0,0,0,0,0,0,0,0,0,0,0,0,0,0,0,0,0,0,0,0,0,0,0,0,0,0,0,0,0,0,0,0,0,0,0,0,0,0,0,0,0,0,0,0,0,0,0,0,0,0,0,0,0,0,0,0,0,0,0,0,0,0,0,0,0,0,0,0,0,0,0,0,0,0,0,0,0,0,0,0,0,0,0,0,0,0,0,0,0,0,0,0,0,0,0,0,0,0
2020-01-13,0,0,0,0,0,0,0,0,0,0,0,0,0,0,0,0,0,0,0,0,0,0,0,0,0,0,0,0,0,0,0,0,0,0,0,0,0,0,0,0,0,0,0,0,0,0,0,0,0,0,0,0,0,0,0,0,0,0,0,0,0,0,0,0,0,0,0,0,0,0,0,0,0,0,0,0,0,0,0,0,0,0,0,0,0,0,0,0,0,0,0,0,0,0,0,0,0,0,0,0,0,0,0,0,0,0,0,0,0,0,0,0,0,0,0,0,0,0,0,0,0,0,0,0,0,0,0,0,0,0,0,0,0,0,0,0,0,0,0,0,0,0,0,0,0,0,0,0,0,0,0,0,0,0,0,0,0,0,0,0,0,0,0,0,0,0,0,0,0,0,0,0,0,0,0,0,0,0,0,0,0,0,0,0,0,0,0,0,0,0,0,0,0,0,0,0,0,0,0,0,0,0,0,0,0,0,0,0,0,0,0,0,0,0,0,0,0
2020-01-14,0,0,0,0,0,0,0,0,0,0,0,0,0,0,0,0,0,0,0,0,0,0,0,0,0,0,0,0,0,0,0,0,0,0,0,0,0,0,0,0,0,0,0,0,0,0,0,0,0,0,0,0,0,0,0,0,0,0,0,0,0,0,0,0,0,0,0,0,0,0,0,0,0,0,0,0,0,0,0,0,0,0,0,0,0,0,0,0,0,0,0,0,0,0,0,0,0,0,0,0,0,0,0,0,0,0,0,0,0,0,0,0,0,0,0,0,0,0,0,0,0,0,0,0,0,0,0,0,0,0,0,0,0,0,0,0,0,0,0,0,0,0,0,0,0,0,0,0,0,0,0,0,0,0,0,0,0,0,0,0,0,0,0,0,0,0,0,0,0,0,0,0,0,0,0,0,0,0,0,0,0,0,0,0,0,0,0,0,0,0,0,0,0,0,0,0,0,0,0,0,0,0,0,0,0,0,0,0,0,0,0,0,0,0,0,0,0
2020-01-15,0,0,0,0,0,0,0,0,0,0,0,0,0,0,0,0,0,0,0,0,0,0,0,0,0,0,0,0,0,0,0,0,0,0,0,0,0,0,0,0,0,0,0,0,0,0,0,0,0,0,0,0,0,0,0,0,0,0,0,0,0,0,0,0,0,0,0,0,0,0,0,0,0,0,0,0,0,0,0,0,0,0,0,0,0,0,0,0,0,0,0,0,0,0,0,0,0,0,0,0,0,0,0,0,0,0,0,0,0,0,0,0,0,0,0,0,0,0,0,0,0,0,0,0,0,0,0,0,0,0,0,0,0,0,0,0,0,0,0,0,0,0,0,0,0,0,0,0,0,0,0,0,0,0,0,0,0,0,0,0,0,0,0,0,0,0,0,0,0,0,0,0,0,0,0,0,0,0,0,0,0,0,0,0,0,0,0,0,0,0,0,0,0,0,0,0,0,0,0,0,0,0,0,0,0,0,0,0,0,0,0,0,0,0,0,0,0
2020-01-16,0,0,0,0,0,0,0,0,0,0,0,0,0,0,0,0,0,0,0,0,0,0,0,0,0,0,0,0,0,0,0,0,0,0,0,0,0,0,0,0,0,0,0,0,0,0,0,0,0,0,0,0,0,0,0,0,0,0,0,0,0,0,0,0,0,0,0,0,0,0,0,0,0,0,0,0,0,0,0,0,0,0,0,0,0,0,0,0,0,0,0,0,0,0,0,0,0,0,0,0,0,0,0,0,0,0,0,0,0,0,0,0,0,0,0,0,0,0,0,0,0,0,0,0,0,0,0,0,0,0,0,0,0,0,0,0,0,0,0,0,0,0,0,0,0,0,0,0,0,0,0,0,0,0,0,0,0,0,0,0,0,0,0,0,0,0,0,0,0,0,0,0,0,0,0,0,0,0,0,0,0,0,0,0,0,0,0,0,0,0,0,0,0,0,0,0,0,0,0,0,0,0,0,0,0,0,0,0,0,0,0,0,0,0,0,0,0
2020-01-17,0,0,0,0,0,0,0,0,0,0,0,0,0,0,0,0,0,0,0,0,0,0,0,0,0,0,0,0,0,0,0,0,0,0,0,0,0,0,0,0,0,1,0,0,0,0,0,0,0,0,0,0,0,0,0,0,0,0,0,0,0,0,0,0,0,0,0,0,0,0,0,0,0,0,0,0,0,0,0,0,0,0,0,0,0,0,0,0,0,0,0,0,0,0,0,0,0,0,0,0,0,0,0,0,0,0,0,0,0,0,0,0,0,0,0,0,0,0,0,0,0,0,0,0,0,0,0,0,0,0,0,0,0,0,0,0,0,0,0,0,0,0,0,0,0,0,0,0,0,0,0,0,0,0,0,0,0,0,0,0,0,0,0,0,0,0,0,0,0,0,0,0,0,0,0,0,0,0,0,0,0,0,0,0,0,0,0,0,0,0,0,0,0,0,0,0,0,0,0,0,0,0,0,0,0,0,0,0,0,0,0,0,0,0,0,0,0
2020-01-18,0,0,0,0,0,0,0,0,0,0,0,0,0,0,0,0,0,0,0,0,0,0,0,0,0,0,0,0,0,0,0,0,0,0,0,0,0,0,0,0,0,0,0,0,0,0,0,0,0,0,0,0,0,0,0,0,0,0,0,0,0,0,0,0,0,0,0,0,0,0,0,0,0,0,0,0,0,0,0,0,0,0,0,0,0,0,0,0,0,0,0,0,0,0,0,0,0,0,0,0,0,0,0,0,0,0,0,0,0,0,0,0,0,0,0,0,0,0,0,0,0,0,0,0,0,0,0,0,0,0,0,0,0,0,0,0,0,0,0,0,0,0,0,0,0,0,0,0,0,0,0,0,0,0,0,0,0,0,0,0,0,0,0,0,0,0,0,0,0,0,0,0,0,0,0,0,0,0,0,0,0,0,0,0,0,0,0,0,0,0,0,0,0,0,0,0,0,0,0,0,0,0,0,0,0,0,0,0,0,0,0,0,0,0,0,0,0
2020-01-19,0,0,0,0,0,0,0,0,0,0,0,0,0,0,0,0,0,0,0,0,0,0,0,0,0,0,0,0,0,0,0,0,0,0,0,0,0,0,0,0,0,1,0,0,0,0,0,0,0,0,0,0,0,0,0,0,0,0,0,0,0,0,0,0,0,0,0,0,0,0,0,0,0,0,0,0,0,0,0,0,0,0,0,0,0,0,0,0,0,0,0,0,0,0,0,0,0,0,0,0,0,0,0,0,0,0,0,0,0,0,0,0,0,0,0,0,0,0,0,0,0,0,0,0,0,0,0,0,0,0,0,0,0,0,0,0,0,0,0,0,0,0,0,0,0,0,0,0,0,0,0,0,0,0,0,0,0,0,0,0,0,0,0,0,0,0,0,0,0,0,0,0,0,0,0,0,0,0,0,0,0,0,0,0,0,0,0,0,0,0,0,0,0,0,0,0,0,0,0,0,0,0,0,0,0,0,0,0,0,0,0,0,0,0,0,0,0
2020-01-20,0,0,0,0,0,0,0,0,0,0,0,0,0,0,0,0,0,0,0,0,0,0,0,0,0,0,0,0,0,0,0,0,0,0,0,0,0,0,0,0,0,1,0,0,0,0,0,0,0,0,0,0,0,0,0,0,0,0,0,0,0,0,0,0,0,0,0,0,0,0,0,0,0,0,0,0,0,0,0,0,0,0,0,0,0,0,0,0,0,0,0,0,0,0,0,0,0,0,0,0,0,0,0,0,0,0,0,0,0,0,0,0,0,0,0,0,0,0,0,0,0,0,0,0,0,0,0,0,0,0,0,0,0,0,0,0,0,0,0,0,0,0,0,0,0,0,0,0,0,0,0,0,0,0,0,0,0,0,0,0,0,0,0,0,0,0,0,0,0,0,0,0,0,0,0,0,0,0,0,0,0,0,0,0,0,0,0,0,0,0,0,0,0,0,0,0,0,0,0,0,0,0,0,0,0,0,0,0,0,0,0,0,0,0,0,0,0
2020-01-21,0,0,0,0,0,0,0,0,0,0,0,0,0,0,0,0,0,0,0,0,0,0,0,0,0,0,0,0,0,0,0,0,0,0,0,0,0,0,0,0,0,2,0,0,0,0,0,0,0,0,0,0,0,0,0,0,0,0,0,0,0,0,0,0,0,0,0,0,0,0,0,0,0,0,0,0,0,0,0,0,0,0,0,0,0,0,0,0,0,0,0,0,0,0,0,0,0,0,0,0,0,0,0,0,0,0,0,0,0,0,0,0,0,0,0,0,0,0,0,0,0,0,0,0,0,0,0,0,0,0,0,0,0,0,0,0,0,0,0,0,0,0,0,0,0,0,0,0,0,0,0,0,0,0,0,0,0,0,0,0,0,0,0,0,0,0,0,0,0,0,0,0,0,0,0,0,0,0,0,0,0,0,0,0,0,0,0,0,0,0,0,0,0,0,0,0,0,0,0,0,0,0,0,0,0,0,0,0,0,0,0,0,0,0,0,0,0
2020-01-22,0,0,0,0,0,0,0,0,0,0,0,0,0,0,0,0,0,0,0,0,0,0,0,0,0,0,0,0,0,0,0,0,0,0,0,0,0,0,0,0,0,3,0,0,0,0,0,0,0,0,0,0,0,0,0,0,0,0,0,0,0,0,0,0,0,0,0,0,0,0,0,0,0,0,0,0,0,0,0,0,0,0,0,0,0,0,0,0,0,0,0,0,0,0,0,0,0,0,0,0,0,0,0,0,0,0,0,0,0,0,0,0,0,0,0,0,0,0,0,0,0,0,0,0,0,0,0,0,0,0,0,0,0,0,0,0,0,0,0,0,0,0,0,0,0,0,0,0,0,0,0,0,0,0,0,0,0,0,0,0,0,0,0,0,0,0,0,0,0,0,0,0,0,0,0,0,0,0,0,0,0,0,0,0,0,0,0,0,0,0,0,0,0,0,0,0,0,0,0,0,0,0,0,0,0,0,0,0,0,0,0,0,0,0,0,0,0
2020-01-23,0,0,0,0,0,0,0,0,0,0,0,0,0,0,0,0,0,0,0,0,0,0,0,0,0,0,0,0,0,0,0,0,0,0,0,0,0,0,0,0,0,8,0,0,0,0,0,0,0,0,0,0,0,0,0,0,0,0,0,0,0,0,0,0,0,0,0,0,0,0,0,0,0,0,0,0,0,0,0,0,0,0,0,0,0,0,0,0,0,0,0,0,0,0,0,0,0,0,0,0,0,0,0,0,0,0,0,0,0,0,0,0,0,0,0,0,0,0,0,0,0,0,0,0,0,0,0,0,0,0,0,0,0,0,0,0,0,0,0,0,0,0,0,0,0,0,0,0,0,0,0,0,0,0,0,0,0,0,0,0,0,0,0,0,0,0,0,0,0,0,0,0,0,0,0,0,0,0,0,0,0,0,0,0,0,0,0,0,0,0,0,0,0,0,0,0,0,0,0,0,0,0,0,0,0,0,0,0,0,0,0,0,0,0,0,0,0
2020-01-24,0,0,0,0,0,0,0,0,0,0,0,0,0,0,0,0,0,0,0,0,0,0,0,0,0,0,0,0,0,0,0,0,0,0,0,0,0,0,0,0,0,8,0,0,0,0,0,0,0,0,0,0,0,0,0,0,0,0,0,0,0,0,0,0,0,0,0,0,0,0,0,0,0,0,0,0,0,0,0,0,0,0,0,0,0,0,0,0,0,0,0,0,0,0,0,0,0,0,0,0,0,0,0,0,0,0,0,0,0,0,0,0,0,0,0,0,0,0,0,0,0,0,0,0,0,0,0,0,0,0,0,0,0,0,0,0,0,0,0,0,0,0,0,0,0,0,0,0,0,0,0,0,0,0,0,0,0,0,0,0,0,0,0,0,0,0,0,0,0,0,0,0,0,0,0,0,0,0,0,0,0,0,0,0,0,0,0,0,0,0,0,0,0,0,0,0,0,0,0,0,0,0,0,0,0,0,0,0,0,0,0,0,0,0,0,0,0
2020-01-25,0,0,0,0,0,0,0,0,0,0,0,0,0,0,0,0,0,0,0,0,0,0,0,0,0,0,0,0,0,0,0,0,0,0,0,0,0,0,0,0,0,16,0,0,0,0,0,0,0,0,0,0,0,0,0,0,0,0,0,0,0,0,0,0,0,0,0,0,0,0,0,0,0,0,0,0,0,0,0,0,0,0,0,0,0,0,0,0,0,0,0,0,0,0,0,0,0,0,0,0,0,0,0,0,0,0,0,0,0,0,0,0,0,0,0,0,0,0,0,0,0,0,0,0,0,0,0,0,0,0,0,0,0,0,0,0,0,0,0,0,0,0,0,0,0,0,0,0,0,0,0,0,0,0,0,0,0,0,0,0,0,0,0,0,0,0,0,0,0,0,0,0,0,0,0,0,0,0,0,0,0,0,0,0,0,0,0,0,0,0,0,0,0,0,0,0,0,0,0,0,0,0,0,0,0,0,0,0,0,0,0,0,0,0,0,0,0
2020-01-26,0,0,0,0,0,0,0,0,0,0,0,0,0,0,0,0,0,0,0,0,0,0,0,0,0,0,0,0,0,0,0,0,0,0,0,0,0,0,0,0,0,15,0,0,0,0,0,0,0,0,0,0,0,0,0,0,0,0,0,0,0,0,0,0,0,0,0,0,0,0,0,0,0,0,0,0,0,0,0,0,0,0,0,0,0,0,0,0,0,0,0,0,0,0,0,0,0,0,0,0,0,0,0,0,0,0,0,0,0,0,0,0,0,0,0,0,0,0,0,0,0,0,0,0,0,0,0,0,0,0,0,0,0,0,0,0,0,0,0,0,0,0,0,0,0,0,0,0,0,0,0,0,0,0,0,0,0,0,0,0,0,0,0,0,0,0,0,0,0,0,0,0,0,0,0,0,0,0,0,0,0,0,0,0,0,0,0,0,0,0,0,0,0,0,0,0,0,0,0,0,0,0,0,0,0,0,0,0,0,0,0,0,0,0,0,0,0
2020-01-27,0,0,0,0,0,0,0,0,0,0,0,0,0,0,0,0,0,0,0,0,0,0,0,0,0,0,0,0,0,0,0,0,0,0,0,0,0,0,0,0,0,24,0,0,0,0,0,0,0,0,0,0,0,0,0,0,0,0,0,0,0,0,0,0,0,0,0,0,0,0,0,0,0,0,0,0,0,0,0,0,0,0,0,0,0,0,0,0,0,0,0,0,0,0,0,0,0,0,0,0,0,0,0,0,0,0,0,0,0,0,0,0,0,0,0,0,0,0,0,0,0,0,0,0,0,0,0,0,0,0,0,0,0,0,0,0,0,0,0,0,0,0,0,0,0,0,0,0,0,0,0,0,0,0,0,0,0,0,0,0,0,0,0,0,0,0,0,0,0,0,0,0,0,0,0,0,0,0,0,0,0,0,0,0,0,0,0,0,0,0,0,0,0,0,0,0,0,0,0,0,0,0,0,0,0,0,0,0,0,0,0,0,0,0,0,0,0
2020-01-28,0,0,0,0,0,0,0,0,0,0,0,0,0,0,0,0,0,0,0,0,0,0,0,0,0,0,0,0,0,0,0,0,0,0,0,0,0,0,0,0,0,26,0,0,0,0,0,0,0,0,0,0,0,0,0,0,0,0,0,0,0,0,0,0,0,0,0,0,0,0,0,0,0,0,0,0,0,0,0,0,0,0,0,0,0,0,0,0,0,0,0,0,0,0,0,0,0,0,0,0,0,0,0,0,0,0,0,0,0,0,0,0,0,0,0,0,0,0,0,0,0,0,0,0,0,0,0,0,0,0,0,0,0,0,0,0,0,0,0,0,0,0,0,0,0,0,0,0,0,0,0,0,0,0,0,0,0,0,0,0,0,0,0,0,0,0,0,0,0,0,0,0,0,0,0,0,0,0,0,0,0,0,0,0,0,0,0,0,0,0,0,0,0,0,0,0,0,0,0,0,0,0,0,0,0,0,0,0,0,0,0,0,0,0,0,0,0
2020-01-29,0,0,0,0,0,0,0,0,0,0,0,0,0,0,0,0,0,0,0,0,0,0,0,0,0,0,0,0,0,0,0,0,0,0,0,0,0,0,0,0,0,26,0,0,0,0,0,0,0,0,0,0,0,0,0,0,0,0,0,0,0,0,0,0,0,0,0,0,0,0,0,0,0,0,0,0,0,0,0,0,0,0,0,0,0,0,0,0,0,0,0,0,0,0,0,0,0,0,0,0,0,0,0,0,0,0,0,0,0,0,0,0,0,0,0,0,0,0,0,0,0,0,0,0,0,0,0,0,0,0,0,0,0,0,0,0,0,0,0,0,0,0,0,0,0,0,0,0,0,0,0,0,0,0,0,0,0,0,0,0,0,0,0,0,0,0,0,0,0,0,0,0,0,0,0,0,0,0,0,0,0,0,0,0,0,0,0,0,0,0,0,0,0,0,0,0,0,0,0,0,0,0,0,0,0,0,0,0,0,0,0,0,0,0,0,0,0
2020-01-30,0,0,0,0,0,0,0,0,0,0,0,0,0,0,0,0,0,0,0,0,0,0,0,0,0,0,0,0,0,0,0,0,0,0,0,0,0,0,0,0,0,38,0,0,0,0,0,0,0,0,0,0,0,0,0,0,0,0,0,0,0,0,0,0,0,0,0,0,0,0,0,0,0,0,0,0,0,0,0,0,0,0,0,0,0,0,0,0,0,0,0,0,0,0,0,0,0,0,0,0,0,0,0,0,0,0,0,0,0,0,0,0,0,0,0,0,0,0,0,0,0,0,0,0,0,0,0,0,0,0,0,0,0,0,0,0,0,0,0,0,0,0,0,0,0,0,0,0,0,0,0,0,0,0,0,0,0,0,0,0,0,0,0,0,0,0,0,0,0,0,0,0,0,0,0,0,0,0,0,0,0,0,0,0,0,0,0,0,0,0,0,0,0,0,0,0,0,0,0,0,0,0,0,0,0,0,0,0,0,0,0,0,0,0,0,0,0
2020-01-31,0,0,0,0,0,0,0,0,0,0,0,0,0,0,0,0,0,0,0,0,0,0,0,0,0,0,0,0,0,0,0,0,0,0,0,0,0,0,0,0,0,43,0,0,0,0,0,0,0,0,0,0,0,0,0,0,0,0,0,0,0,0,0,0,0,0,0,0,0,0,0,0,0,0,0,0,0,0,0,0,0,0,0,0,0,0,0,0,0,0,0,0,0,0,0,0,0,0,0,0,0,0,0,0,0,0,0,0,0,0,0,0,0,0,0,0,0,0,0,0,0,0,0,0,0,0,0,0,0,0,0,0,0,0,0,0,0,0,0,0,0,0,0,0,0,0,0,0,0,0,0,0,0,0,0,0,0,0,0,0,0,0,0,0,0,0,0,0,0,0,0,0,0,0,0,0,0,0,0,0,0,0,0,0,0,0,0,0,0,0,0,0,0,0,0,0,0,0,0,0,0,0,0,0,0,0,0,0,0,0,0,0,0,0,0,0,0
2020-02-01,0,0,0,0,0,0,0,0,0,0,0,0,0,0,0,0,0,0,0,0,0,0,0,0,0,0,0,0,0,0,0,0,0,0,0,0,0,0,0,0,0,46,0,0,0,0,0,0,0,0,0,0,0,0,0,0,0,0,0,0,0,0,0,0,0,0,0,0,0,0,0,0,0,0,0,0,0,0,0,0,0,0,0,0,0,0,0,0,0,0,0,0,0,0,0,0,0,0,0,0,0,0,0,0,0,0,0,0,0,0,0,0,0,0,0,0,0,0,0,0,0,0,0,0,0,0,0,0,0,0,0,0,0,0,0,0,0,0,0,0,0,0,0,0,0,0,0,0,0,0,0,0,0,0,0,0,0,0,0,0,0,0,0,0,0,0,0,0,0,0,0,0,0,0,0,0,0,0,0,0,0,0,0,0,0,0,0,0,0,0,0,0,0,0,0,0,0,0,0,0,0,0,0,0,0,0,0,0,0,0,0,0,0,0,0,0,0
2020-02-02,0,0,0,0,0,0,0,0,0,0,0,0,0,0,0,0,0,0,0,0,0,0,0,0,0,0,0,0,0,0,0,0,0,0,0,0,0,0,0,0,0,45,0,0,0,0,0,0,0,0,0,0,0,0,0,0,0,0,0,0,0,0,0,0,0,0,0,0,0,0,0,0,0,0,0,0,0,0,0,0,0,0,0,0,0,0,0,0,0,0,0,0,0,0,0,0,0,0,0,0,0,0,0,0,0,0,0,0,0,0,0,0,0,0,0,0,0,0,0,0,0,0,0,0,0,0,0,0,0,0,0,0,0,0,0,0,0,0,0,0,0,0,0,0,0,0,0,0,0,0,0,0,0,0,0,0,1,0,0,0,0,0,0,0,0,0,0,0,0,0,0,0,0,0,0,0,0,0,0,0,0,0,0,0,0,0,0,0,0,0,0,0,0,0,0,0,0,0,0,0,0,0,0,0,0,0,0,0,0,0,0,0,0,0,0,0,0
2020-02-03,0,0,0,0,0,0,0,0,0,0,0,0,0,0,0,0,0,0,0,0,0,0,0,0,0,0,0,0,0,0,0,0,0,0,0,0,0,0,0,0,0,57,0,0,0,0,0,0,0,0,0,0,0,0,0,0,0,0,0,0,0,0,0,0,0,0,0,0,0,0,0,0,0,0,0,0,0,0,0,0,0,0,0,0,0,0,0,0,0,0,0,0,0,0,0,0,0,0,0,0,0,0,0,0,0,0,0,0,0,0,0,0,0,0,0,0,0,0,0,0,0,0,0,0,0,0,0,0,0,0,0,0,0,0,0,0,0,0,0,0,0,0,0,0,0,0,0,0,0,0,0,0,0,0,0,0,0,0,0,0,0,0,0,0,0,0,0,0,0,0,0,0,0,0,0,0,0,0,0,0,0,0,0,0,0,0,0,0,0,0,0,0,0,0,0,0,0,0,0,0,0,0,0,0,0,0,0,0,0,0,0,0,0,0,0,0,0
2020-02-04,0,0,0,0,0,0,0,0,0,0,0,0,0,0,0,0,0,0,0,0,0,0,0,0,0,0,0,0,0,0,0,0,0,0,0,0,0,0,0,0,0,64,0,0,0,0,0,0,0,0,0,0,0,0,0,0,0,0,0,0,0,0,0,0,0,0,0,0,0,0,0,0,0,0,0,0,0,0,0,0,0,0,0,0,0,0,0,0,0,0,0,0,0,0,0,0,0,0,0,0,0,0,0,0,0,0,0,0,0,0,0,0,0,0,0,0,0,0,0,0,0,0,0,0,0,0,0,0,0,0,0,0,0,0,0,0,0,0,0,0,0,0,0,0,0,0,0,0,0,0,0,0,0,0,0,0,0,0,0,0,0,0,0,0,0,0,0,0,0,0,0,0,0,0,0,0,0,0,0,0,0,0,0,0,0,0,0,0,0,0,0,0,0,0,0,0,0,0,0,0,0,0,0,0,0,0,0,0,0,0,0,0,0,0,0,0,0
2020-02-05,0,0,0,0,0,0,0,0,0,0,0,0,0,0,0,0,0,0,0,0,0,0,0,0,0,0,0,0,0,0,0,0,0,0,0,0,0,0,0,0,0,66,0,0,0,0,0,0,0,0,0,0,0,0,0,0,0,0,0,0,0,0,0,0,0,0,0,0,0,0,0,0,0,0,0,0,0,0,0,0,0,0,0,0,0,0,0,0,0,0,0,0,0,0,0,0,0,0,0,0,0,0,0,0,0,0,0,0,0,0,0,0,0,0,0,0,0,0,0,0,0,0,0,0,0,0,0,0,0,0,0,0,0,0,0,0,0,0,0,0,0,0,0,0,0,0,0,0,0,0,0,0,0,0,0,0,0,0,0,0,0,0,0,0,0,0,0,0,0,0,0,0,0,0,0,0,0,0,0,0,0,0,0,0,0,0,0,0,0,0,0,0,0,0,0,0,0,0,0,0,0,0,0,0,0,0,0,0,0,0,0,0,0,0,0,0,0
2020-02-06,0,0,0,0,0,0,0,0,0,0,0,0,0,0,0,0,0,0,0,0,0,0,0,0,0,0,0,0,0,0,0,0,0,0,0,0,0,0,0,0,0,73,0,0,0,0,0,0,0,0,0,0,0,0,0,0,0,0,0,0,0,0,0,0,0,0,0,0,0,0,0,0,0,0,0,0,0,0,0,0,0,0,0,0,0,0,0,0,0,0,0,0,0,0,0,0,0,0,0,0,0,0,0,0,0,0,0,0,0,0,0,0,0,0,0,0,0,0,0,0,0,0,0,0,0,0,0,0,0,0,0,0,0,0,0,0,0,0,0,0,0,0,0,0,0,0,0,0,0,0,0,0,0,0,0,0,0,0,0,0,0,0,0,0,0,0,0,0,0,0,0,0,0,0,0,0,0,0,0,0,0,0,0,0,0,0,0,0,0,0,0,0,0,0,0,0,0,0,0,0,0,0,0,0,0,0,0,0,0,0,0,0,0,0,0,0,0
2020-02-07,0,0,0,0,0,0,0,0,0,0,0,0,0,0,0,0,0,0,0,0,0,0,0,0,0,0,0,0,0,0,0,0,0,0,0,0,0,0,0,0,0,73,0,0,0,0,0,0,0,0,0,0,0,0,0,0,0,0,0,0,0,0,0,0,0,0,0,0,0,0,0,0,0,0,0,0,0,0,0,0,0,0,0,0,0,0,0,0,0,0,0,0,0,0,0,0,0,0,0,0,0,0,0,0,0,0,0,0,0,0,0,0,0,0,0,0,0,0,0,0,0,0,0,0,0,0,0,0,0,0,0,0,0,0,0,0,0,0,0,0,0,0,0,0,0,0,0,0,0,0,0,0,0,0,0,0,0,0,0,0,0,0,0,0,0,0,0,0,0,0,0,0,0,0,0,0,0,0,0,0,0,0,0,0,0,0,0,0,0,0,0,0,0,0,0,0,0,0,0,0,0,0,0,0,0,0,0,0,0,0,0,0,0,0,0,0,0
2020-02-08,0,0,0,0,0,0,0,0,0,0,0,0,0,0,0,0,0,0,0,0,0,0,0,0,0,0,0,0,0,0,0,0,0,0,0,0,0,0,0,0,0,86,0,0,0,0,0,0,0,0,0,0,0,0,0,0,0,0,0,0,0,0,0,0,0,0,0,0,0,0,0,0,0,0,0,0,0,0,0,0,0,0,0,0,0,0,0,0,0,0,0,0,0,0,0,0,0,0,0,0,0,0,0,0,0,0,0,0,0,0,0,0,0,0,0,0,0,0,0,0,0,0,0,0,0,0,0,0,0,0,0,0,0,0,0,0,0,0,0,0,0,0,0,0,0,0,0,0,0,0,0,0,0,0,0,0,0,0,0,0,0,0,0,0,0,0,0,0,0,0,0,0,0,0,0,0,0,0,0,0,0,0,0,0,0,0,0,0,0,0,0,0,0,0,0,0,0,0,0,0,0,0,0,0,0,0,0,0,0,0,0,0,0,0,0,0,0
2020-02-09,0,0,0,0,0,0,0,0,0,0,0,0,0,0,0,0,0,0,0,0,0,0,0,0,0,0,0,0,0,0,0,0,0,0,0,0,0,0,0,0,0,89,0,0,0,0,0,0,0,0,0,0,0,0,0,0,0,0,0,0,0,0,0,0,0,0,0,0,0,0,0,0,0,0,0,0,0,0,0,0,0,0,0,0,0,0,0,0,0,0,0,0,0,0,0,0,0,0,0,0,0,0,0,0,0,0,0,0,0,0,0,0,0,0,0,0,0,0,0,0,0,0,0,0,0,0,0,0,0,0,0,0,0,0,0,0,0,0,0,0,0,0,0,0,0,0,0,0,0,0,0,0,0,0,0,0,0,0,0,0,0,0,0,0,0,0,0,0,0,0,0,0,0,0,0,0,0,0,0,0,0,0,0,0,0,0,0,0,0,0,0,0,0,0,0,0,0,0,0,0,0,0,0,0,0,0,0,0,0,0,0,0,0,0,0,0,0
2020-02-10,0,0,0,0,0,0,0,0,0,0,0,0,0,0,0,0,0,0,0,0,0,0,0,0,0,0,0,0,0,0,0,0,0,0,0,0,0,0,0,0,0,97,0,0,0,0,0,0,0,0,0,0,0,0,0,0,0,0,0,0,0,0,0,0,0,0,0,0,0,0,0,0,0,0,0,0,0,0,0,0,0,0,0,0,0,0,0,0,0,0,0,0,0,0,0,0,0,0,0,0,0,0,0,0,0,0,0,0,0,0,0,0,0,0,0,0,0,0,0,0,0,0,0,0,0,0,0,0,0,0,0,0,0,0,0,0,0,0,0,0,0,0,0,0,0,0,0,0,0,0,0,0,0,0,0,0,0,0,0,0,0,0,0,0,0,0,0,0,0,0,0,0,0,0,0,0,0,0,0,0,0,0,0,0,0,0,0,0,0,0,0,0,0,0,0,0,0,0,0,0,0,0,0,0,0,0,0,0,0,0,0,0,0,0,0,0,0
2020-02-11,0,0,0,0,0,0,0,0,0,0,0,0,0,0,0,0,0,0,0,0,0,0,0,0,0,0,0,0,0,0,0,0,0,0,0,0,0,0,0,0,0,108,0,0,0,0,0,0,0,0,0,0,0,0,0,0,0,0,0,0,0,0,0,0,0,0,0,0,0,0,0,0,0,0,0,0,0,0,0,0,0,0,0,0,0,0,0,0,0,0,0,0,0,0,0,0,0,0,0,0,0,0,0,0,0,0,0,0,0,0,0,0,0,0,0,0,0,0,0,0,0,0,0,0,0,0,0,0,0,0,0,0,0,0,0,0,0,0,0,0,0,0,0,0,0,0,0,0,0,0,0,0,0,0,0,0,0,0,0,0,0,0,0,0,0,0,0,0,0,0,0,0,0,0,0,0,0,0,0,0,0,0,0,0,0,0,0,0,0,0,0,0,0,0,0,0,0,0,0,0,0,0,0,0,0,0,0,0,0,0,0,0,0,0,0,0,0
2020-02-12,0,0,0,0,0,0,0,0,0,0,0,0,0,0,0,0,0,0,0,0,0,0,0,0,0,0,0,0,0,0,0,0,0,0,0,0,0,0,0,0,0,97,0,0,0,0,0,0,0,0,0,0,0,0,0,0,0,0,0,0,0,0,0,0,0,0,0,0,0,0,0,0,0,0,0,0,0,0,0,0,0,0,0,0,0,0,0,0,0,0,0,0,0,0,0,0,0,0,0,0,0,0,0,0,0,0,0,0,0,0,0,0,0,0,0,0,0,0,0,0,0,0,0,0,0,0,0,0,0,0,0,0,0,0,0,0,0,0,0,0,0,0,0,0,0,0,0,0,0,0,0,0,0,0,0,0,0,0,0,0,0,0,0,0,0,0,0,0,0,0,0,0,0,0,0,0,0,0,0,0,0,0,0,0,0,0,0,0,0,0,0,0,0,0,0,0,0,0,0,0,0,0,0,0,0,0,0,0,0,0,0,0,0,0,0,0,0
2020-02-13,0,0,0,0,0,0,0,0,0,0,0,0,0,0,0,0,0,0,0,0,0,0,0,0,0,0,0,0,0,0,0,0,0,0,0,0,0,0,0,0,0,254,0,0,0,0,0,0,0,0,0,0,0,0,0,0,0,0,0,0,0,0,0,0,0,0,0,0,0,0,0,0,0,0,0,0,0,0,0,0,0,0,0,0,0,0,0,0,0,0,0,0,0,0,0,0,0,0,0,0,0,0,0,1,0,0,0,0,0,0,0,0,0,0,0,0,0,0,0,0,0,0,0,0,0,0,0,0,0,0,0,0,0,0,0,0,0,0,0,0,0,0,0,0,0,0,0,0,0,0,0,0,0,0,0,0,0,0,0,0,0,0,0,0,0,0,0,0,0,0,0,0,0,0,0,0,0,0,0,0,0,0,0,0,0,0,0,0,0,0,0,0,0,0,0,0,0,0,0,0,0,0,0,0,0,0,0,0,0,0,0,0,0,0,0,0,0
2020-02-14,0,0,0,0,0,0,0,0,0,0,0,0,0,0,0,0,0,0,0,0,0,0,0,0,0,0,0,0,0,0,0,0,0,0,0,0,0,0,0,0,0,13,0,0,0,0,0,0,0,0,0,0,0,0,0,0,0,0,0,0,0,0,0,0,0,0,0,0,0,0,0,0,0,0,0,0,0,0,0,0,0,0,0,0,0,0,0,0,0,0,0,0,0,0,0,0,0,0,0,0,0,0,0,0,0,0,0,0,0,0,0,0,0,0,0,0,0,0,0,0,0,0,0,0,0,0,0,0,0,0,0,0,0,0,0,0,0,0,0,0,0,0,0,0,0,0,0,0,0,0,0,0,0,0,0,0,0,0,0,0,0,0,0,0,0,0,0,0,0,0,0,0,0,0,0,0,0,0,0,0,0,0,0,0,0,0,0,1,0,0,0,0,0,0,0,0,0,0,0,0,0,0,0,0,0,0,0,0,0,0,0,0,0,0,0,0,0
2020-02-15,0,0,0,0,0,0,0,0,0,0,0,0,0,0,0,0,0,0,0,0,0,0,0,0,0,0,0,0,0,0,0,0,0,0,0,0,0,0,0,0,0,143,0,0,0,0,0,0,0,0,0,0,0,0,0,0,0,0,0,0,0,0,0,0,0,0,0,0,0,0,0,0,0,0,0,0,0,0,0,0,0,0,0,0,0,0,0,0,0,0,0,0,0,0,0,0,0,0,0,0,0,0,0,0,0,0,0,0,0,0,0,0,0,0,0,0,0,0,0,0,0,0,0,0,0,0,0,0,0,0,0,0,0,0,0,0,0,0,0,0,0,0,0,0,0,0,0,0,0,0,0,0,0,0,0,0,0,0,0,0,0,0,0,0,0,0,0,0,0,0,0,0,0,0,0,0,0,0,0,0,0,0,0,0,0,0,0,0,0,0,0,0,0,0,0,0,0,0,0,0,0,0,0,0,0,0,0,0,0,0,0,0,0,0,0,0,0
2020-02-16,0,0,0,0,0,0,0,0,0,0,0,0,0,0,0,0,0,0,0,0,0,0,0,0,0,0,0,0,0,0,0,0,0,0,0,0,0,0,0,0,0,142,0,0,0,0,0,0,0,0,0,0,0,0,0,0,0,0,0,0,0,0,0,0,0,0,0,0,0,1,0,0,0,0,0,0,0,0,0,0,0,0,0,0,0,0,0,0,0,0,0,0,0,0,0,0,0,0,0,0,0,0,0,0,0,0,0,0,0,0,0,0,0,0,0,0,0,0,0,0,0,0,0,0,0,0,0,0,0,0,0,0,0,0,0,0,0,0,0,0,0,0,0,0,0,0,0,0,0,0,0,0,0,0,0,0,0,0,0,0,0,0,0,0,0,0,0,0,0,0,0,0,0,0,0,0,0,0,0,0,0,0,0,0,0,0,0,0,0,0,0,0,0,0,0,0,0,0,0,0,0,0,0,0,0,0,0,0,0,0,0,0,0,0,0,0,0
2020-02-17,0,0,0,0,0,0,0,0,0,0,0,0,0,0,0,0,0,0,0,0,0,0,0,0,0,0,0,0,0,0,0,0,0,0,0,0,0,0,0,0,0,106,0,0,0,0,0,0,0,0,0,0,0,0,0,0,0,0,0,0,0,0,0,0,0,0,0,0,0,0,0,0,0,0,0,0,0,0,0,0,0,0,0,0,0,0,0,0,0,0,0,0,0,0,0,0,0,0,0,0,0,0,0,0,0,0,0,0,0,0,0,0,0,0,0,0,0,0,0,0,0,0,0,0,0,0,0,0,0,0,0,0,0,0,0,0,0,0,0,0,0,0,0,0,0,0,0,0,0,0,0,0,0,0,0,0,0,0,0,0,0,0,0,0,0,0,0,0,0,0,0,0,0,0,0,0,0,0,0,0,0,0,0,0,0,0,0,0,0,0,0,0,0,0,0,0,0,0,0,0,0,0,0,0,0,0,0,0,0,0,0,0,0,0,0,0,0
2020-02-18,0,0,0,0,0,0,0,0,0,0,0,0,0,0,0,0,0,0,0,0,0,0,0,0,0,0,0,0,0,0,0,0,0,0,0,0,0,0,0,0,0,98,0,0,0,0,0,0,0,0,0,0,0,0,0,0,0,0,0,0,0,0,0,0,0,0,0,0,0,0,0,0,0,0,0,0,0,0,0,0,0,0,0,0,0,0,0,0,0,0,0,0,0,0,0,0,0,0,0,0,0,0,0,0,0,0,0,0,0,0,0,0,0,0,0,0,0,0,0,0,0,0,0,0,0,0,0,0,0,0,0,0,0,0,0,0,0,0,0,0,0,0,0,0,0,0,0,0,0,0,0,0,0,0,0,0,0,0,0,0,0,0,0,0,0,0,0,0,0,0,0,0,0,0,0,0,0,0,0,0,0,0,0,0,0,0,0,0,0,0,0,0,0,0,0,0,0,0,0,0,0,0,0,0,0,0,0,0,0,0,0,0,0,0,0,0,0
2020-02-19,0,0,0,0,0,0,0,0,0,0,0,0,0,0,0,0,0,0,0,0,0,0,0,0,0,0,0,0,0,0,0,0,0,0,0,0,0,0,0,0,0,136,0,0,0,0,0,0,0,0,0,0,0,0,0,0,0,0,0,0,0,0,0,0,0,0,0,0,0,0,0,0,0,0,0,0,0,0,0,0,0,0,0,0,0,0,0,0,0,0,0,0,0,0,0,0,2,0,0,0,0,0,0,0,0,0,0,0,0,0,0,0,0,0,0,0,0,0,0,0,0,0,0,0,0,0,0,0,0,0,0,0,0,0,0,0,0,0,0,0,0,0,0,0,0,0,0,0,0,0,0,0,0,0,0,0,0,0,0,0,0,0,0,0,0,0,0,0,0,0,0,0,0,0,0,0,0,0,0,0,0,0,0,0,0,0,0,0,0,0,0,0,0,0,0,0,0,0,0,0,0,0,0,0,0,0,0,0,0,0,0,0,0,0,0,0,0
2020-02-20,0,0,0,0,0,0,0,0,0,0,0,0,0,0,0,0,0,0,0,0,0,0,0,0,0,0,0,0,0,0,0,0,0,0,0,0,0,0,0,0,0,115,0,0,0,0,0,0,0,0,0,0,0,0,0,0,0,0,0,0,0,0,0,0,0,0,0,0,0,0,0,0,0,0,0,0,0,0,0,0,0,0,0,0,0,0,0,0,0,0,0,0,0,0,0,0,0,0,0,0,0,0,0,0,0,0,0,0,0,0,0,0,0,0,0,0,0,0,0,0,0,0,0,0,0,0,0,0,0,0,0,0,0,0,0,0,0,0,0,0,0,0,0,0,0,0,0,0,0,0,2,0,0,0,0,0,0,0,0,0,0,1,0,0,0,0,0,0,0,0,0,0,0,0,0,0,0,0,0,0,0,0,0,0,0,0,0,0,0,0,0,0,0,0,0,0,0,0,0,0,0,0,0,0,0,0,0,0,0,0,0,0,0,0,0,0,0
2020-02-21,0,0,0,0,0,0,0,0,0,0,0,0,0,0,0,0,0,0,0,0,0,0,0,0,0,0,0,0,0,0,0,0,0,0,0,0,0,0,0,0,0,118,0,0,0,0,0,0,0,0,0,0,0,0,0,0,0,0,0,0,0,0,0,0,0,0,0,0,0,0,0,0,0,0,0,0,0,0,0,0,0,0,0,0,0,0,0,0,0,0,0,0,0,0,0,0,2,0,0,0,0,0,0,0,0,0,0,0,0,0,0,0,0,0,0,0,0,0,0,0,0,0,0,0,0,0,0,0,0,0,0,0,0,0,0,0,0,0,0,0,0,0,0,0,0,0,0,0,0,0,0,0,0,0,0,0,0,0,0,0,0,0,0,0,0,0,0,0,0,0,0,0,0,0,0,0,0,0,0,0,0,0,0,0,0,0,0,0,0,0,0,0,0,0,0,0,0,0,0,0,0,0,0,0,0,0,0,0,0,0,0,0,0,0,0,0,0
2020-02-22,0,0,0,0,0,0,0,0,0,0,0,0,0,0,0,0,0,0,0,0,0,0,0,0,0,0,0,0,0,0,0,0,0,0,0,0,0,0,0,0,0,109,0,0,0,0,0,0,0,0,0,0,0,0,0,0,0,0,0,0,0,0,0,0,0,0,0,0,0,0,0,0,0,0,0,0,0,0,0,0,0,0,0,0,0,0,0,0,0,0,0,0,0,0,0,0,1,0,0,0,0,0,0,0,0,0,0,0,0,0,0,0,0,0,0,0,0,0,0,0,0,0,0,0,0,0,0,0,0,0,0,0,0,0,0,0,0,0,0,0,0,0,0,0,0,0,0,0,0,0,0,0,0,0,0,0,0,0,0,0,0,1,0,0,0,0,0,0,0,0,0,0,0,0,0,0,0,0,0,0,0,0,0,0,0,0,0,0,0,0,0,0,0,0,0,0,0,0,0,0,0,0,0,0,0,0,0,0,0,0,0,0,0,0,0,0,0
2020-02-23,0,0,0,0,0,0,0,0,0,0,0,0,0,0,0,0,0,0,0,0,0,0,0,0,0,0,0,0,0,0,0,0,0,0,0,0,0,0,0,0,0,97,0,0,0,0,0,0,0,0,0,0,0,0,0,0,0,0,0,0,0,0,0,0,0,0,0,0,0,0,0,0,0,0,0,0,0,0,0,0,0,0,0,0,0,0,0,0,0,0,0,0,0,0,0,0,3,0,0,0,0,2,0,0,0,0,0,0,0,0,0,0,0,0,0,0,0,0,0,0,0,0,0,0,0,0,0,0,0,0,0,0,0,0,0,0,0,0,0,0,0,0,0,0,0,0,0,0,0,0,1,0,0,0,0,0,0,0,0,0,0,0,0,0,0,0,0,0,0,0,0,0,0,0,0,0,0,0,0,0,0,0,0,0,0,0,0,0,0,0,0,0,0,0,0,0,0,0,0,0,0,0,0,0,0,0,0,0,0,0,0,0,0,0,0,0,0
2020-02-24,0,0,0,0,0,0,0,0,0,0,0,0,0,0,0,0,0,0,0,0,0,0,0,0,0,0,0,0,0,0,0,0,0,0,0,0,0,0,0,0,0,150,0,0,0,0,0,0,0,0,0,0,0,0,0,0,0,0,0,0,0,0,0,0,0,0,0,0,0,0,0,0,0,0,0,0,0,0,0,0,0,0,0,0,0,0,0,0,0,0,0,0,0,0,0,0,4,0,0,0,0,0,0,0,0,0,0,0,0,0,0,0,0,0,0,0,0,0,0,0,0,0,0,0,0,0,0,0,0,0,0,0,0,0,0,0,0,0,0,0,0,0,0,0,0,0,0,0,0,0,0,0,0,0,0,0,0,0,0,0,0,5,0,0,0,0,0,0,0,0,0,0,0,0,0,0,0,0,0,0,0,0,0,0,0,0,0,0,0,0,0,0,0,0,0,0,0,0,0,0,0,0,0,0,0,0,0,0,0,0,0,0,0,0,0,0,0
2020-02-25,0,0,0,0,0,0,0,0,0,0,0,0,0,0,0,0,0,0,0,0,0,0,0,0,0,0,0,0,0,0,0,0,0,0,0,0,0,0,0,0,0,71,0,0,0,0,0,0,0,0,0,0,0,0,0,0,0,0,0,0,0,0,0,0,0,0,0,0,0,0,0,0,0,0,0,0,0,0,0,0,0,0,0,0,0,0,0,0,0,0,0,0,0,0,0,0,3,0,0,0,0,5,0,0,0,0,0,0,0,0,0,0,0,0,0,0,0,0,0,0,0,0,0,0,0,0,0,0,0,0,0,0,0,0,0,0,0,0,0,0,0,0,0,0,0,0,0,0,0,0,1,0,0,0,0,0,0,0,0,0,0,3,0,0,0,0,0,0,0,0,0,0,0,0,0,0,0,0,0,0,0,0,0,0,0,0,0,0,0,0,0,0,0,0,0,0,0,0,0,0,0,0,0,0,0,0,0,0,0,0,0,0,0,0,0,0,0
2020-02-26,0,0,0,0,0,0,0,0,0,0,0,0,0,0,0,0,0,0,0,0,0,0,0,0,0,0,0,0,0,0,0,0,0,0,0,0,0,0,0,0,0,52,0,0,0,0,0,0,0,0,0,0,0,0,0,0,0,0,0,0,0,0,0,0,0,0,0,0,0,0,0,0,0,0,0,0,0,0,0,0,0,0,0,0,0,0,0,0,0,0,0,0,0,0,0,0,4,0,0,0,0,5,0,2,0,0,0,0,0,0,0,0,0,0,0,0,0,0,0,0,0,0,0,0,0,0,0,0,0,0,0,0,0,0,0,0,0,0,0,0,0,0,0,0,0,0,0,0,0,0,0,0,0,0,0,0,0,0,0,0,0,2,0,0,0,0,0,0,0,0,0,0,0,0,0,0,0,0,0,0,0,0,0,0,0,0,0,0,0,0,0,0,0,0,0,0,0,0,0,0,0,0,0,0,0,0,0,0,0,0,0,0,0,0,0,0,0
2020-02-27,0,0,0,0,0,0,0,0,0,0,0,0,0,0,0,0,0,0,0,0,0,0,0,0,0,0,0,0,0,0,0,0,0,0,0,0,0,0,0,0,0,29,0,0,0,0,0,0,0,0,0,0,0,0,0,0,0,0,0,0,0,0,0,0,0,0,0,0,0,1,0,0,0,0,0,0,0,0,0,0,0,0,0,0,0,0,0,0,0,0,0,0,0,0,0,0,7,0,0,0,0,0,0,1,0,0,0,0,0,0,0,0,0,0,0,0,0,0,0,0,0,0,0,0,0,0,0,0,0,0,0,0,0,0,0,0,0,0,0,0,0,0,0,0,0,0,0,0,0,0,0,0,0,0,0,0,0,0,0,0,0,1,0,0,0,0,0,0,0,0,0,0,0,0,0,0,0,0,0,0,0,0,0,0,0,0,0,0,0,0,0,0,0,0,0,0,0,0,0,0,0,0,0,0,0,0,0,0,0,0,0,0,0,0,0,0,0
2020-02-28,0,0,0,0,0,0,0,0,0,0,0,0,0,0,0,0,0,0,0,0,0,0,0,0,0,0,0,0,0,0,0,0,0,0,0,0,0,0,0,0,0,44,0,0,0,0,0,0,0,0,0,0,0,0,0,0,0,0,0,0,0,0,0,0,0,0,0,0,0,0,0,0,0,0,0,0,0,0,0,0,0,0,0,0,0,0,0,0,0,0,0,0,0,0,0,0,8,0,0,0,0,5,0,1,0,0,0,0,0,0,0,0,0,0,0,0,0,0,0,0,0,0,0,0,0,0,0,0,0,0,0,0,0,0,0,0,0,0,0,0,0,0,0,0,0,0,0,0,0,0,2,0,0,0,0,0,0,0,0,0,0,0,0,0,0,0,0,0,0,0,0,0,0,0,0,0,0,0,0,0,0,0,0,0,0,0,0,0,0,0,0,0,0,0,0,0,0,0,0,0,0,0,0,0,0,0,0,0,0,0,0,0,0,0,0,0,0
2020-02-29,0,0,0,0,0,0,0,0,0,0,0,0,0,0,0,0,0,0,0,0,0,0,0,0,0,0,0,0,0,0,0,0,0,0,0,0,0,0,0,0,0,47,0,0,0,0,0,0,0,0,0,0,0,0,0,0,0,0,0,0,0,0,0,0,0,0,0,0,0,0,0,0,0,0,0,0,0,0,0,0,0,0,0,0,0,0,0,0,0,0,0,0,0,0,0,0,9,0,0,0,0,4,0,0,0,0,0,0,0,0,0,0,0,0,0,0,0,0,0,0,0,0,0,0,0,0,0,0,0,0,0,0,0,0,0,0,0,0,0,0,0,0,0,0,0,0,0,0,0,0,0,0,0,0,0,0,0,0,0,0,0,4,0,0,0,0,0,0,0,0,0,0,0,0,0,0,0,0,0,0,0,0,0,0,0,0,0,0,0,0,0,0,0,0,0,0,0,0,0,0,0,0,0,0,0,0,0,0,0,0,0,0,0,0,0,0,0
2020-03-01,0,0,0,0,0,0,0,0,0,0,1,0,0,0,0,0,0,0,0,0,0,0,0,0,0,0,0,0,0,0,0,0,0,0,0,0,0,0,0,0,0,35,0,0,0,0,0,0,0,0,0,0,0,0,0,0,0,0,0,0,0,0,0,0,0,0,0,0,0,0,0,0,0,0,0,0,0,0,0,0,0,0,0,0,0,0,0,0,0,0,0,0,0,0,0,0,0,0,0,0,0,8,0,1,0,0,0,0,0,0,0,0,0,0,0,0,0,0,0,0,0,0,0,0,0,0,0,0,0,0,0,0,0,0,0,0,0,0,0,0,0,0,0,0,0,0,0,0,0,0,0,0,0,0,0,0,0,0,0,0,0,1,0,0,0,0,0,0,0,0,0,0,0,0,0,0,0,0,0,0,0,0,0,0,0,0,0,0,0,0,0,0,0,0,0,1,0,0,0,0,0,0,0,0,0,0,0,0,0,0,0,0,0,0,0,0,0
2020-03-02,0,0,0,0,0,0,0,0,0,0,0,0,0,0,0,0,0,0,0,0,0,0,0,0,0,0,0,0,0,0,0,0,0,0,0,0,0,0,0,0,0,42,0,0,0,0,0,0,0,0,0,0,0,0,0,0,0,0,0,0,0,0,0,0,0,0,0,0,0,0,0,0,0,0,0,0,0,0,0,0,0,0,0,0,0,0,0,0,0,0,0,0,0,0,0,0,23,0,0,0,0,6,0,0,0,0,0,0,0,0,0,0,0,0,0,0,0,0,0,0,0,0,0,0,0,0,0,0,0,0,0,0,0,0,0,0,0,0,0,0,0,0,0,0,0,0,0,0,0,0,0,0,0,0,0,0,0,0,0,0,0,4,0,0,0,0,0,0,0,0,0,0,0,0,0,0,0,0,0,0,0,0,0,0,0,0,0,0,0,0,0,0,0,0,0,0,0,0,0,0,0,0,0,0,0,0,0,0,0,0,0,0,0,0,0,0,0
2020-03-03,0,0,0,0,0,0,0,0,0,0,0,0,0,0,0,0,0,0,0,0,0,0,0,0,0,0,0,0,0,0,0,0,0,0,0,0,0,0,0,0,0,31,0,0,0,0,0,0,0,0,0,0,0,0,0,0,0,0,0,0,0,0,0,0,0,0,0,0,0,1,0,0,0,0,0,0,0,0,0,0,0,0,0,0,0,0,0,0,0,0,0,0,0,0,0,0,11,0,0,0,0,17,0,0,0,0,0,0,0,0,0,0,0,0,0,0,0,0,0,0,0,0,0,0,0,0,0,0,0,0,0,0,0,0,0,0,0,0,0,0,0,0,0,0,0,0,0,0,0,0,0,0,0,0,0,0,0,0,0,0,0,6,0,0,0,0,0,0,0,0,0,0,0,0,0,0,0,0,0,0,0,0,0,0,0,0,0,0,0,0,0,0,0,0,0,0,0,0,0,0,0,0,0,0,0,0,0,0,2,0,0,0,0,0,0,0,0
2020-03-04,0,0,0,0,0,0,0,0,0,0,0,0,0,0,0,0,0,0,0,0,0,0,0,0,0,0,0,0,0,0,0,0,0,0,0,0,0,0,0,0,0,38,0,0,0,0,0,0,0,0,0,0,0,0,0,0,0,0,0,0,0,0,0,0,0,0,0,0,0,1,0,0,0,0,0,0,0,0,0,0,0,0,0,0,0,0,0,0,0,0,0,0,0,0,0,0,15,2,0,0,0,28,0,0,0,0,0,0,0,0,0,0,0,0,0,0,0,0,0,0,0,0,0,0,0,0,0,0,0,0,0,0,0,0,0,0,0,0,0,0,0,0,0,0,0,0,0,0,0,0,0,0,0,0,0,0,0,0,0,0,0,4,0,0,0,0,0,0,0,0,0,0,0,0,0,0,0,0,0,0,0,0,0,0,0,0,0,1,0,0,0,0,0,0,0,0,0,0,0,0,0,0,0,0,0,0,0,0,3,0,0,0,0,0,0,0,0
2020-03-05,0,0,0,0,0,0,0,0,0,0,1,0,0,0,0,0,0,0,0,0,0,0,0,0,0,0,0,0,0,0,0,0,0,0,0,0,0,0,0,0,0,31,0,0,0,0,0,0,0,0,0,0,0,0,0,0,0,0,0,0,0,0,0,0,0,0,0,0,0,0,0,0,0,0,0,0,0,0,0,0,0,0,0,0,0,0,0,0,0,0,0,0,0,0,0,0,15,0,0,0,0,27,0,0,0,0,0,0,0,0,0,0,0,0,0,0,0,0,0,0,0,0,0,0,0,0,0,0,0,0,0,0,0,0,0,0,0,0,0,0,0,0,0,0,0,0,0,0,0,0,0,0,0,0,0,0,0,0,0,0,0,3,0,0,0,0,0,0,0,0,0,0,0,0,0,0,0,0,0,0,0,0,0,0,0,0,0,2,0,0,0,0,0,0,0,0,0,0,0,0,0,0,0,0,0,0,0,0,5,0,0,0,0,0,0,0,0
2020-03-06,0,0,0,0,0,0,0,0,0,0,0,0,0,0,0,0,0,0,0,0,0,0,0,0,0,0,0,0,0,0,0,0,0,0,0,0,0,0,0,0,0,30,0,0,0,0,0,0,0,0,0,0,0,0,0,0,0,0,0,0,0,0,0,0,0,0,0,0,0,2,0,0,0,0,0,0,0,0,0,0,0,0,0,0,0,0,0,0,0,0,0,0,0,0,0,0,17,2,0,0,0,41,0,0,0,0,0,0,0,0,0,0,0,0,0,0,0,0,0,0,0,0,0,0,0,0,0,0,0,0,0,0,0,0,0,0,0,0,0,0,0,0,0,0,0,0,0,0,0,0,0,0,0,0,0,0,0,0,0,0,0,7,0,0,0,0,0,0,0,0,0,0,0,0,0,0,0,0,0,0,0,0,0,0,0,0,0,1,0,0,0,0,2,0,0,0,0,0,0,0,0,0,0,0,0,0,0,0,1,0,0,0,0,0,0,0,0
2020-03-07,0,0,0,0,0,0,0,1,0,0,0,0,0,0,0,0,0,0,0,0,0,0,0,0,0,0,0,0,0,0,0,0,0,0,0,0,0,0,0,0,0,28,0,0,0,0,0,0,0,0,0,0,0,0,0,0,0,0,0,0,0,0,0,0,0,0,0,0,0,3,0,0,0,0,0,0,0,0,0,0,0,0,0,0,0,0,0,0,0,0,0,0,0,0,0,0,21,0,0,0,0,49,0,0,0,0,0,0,0,0,0,0,0,0,0,0,0,0,0,0,0,0,0,0,0,0,0,0,0,0,0,0,0,0,0,0,0,0,0,0,1,0,0,0,0,0,0,0,0,0,0,0,0,0,0,0,0,0,0,0,0,2,0,0,0,0,0,0,0,0,0,0,0,0,0,0,0,0,0,0,0,0,0,0,0,0,0,3,0,0,0,0,0,0,0,0,0,0,0,0,0,0,0,0,0,0,0,0,0,0,0,0,0,0,0,0,0
2020-03-08,0,0,0,0,0,0,0,0,0,0,1,0,0,0,0,0,0,0,0,0,0,0,0,0,0,0,0,0,0,0,0,0,0,0,0,0,0,0,0,0,0,27,0,0,0,0,0,0,0,0,0,0,0,0,0,0,0,0,1,0,0,0,0,0,0,0,0,0,0,1,0,0,0,0,0,0,0,0,0,0,0,0,0,0,0,0,0,0,0,0,0,0,0,0,0,0,49,2,0,0,0,37,0,0,0,0,0,0,0,0,0,0,0,0,0,0,0,0,0,0,0,0,0,0,0,0,0,0,0,0,0,0,0,0,0,0,0,0,0,0,0,0,0,0,0,0,0,0,0,0,1,0,0,0,0,0,0,0,0,0,0,6,0,0,0,0,0,0,0,0,0,0,0,1,0,0,0,0,0,0,0,0,0,0,0,0,0,3,0,0,0,0,0,0,0,0,1,0,0,0,0,0,0,0,0,0,0,0,0,0,0,0,0,0,0,0,0
2020-03-09,0,0,0,0,0,0,0,0,0,0,0,0,0,0,0,0,0,0,0,0,0,0,0,0,0,0,0,0,0,0,0,0,0,0,0,0,0,0,0,0,0,23,0,0,0,0,0,0,0,0,0,0,0,0,0,0,0,0,0,0,0,0,0,0,0,0,0,0,0,9,0,0,0,0,0,0,0,0,0,0,0,0,0,0,0,0,0,0,0,0,0,0,0,0,0,0,43,0,0,0,0,132,0,3,0,0,0,0,0,0,0,0,0,0,0,0,0,0,0,0,0,0,0,0,0,0,0,0,0,0,0,0,0,0,0,0,0,0,0,0,2,0,0,0,0,0,0,0,0,0,0,0,0,0,0,0,0,0,0,0,0,1,0,0,0,0,0,0,0,0,0,0,0,0,0,0,0,0,0,0,0,0,0,0,0,0,0,14,0,0,0,0,1,0,0,0,1,0,0,0,0,0,0,0,0,0,0,0,8,0,0,0,0,0,0,0,0
2020-03-10,0,0,0,0,0,0,0,0,0,0,0,0,0,0,0,0,0,0,0,0,0,0,0,0,0,0,0,0,0,0,0,0,0,0,0,0,0,0,0,0,0,17,0,0,0,0,0,0,0,0,0,0,0,0,0,0,0,0,0,0,0,0,0,0,0,0,0,0,0,11,0,0,0,0,0,2,0,0,0,0,0,0,0,0,0,0,0,0,0,0,0,0,0,0,0,0,54,0,0,0,0,97,0,0,0,0,0,0,0,0,0,0,0,0,0,0,0,0,0,0,0,0,0,0,0,0,0,0,0,0,0,0,0,0,0,1,0,0,0,0,0,0,0,0,0,0,0,0,0,0,0,0,0,0,0,0,0,0,0,0,0,3,0,0,0,0,0,0,0,0,0,0,0,1,0,0,0,0,0,0,0,0,0,0,0,0,0,16,0,0,0,0,0,0,0,0,0,0,0,0,0,0,0,0,0,0,0,0,6,0,0,0,0,0,0,0,0
2020-03-11,0,0,0,0,0,0,0,0,0,0,0,0,0,0,0,0,0,0,0,0,0,0,0,0,0,0,0,0,0,0,0,0,0,0,0,0,1,0,0,0,0,22,0,0,0,0,0,0,0,0,0,0,0,0,0,0,0,0,0,0,0,0,0,0,0,0,0,0,0,3,0,0,0,0,0,0,0,0,0,0,0,0,0,0,0,0,0,0,0,0,0,0,0,0,1,0,63,1,0,0,0,168,0,3,0,0,0,0,0,0,0,0,0,1,0,0,0,0,0,0,0,0,0,0,0,0,0,0,0,0,0,0,0,0,0,0,0,0,0,0,1,0,0,0,0,0,0,0,0,0,0,0,1,0,0,0,0,0,0,0,0,6,0,0,0,0,0,0,0,0,0,0,0,0,0,0,0,0,0,0,0,0,0,0,0,0,0,26,0,0,0,0,2,0,0,0,1,0,0,0,0,0,0,0,0,0,0,0,0,0,0,0,0,0,0,0,0
2020-03-12,0,0,0,0,0,0,0,0,0,0,0,0,0,0,0,0,0,0,1,0,0,0,0,0,0,0,0,0,0,0,0,0,0,0,0,0,0,0,0,0,0,11,0,0,0,0,0,0,0,0,0,0,0,0,0,0,0,0,0,0,0,0,0,0,0,0,0,0,0,15,0,0,0,0,0,1,0,0,0,0,0,0,0,0,0,0,0,0,0,0,0,0,0,0,0,0,75,0,1,0,0,196,0,3,0,0,0,0,0,0,0,0,0,2,0,0,0,0,0,0,0,0,0,0,0,0,0,0,0,0,0,0,0,0,0,0,0,0,0,0,1,0,0,0,0,0,0,0,0,0,0,0,0,0,0,0,1,0,0,0,0,6,0,0,0,0,0,0,0,0,0,0,0,1,0,0,0,0,0,0,0,0,0,0,0,0,0,35,0,0,0,0,3,0,0,0,4,0,0,0,0,0,0,0,0,0,0,0,4,0,0,0,0,0,0,0,0
2020-03-13,0,0,1,0,0,0,0,0,0,0,0,1,0,0,0,0,0,0,3,0,0,0,0,0,0,0,0,0,0,0,1,0,0,0,0,0,0,0,0,0,0,7,0,0,0,0,0,0,0,0,0,0,0,0,0,0,0,0,0,0,0,0,0,0,0,0,0,0,0,0,0,0,0,0,0,0,0,0,1,0,0,0,0,0,0,0,0,1,0,0,0,0,0,1,3,0,85,0,0,0,0,189,0,4,0,0,0,0,0,0,0,0,0,0,0,0,0,0,0,0,0,0,0,0,0,0,0,0,0,0,0,0,0,0,0,0,0,0,0,0,0,0,0,0,0,0,0,0,0,0,0,0,0,0,0,0,0,1,0,0,0,1,0,0,0,0,0,0,0,0,0,0,0,2,0,0,0,0,0,0,0,0,0,0,0,0,0,55,0,0,0,0,4,0,0,0,0,0,0,0,0,0,0,0,0,0,0,0,7,0,0,0,0,0,0,0,0
2020-03-14,0,1,0,0,0,0,0,1,0,0,0,0,0,0,0,0,0,0,1,0,0,0,0,0,0,0,0,0,0,0,0,0,0,0,0,0,0,0,0,0,0,14,0,0,0,0,0,0,0,0,0,0,0,0,0,0,0,0,1,0,0,0,0,0,0,0,0,0,0,31,0,0,0,0,0,0,0,0,0,0,0,0,0,0,0,0,0,0,0,0,0,0,0,1,0,0,94,2,0,0,0,252,0,3,0,0,0,0,0,0,0,0,0,0,0,0,0,0,0,1,0,0,0,0,0,0,0,0,0,0,0,0,0,0,0,0,0,0,0,0,5,0,0,0,0,0,0,0,1,0,0,0,0,0,0,0,0,0,0,0,0,5,0,0,0,0,0,0,0,0,0,0,0,0,0,0,0,0,0,0,0,0,0,0,0,0,0,78,0,0,0,0,3,0,0,0,2,0,0,0,0,0,0,0,1,0,0,0,5,0,0,0,0,0,0,0,0
2020-03-15,0,0,1,0,0,0,0,0,0,0,2,0,0,0,0,0,0,0,3,0,0,0,0,0,0,0,0,0,0,0,0,0,0,0,0,0,0,0,0,0,0,10,0,0,0,0,0,0,0,0,0,0,0,0,0,0,0,0,0,0,0,0,0,0,0,0,0,0,0,12,0,0,0,0,0,5,0,0,0,0,0,0,0,1,0,0,0,0,0,0,0,0,0,0,0,0,116,0,0,0,0,173,0,0,0,0,0,0,0,0,0,0,0,0,0,0,0,0,0,0,0,0,0,0,0,0,0,0,0,0,0,0,0,0,0,0,0,0,0,0,2,0,0,0,0,0,0,0,0,0,0,0,0,0,0,0,10,0,0,0,0,3,0,0,0,0,0,0,0,0,0,0,0,0,0,0,0,0,0,0,0,0,0,0,0,0,0,104,0,1,0,0,5,0,0,0,1,0,0,0,0,0,0,0,0,0,0,0,0,0,0,0,0,0,0,0,0
2020-03-16,0,0,1,0,0,0,0,0,0,0,0,0,0,0,1,0,0,0,5,0,0,0,0,0,0,0,0,0,0,0,1,0,0,0,0,0,0,1,0,0,0,14,0,0,0,0,0,0,0,0,0,0,0,1,0,0,0,2,0,0,0,0,0,0,0,0,0,0,0,36,0,0,0,0,0,4,0,0,3,0,0,0,0,0,0,0,0,0,0,0,0,1,0,0,1,0,129,0,1,0,0,368,0,2,0,0,0,0,0,0,0,0,0,0,0,0,0,0,0,0,0,0,0,0,0,0,0,0,0,0,0,0,0,0,0,0,0,0,0,0,8,0,0,0,0,0,0,0,0,0,0,0,0,0,0,0,0,2,0,0,0,0,0,0,0,0,0,0,0,0,0,0,0,0,0,0,0,0,0,0,0,0,0,0,0,0,0,129,0,0,0,3,8,0,0,0,18,0,0,0,0,0,0,0,0,0,0,0,0,0,0,0,0,0,0,0,0
2020-03-17,0,0,1,0,0,0,0,0,0,0,0,0,0,0,0,0,0,0,6,0,0,0,0,0,0,0,0,0,0,0,0,0,0,0,0,0,0,0,0,0,0,13,0,0,0,0,0,0,0,0,0,0,0,0,0,0,1,0,2,0,0,0,0,0,0,0,0,0,0,21,0,0,0,0,0,0,0,0,0,0,0,0,0,0,0,0,0,0,0,0,0,0,0,1,0,0,135,2,0,0,0,349,0,4,0,0,0,0,0,0,0,0,0,0,0,0,0,0,0,0,0,0,0,0,0,0,0,0,0,0,0,0,0,0,0,1,0,0,0,0,4,0,0,0,0,0,0,0,2,0,0,0,0,0,0,0,0,0,0,0,0,6,0,0,0,0,0,0,0,0,0,0,0,4,0,0,0,0,0,0,0,0,0,0,0,0,0,176,0,0,0,0,7,0,0,0,15,0,0,0,0,0,0,0,0,0,0,0,17,0,0,0,0,0,0,0,0
2020-03-18,0,0,0,0,0,0,0,0,0,0,1,2,0,0,0,0,0,0,11,0,0,0,0,0,0,0,0,1,0,0,0,0,0,0,0,0,8,0,0,0,0,11,0,0,0,1,0,1,0,0,0,0,0,3,0,0,0,0,2,0,0,0,0,0,0,0,0,0,0,27,0,0,0,0,0,0,0,0,0,0,0,0,0,0,0,0,0,0,0,0,0,0,0,0,14,0,147,1,0,0,0,347,0,1,0,0,0,0,0,0,0,0,0,1,0,0,0,0,0,0,0,0,2,0,0,0,0,0,0,0,0,0,0,0,0,0,0,0,0,0,34,0,0,0,0,0,0,0,0,0,0,0,0,0,0,0,2,2,1,0,0,3,0,0,0,0,0,0,0,0,0,0,0,2,0,0,0,0,0,0,0,0,0,1,0,0,0,186,0,0,0,0,12,0,0,0,22,0,0,0,0,0,0,0,1,0,0,0,42,0,0,0,0,0,0,0,0
2020-03-19,0,1,2,0,0,0,0,0,0,0,0,1,1,0,0,1,0,0,12,0,0,0,0,0,0,0,0,3,0,0,0,1,0,0,0,0,0,0,0,0,0,11,0,0,0,0,0,0,0,0,0,0,0,0,0,0,1,1,0,0,0,0,0,0,0,0,0,0,0,69,0,0,0,0,0,0,0,0,1,0,0,0,0,0,0,0,0,0,0,0,0,0,0,1,6,0,149,0,0,0,0,473,1,4,0,0,0,0,0,0,0,0,0,0,0,0,0,0,0,1,0,0,0,0,0,0,0,0,0,0,1,0,0,0,0,0,0,0,0,0,0,0,0,0,0,0,0,0,0,0,0,2,0,0,0,0,3,0,1,0,0,10,0,0,0,0,0,0,0,0,0,0,0,3,0,0,0,0,0,0,0,0,0,0,0,0,0,234,0,0,0,0,8,0,0,0,16,0,0,0,0,2,0,0,0,0,0,0,50,0,0,0,0,0,0,0,0
2020-03-20,0,0,1,0,0,0,0,1,0,0,1,1,0,0,0,0,0,0,22,0,0,0,0,0,0,0,0,0,0,0,1,0,0,0,0,0,0,0,0,0,0,8,0,0,0,1,0,0,0,0,0,0,0,2,0,0,0,2,1,0,0,0,0,0,0,0,0,0,0,128,0,0,0,0,0,8,0,0,0,0,0,0,0,0,0,0,0,0,0,0,0,0,0,0,7,0,149,2,1,0,0,429,0,2,0,0,0,0,0,0,0,0,0,0,0,0,0,0,0,2,0,0,1,0,0,0,0,0,0,0,0,0,0,0,0,1,0,0,0,0,18,0,0,0,0,0,0,0,3,0,1,0,0,0,0,2,1,0,1,0,0,8,0,0,0,0,0,0,0,0,0,0,0,0,0,0,0,0,0,0,2,0,0,0,0,0,0,307,0,0,0,0,13,0,0,0,34,0,0,0,1,0,0,0,0,0,0,0,51,0,0,0,0,0,0,0,0
2020-03-21,0,0,3,0,0,0,0,0,0,0,0,1,0,0,0,1,0,0,28,0,0,0,0,0,0,0,0,7,0,0,0,0,0,0,0,0,4,0,0,0,1,6,0,0,0,0,0,0,1,0,0,0,0,3,0,0,0,2,1,0,0,0,0,0,0,0,0,0,0,78,0,0,1,0,0,25,0,0,3,0,0,0,0,0,0,0,0,0,0,0,0,3,1,0,6,0,123,3,0,0,1,625,0,1,0,0,0,0,0,0,0,0,0,0,0,0,0,0,1,1,0,0,0,0,0,0,0,0,0,0,0,0,0,0,0,0,0,0,0,0,30,0,0,0,0,0,0,0,1,0,0,1,0,0,1,0,1,0,3,1,0,2,1,0,0,0,0,0,0,0,0,0,0,0,0,0,0,1,0,0,0,0,0,0,0,0,0,418,0,0,0,13,21,0,0,0,43,0,0,0,0,7,0,0,1,2,0,0,0,0,0,0,0,0,0,0,0
2020-03-22,0,0,5,0,0,0,0,0,0,0,0,2,0,0,1,0,0,0,31,0,0,0,0,0,0,1,0,0,0,0,0,2,0,0,0,0,0,0,0,0,0,0,0,0,0,0,0,0,0,0,0,0,1,4,0,0,0,0,2,0,0,0,0,0,0,0,0,0,1,112,0,0,0,0,0,22,0,0,5,0,0,0,0,0,0,0,0,0,0,0,0,0,0,1,10,0,129,3,0,0,0,795,0,0,0,0,0,0,0,0,0,0,0,0,0,0,0,0,0,3,0,0,6,0,0,0,0,0,0,0,0,0,0,0,0,0,0,0,0,0,30,0,0,0,0,0,0,0,0,0,0,0,0,0,0,0,6,0,6,0,0,0,0,0,0,0,0,0,0,0,0,0,0,6,0,0,0,0,0,0,0,0,0,0,0,0,0,494,0,0,0,4,19,0,0,0,36,0,0,0,2,12,0,0,0,0,0,0,0,0,0,0,0,0,0,0,0
2020-03-23,1,0,0,0,0,0,0,1,0,0,0,0,0,0,0,0,0,0,39,0,0,0,0,0,0,0,0,0,0,0,0,0,0,0,0,0,6,0,0,0,0,9,2,0,0,0,0,0,0,0,0,0,0,0,0,0,0,0,4,0,0,0,0,0,0,0,0,0,0,0,0,0,0,0,0,0,0,0,0,0,0,0,1,0,0,0,0,0,0,0,0,0,0,4,1,0,127,3,0,0,0,0,0,5,0,0,0,0,0,0,0,0,0,0,0,0,0,0,0,0,0,0,2,0,0,0,0,0,0,0,1,0,0,0,0,1,0,0,0,0,0,0,0,0,0,0,0,0,0,0,0,2,2,0,0,0,8,0,0,0,0,7,0,0,0,0,0,0,0,0,0,0,0,0,0,0,0,0,0,0,0,0,0,0,0,0,0,535,0,0,0,0,18,0,0,0,56,0,0,0,0,0,0,0,0,0,0,0,201,0,0,0,0,0,0,0,0
2020-03-24,0,0,2,0,0,0,0,0,0,0,1,8,0,0,1,2,0,0,42,0,0,0,0,0,0,0,0,35,0,0,0,0,0,0,0,0,6,0,0,0,1,7,1,0,0,0,0,0,0,0,1,0,1,0,0,0,4,1,5,0,0,0,0,0,0,0,0,0,0,112,0,0,0,0,0,27,0,0,2,0,0,0,0,0,0,0,0,0,0,0,0,3,0,0,0,0,122,4,1,0,0,649,0,1,0,0,0,0,1,0,0,0,0,0,0,0,0,0,0,0,0,0,4,0,0,0,0,0,0,0,2,0,0,0,0,0,0,0,0,0,43,0,0,0,0,0,1,0,0,0,2,1,3,0,1,3,0,2,2,1,0,9,0,2,0,0,0,0,0,0,0,0,0,0,0,1,0,0,0,0,0,0,0,0,0,0,0,659,0,0,0,1,23,0,0,3,35,0,0,0,0,9,0,0,0,0,0,0,271,0,0,0,0,0,0,0,0
2020-03-25,0,2,0,1,0,0,0,0,0,0,0,9,0,0,0,0,0,0,78,0,0,0,0,0,0,0,0,0,0,0,0,0,0,0,0,0,0,0,0,0,0,4,0,0,0,0,0,0,0,0,0,0,0,11,0,0,0,0,2,0,0,0,0,0,0,0,0,0,0,186,0,0,0,0,0,32,2,0,2,0,0,0,0,0,0,0,0,0,0,0,0,1,1,1,9,0,143,2,2,0,0,601,0,1,0,0,0,0,0,0,0,0,0,0,0,0,0,0,0,0,0,0,1,0,0,0,0,0,0,0,0,0,0,0,0,1,0,0,0,0,34,0,0,0,0,0,1,0,1,0,0,1,0,0,0,0,5,1,9,0,0,6,0,5,0,0,0,0,0,0,0,0,0,0,0,1,0,1,0,0,0,0,0,0,0,0,0,707,0,0,0,4,19,0,0,0,74,0,0,0,2,7,0,0,0,0,0,0,0,0,0,0,0,0,0,1,0
2020-03-26,1,1,0,0,0,0,0,4,0,0,3,5,0,0,1,1,0,0,74,0,0,0,0,0,0,1,0,11,0,0,0,0,0,0,0,1,10,0,0,0,2,6,1,0,0,0,1,0,0,3,2,0,0,8,0,0,4,0,0,0,0,0,0,0,0,0,0,0,0,240,0,0,0,0,0,23,0,0,3,0,0,0,0,0,0,0,0,0,0,0,1,2,0,3,20,0,157,7,1,0,4,743,0,2,0,0,0,0,0,0,0,0,0,2,0,0,0,0,1,0,0,0,5,0,0,0,1,0,2,0,1,0,0,0,0,1,0,0,0,0,63,0,0,0,0,0,0,0,2,0,0,1,2,0,1,4,7,2,10,0,0,5,0,4,0,0,0,0,0,0,0,0,0,1,0,1,0,1,0,0,0,0,0,2,0,0,0,782,0,0,0,11,39,0,0,0,149,0,0,1,0,7,0,0,1,0,0,0,318,0,0,0,0,0,0,0,1
2020-03-27,0,0,0,2,0,0,0,0,0,0,2,4,1,0,0,0,0,0,96,0,0,0,0,0,0,1,0,0,0,0,0,0,0,0,0,0,0,0,0,0,0,5,0,0,0,0,0,0,0,0,3,0,1,2,0,0,0,0,3,0,0,0,1,0,0,0,0,0,2,231,0,0,0,0,0,49,0,0,2,0,0,0,0,0,0,0,0,0,0,0,0,0,0,4,9,0,144,4,2,0,0,685,0,1,0,0,0,0,0,0,0,0,0,1,0,0,0,0,2,0,0,0,2,0,0,0,0,0,0,0,0,0,0,1,0,4,0,0,0,0,80,0,0,0,0,1,0,0,2,0,0,1,0,0,0,0,0,4,10,0,0,8,0,2,2,0,0,0,0,0,0,0,0,0,0,0,0,1,0,0,0,0,0,1,0,0,0,843,0,0,0,6,38,0,0,1,186,0,0,0,1,15,0,0,1,0,0,0,0,0,0,0,0,0,0,0,0
2020-03-28,1,3,4,0,0,0,0,4,1,0,1,18,1,0,0,0,0,0,102,0,0,0,0,0,0,0,0,20,0,1,0,0,0,0,0,0,4,0,0,0,1,3,2,0,0,0,1,1,0,0,3,0,1,7,0,0,10,0,6,0,0,0,0,0,0,0,0,0,1,364,0,0,0,0,0,55,1,0,4,0,0,2,0,0,0,0,0,0,0,0,0,0,0,0,0,0,139,2,10,0,5,660,0,3,1,1,0,1,0,0,0,0,0,1,0,0,0,0,0,1,0,0,3,0,0,0,0,0,0,0,3,0,0,0,0,13,0,0,0,0,78,0,0,1,1,0,1,0,2,0,0,2,1,0,0,0,23,2,17,0,0,5,1,4,1,0,0,0,0,0,0,0,0,0,0,1,0,3,0,0,0,0,0,1,0,0,0,877,0,0,0,24,31,0,0,0,183,0,0,1,0,16,0,0,0,0,0,0,252,0,0,0,0,0,0,0,0
2020-03-29,1,1,4,0,0,0,0,5,0,0,2,16,0,0,0,0,0,0,123,0,0,0,0,0,0,1,0,15,0,0,0,0,0,1,0,0,16,0,0,0,1,5,0,0,0,0,1,1,0,2,0,0,1,11,0,0,0,0,6,0,0,0,0,0,0,0,0,0,3,297,0,0,0,1,0,72,1,0,2,0,0,0,0,0,0,0,0,0,0,0,0,1,0,8,27,0,123,0,3,0,2,971,0,3,0,0,1,0,0,0,0,0,0,2,0,0,0,0,1,6,0,0,1,0,0,0,0,0,0,0,4,0,0,0,0,3,0,0,0,0,112,0,1,0,0,0,0,0,2,0,0,2,5,0,0,2,0,0,16,0,0,8,0,7,1,0,0,0,0,0,0,0,0,0,0,4,0,0,0,0,0,0,0,4,0,1,0,814,1,0,0,26,57,1,0,2,284,0,0,0,2,17,0,0,3,0,0,0,425,0,1,2,0,0,0,0,0
2020-03-30,0,1,1,1,0,0,0,2,2,0,2,0,1,0,0,0,0,0,133,0,0,0,0,0,0,2,0,22,0,0,4,0,0,0,0,1,6,0,0,0,0,4,0,0,0,0,2,0,0,0,2,0,1,13,0,0,0,0,4,0,0,0,0,0,0,0,0,0,2,319,0,0,0,0,0,64,0,0,4,0,0,0,0,0,0,0,0,0,0,0,1,2,0,4,8,0,117,0,14,0,3,887,0,2,0,3,0,0,0,0,0,0,0,1,0,0,0,0,2,3,0,0,7,0,0,0,1,0,0,0,4,0,0,0,0,3,0,0,0,0,93,0,0,0,0,0,1,0,4,0,0,5,3,0,0,0,10,2,24,0,1,6,0,5,4,0,0,0,0,0,0,0,0,1,0,0,0,3,0,0,1,0,0,0,0,0,0,788,0,1,0,10,45,0,0,2,294,0,1,1,0,16,0,0,1,3,0,0,444,0,1,0,0,0,0,0,0
2020-03-31,0,0,3,2,0,0,0,1,0,0,1,18,0,0,0,0,0,0,139,0,0,0,0,5,0,0,0,22,0,0,1,9,0,0,0,0,5,0,0,0,2,4,4,0,0,0,1,1,0,1,5,0,2,7,0,0,22,0,1,0,0,0,2,0,0,0,0,0,2,291,0,0,0,0,0,66,0,0,6,0,0,2,0,0,0,0,0,0,0,0,0,2,0,3,14,0,141,4,10,0,0,758,0,2,1,1,0,0,0,0,0,0,0,1,0,0,0,0,0,3,0,0,3,0,0,0,0,0,0,0,4,0,0,0,0,4,0,0,0,0,132,0,0,0,2,0,2,0,2,0,1,7,7,0,0,0,0,4,19,4,0,4,0,11,1,0,0,0,0,0,1,0,0,2,0,2,0,3,0,0,0,0,0,2,0,0,0,888,1,0,0,8,58,1,0,1,214,0,0,0,1,23,0,0,2,1,0,0,286,0,0,1,0,0,0,0,0
2020-04-01,0,1,2,2,1,0,0,4,0,0,1,22,0,0,0,1,0,0,169,0,0,0,0,1,0,3,0,23,0,0,0,0,0,0,0,4,23,0,0,0,4,7,4,0,0,0,0,2,0,1,8,0,0,5,0,0,9,0,5,0,0,0,0,0,0,0,0,0,2,415,0,0,0,0,0,128,0,0,5,0,0,1,1,0,0,0,0,1,0,0,0,0,0,6,21,0,138,4,8,0,2,810,0,1,0,0,0,0,0,0,0,0,0,0,0,0,0,0,0,1,0,0,6,0,0,0,0,0,0,0,8,0,0,0,0,4,0,1,0,0,93,0,0,0,0,0,1,0,4,1,0,1,0,0,0,13,18,9,21,2,1,3,0,4,0,0,0,0,0,0,1,0,0,1,0,6,0,0,0,0,0,0,0,0,0,2,0,870,0,0,0,36,44,0,0,2,374,0,0,0,1,37,0,0,2,0,0,0,452,1,0,0,0,0,0,0,0
2020-04-02,0,2,4,4,1,0,0,3,0,0,1,20,1,0,0,0,0,0,187,0,0,0,0,1,0,3,0,42,0,0,0,2,0,0,0,0,16,0,0,0,4,6,2,0,2,0,0,0,0,1,7,0,1,13,0,0,6,71,6,1,0,0,1,0,0,0,0,0,4,497,0,0,0,0,0,149,0,0,6,0,0,1,1,0,1,0,0,0,0,0,8,1,0,12,13,0,124,4,17,0,4,839,0,0,0,0,1,0,0,0,0,0,0,4,0,0,0,0,0,1,0,0,2,0,0,0,1,0,3,0,1,0,0,1,0,3,0,0,0,0,175,0,0,0,0,1,2,0,2,0,0,5,6,0,0,0,0,2,20,3,0,4,1,25,8,0,0,0,0,0,0,0,0,1,0,5,0,0,0,0,0,0,0,2,0,2,0,868,1,0,0,34,57,0,0,3,382,0,0,2,3,46,0,0,4,2,1,0,996,1,0,0,0,0,0,0,0
2020-04-03,1,2,23,1,0,0,0,4,0,0,5,18,0,1,0,0,0,2,251,0,0,0,0,1,0,1,1,40,0,0,2,0,0,0,0,0,22,0,0,0,2,4,1,0,0,0,0,0,0,1,8,1,2,14,0,0,3,41,6,1,0,0,1,0,0,0,0,0,0,505,0,0,0,0,0,140,0,0,1,0,0,0,0,0,0,0,0,2,0,0,4,4,0,6,11,0,134,0,14,0,0,727,2,8,0,0,1,0,0,0,0,0,0,1,0,0,1,0,1,6,0,0,5,0,0,0,0,0,0,2,8,0,0,0,0,7,0,0,0,0,134,0,0,0,2,0,2,1,4,0,0,4,2,0,0,17,11,10,27,1,1,5,2,16,7,0,0,0,0,0,0,0,0,2,0,4,1,0,0,0,1,1,0,2,0,0,0,814,1,0,0,59,60,0,0,4,670,0,1,0,5,63,0,0,3,0,0,0,947,2,0,0,0,0,0,0,0
2020-04-04,0,1,25,2,0,0,0,6,1,0,2,12,0,2,0,2,0,2,212,0,0,0,0,1,0,3,0,58,0,0,0,1,0,0,0,1,25,0,0,0,4,4,2,0,0,0,1,0,0,0,5,0,2,19,0,0,8,0,8,0,0,0,6,0,0,0,0,0,2,471,0,0,0,0,0,145,0,0,3,0,0,1,0,0,0,0,0,0,0,0,1,1,2,12,10,0,158,2,13,1,8,760,0,4,0,0,0,2,0,1,1,0,0,0,0,0,0,0,1,1,0,0,3,0,3,0,0,0,2,0,13,0,0,0,0,3,0,0,0,0,166,0,0,0,0,0,0,0,10,0,0,0,5,0,0,10,29,14,22,3,0,3,3,9,6,0,0,0,0,0,0,0,0,2,0,4,0,0,0,0,1,1,0,1,0,0,0,759,1,0,0,43,54,0,0,1,652,0,0,1,0,79,0,0,3,2,0,0,1061,0,0,0,0,0,1,0,0
2020-04-05,2,1,22,1,0,0,0,5,3,0,6,10,0,0,0,0,0,0,233,0,0,0,0,1,0,2,0,60,0,0,4,0,0,0,0,1,62,0,0,0,5,3,6,0,1,0,1,0,0,2,9,0,3,16,0,0,0,52,5,1,0,0,1,0,0,0,0,0,1,2003,0,0,0,0,0,141,0,0,6,0,0,0,1,0,1,0,0,0,0,0,0,11,0,9,7,0,151,5,22,0,7,764,0,1,0,0,0,1,0,0,0,0,1,1,0,0,0,0,0,1,0,0,4,0,0,0,0,1,0,0,10,0,0,0,0,16,0,0,0,0,148,0,0,0,0,2,1,0,2,1,0,10,4,0,0,10,8,14,37,3,0,6,1,39,4,0,0,0,0,0,0,0,0,2,0,5,1,26,0,0,0,0,0,4,0,2,0,708,0,0,0,51,54,0,0,3,714,0,0,0,1,69,0,0,5,0,0,0,1166,0,0,0,0,0,0,0,0
2020-04-06,0,1,25,1,0,0,0,2,0,0,5,18,0,1,0,4,0,0,274,0,0,0,0,0,0,3,0,73,0,0,3,0,0,0,0,1,17,0,0,0,7,2,7,0,2,0,4,2,0,0,6,1,0,22,0,0,0,0,7,0,0,0,1,0,0,0,0,0,5,1053,0,0,0,0,1,184,0,0,9,0,0,0,0,1,0,0,0,0,0,0,7,2,0,32,11,0,136,3,17,0,6,681,0,3,1,0,2,0,0,0,0,0,0,1,0,1,0,1,0,0,0,0,4,0,1,0,0,0,0,0,19,0,0,0,0,5,0,0,0,0,164,0,0,0,3,0,5,0,6,0,0,5,5,0,0,12,8,8,20,0,1,3,3,8,9,0,0,0,0,0,0,0,0,0,0,4,0,0,0,0,1,0,0,2,0,2,0,724,0,0,0,40,49,0,0,3,760,0,1,0,3,76,1,0,4,1,0,0,1338,1,0,0,0,0,0,0,0
2020-04-07,4,3,0,0,0,0,0,2,0,0,3,18,0,1,0,5,1,4,235,1,0,0,0,1,0,0,0,54,0,0,3,2,0,0,0,0,62,0,0,0,3,0,3,0,0,0,3,1,0,3,8,0,2,18,0,0,18,19,7,0,0,0,2,0,1,0,0,0,3,518,0,0,0,0,1,92,1,0,5,0,0,0,0,1,1,0,0,0,1,0,0,4,0,5,12,0,133,0,21,0,4,527,0,7,0,1,0,0,0,0,3,0,0,0,0,2,0,0,4,5,0,0,1,0,0,0,1,0,0,0,15,0,0,0,0,12,0,0,0,0,115,0,0,0,2,1,1,0,8,0,0,4,8,0,2,10,11,15,29,3,0,6,3,7,2,0,0,0,0,0,0,0,0,0,0,3,0,12,0,0,0,4,0,6,0,2,0,733,1,0,1,28,50,0,0,1,644,0,0,2,0,73,0,0,6,0,0,1,1201,1,0,0,0,0,0,0,0
2020-04-08,3,1,43,4,0,0,0,7,1,0,3,16,2,0,1,3,1,5,272,0,1,2,0,3,0,7,0,67,0,0,2,0,0,0,0,0,52,0,0,0,6,2,11,0,0,0,1,2,0,0,11,1,0,8,0,0,12,0,9,1,0,0,4,0,0,0,0,0,0,832,0,0,0,0,0,173,0,0,6,0,0,0,0,0,0,0,0,1,0,0,0,9,2,35,19,0,121,1,16,0,6,636,0,1,0,0,1,0,2,0,0,0,0,0,0,0,0,0,1,5,0,0,1,0,0,0,0,0,0,0,31,0,0,0,0,8,0,2,0,0,101,0,0,0,0,0,3,1,1,0,0,4,1,0,0,9,19,13,16,2,2,8,4,9,2,0,0,0,0,0,0,0,0,0,0,0,0,7,0,0,0,2,2,2,0,1,0,713,0,0,0,76,53,0,0,3,568,0,0,0,1,75,0,0,7,1,0,0,1286,0,0,4,0,0,0,0,0
2020-04-09,1,0,21,1,0,0,2,7,0,0,5,23,1,1,0,1,1,0,303,0,0,0,0,1,0,4,0,114,0,0,1,1,0,0,0,0,56,0,0,0,5,2,4,0,0,0,2,1,0,0,10,0,2,16,1,0,0,51,9,1,0,0,2,0,1,0,0,0,6,1417,0,0,0,0,1,254,0,0,2,0,0,1,0,0,1,0,0,0,0,0,0,11,0,20,40,0,117,4,36,0,19,604,0,4,0,0,0,2,3,0,0,0,1,0,0,0,0,0,1,3,0,1,2,0,1,0,0,0,0,0,16,0,0,0,0,5,0,0,0,0,234,0,0,0,1,1,6,0,10,0,0,5,4,0,0,15,21,22,34,1,0,4,3,25,11,0,0,0,0,0,0,0,0,2,0,3,0,3,0,0,0,0,0,6,1,1,0,713,1,0,0,114,57,0,0,2,1038,0,0,0,1,76,0,0,7,0,0,0,1895,1,1,0,0,0,0,1,0
2020-04-10,0,0,11,2,0,0,0,7,2,0,2,30,0,1,1,6,0,0,317,0,0,1,0,3,0,3,0,133,0,0,1,1,0,0,0,1,60,0,0,0,9,1,5,0,0,1,1,3,0,0,11,0,0,15,0,0,20,30,15,0,0,0,3,0,0,0,0,0,6,540,0,0,0,0,0,246,1,0,2,0,0,0,0,0,0,0,0,1,1,0,1,8,0,30,26,0,122,1,25,0,0,540,1,3,0,1,1,0,1,0,0,0,0,1,0,1,0,0,0,2,0,0,2,0,1,1,2,0,0,0,33,0,0,0,0,9,0,0,0,0,147,0,0,0,0,0,3,0,11,1,0,3,4,0,0,14,0,30,35,9,0,4,6,27,18,0,0,0,0,0,0,0,0,0,0,3,0,4,0,0,1,0,0,4,0,5,0,642,0,0,0,96,44,0,0,1,1034,0,0,0,1,87,0,0,5,2,0,0,1925,0,0,0,0,0,0,1,1
2020-04-11,0,1,30,2,0,0,0,12,1,0,4,22,1,1,0,3,1,0,270,0,0,1,0,1,0,1,0,141,0,0,0,0,0,0,0,0,70,0,0,0,8,4,14,0,0,0,1,0,0,1,13,0,0,19,1,0,0,25,17,1,0,0,0,0,0,0,0,0,2,1339,0,0,0,0,0,266,0,0,3,0,0,0,0,0,1,0,0,0,0,0,0,11,0,40,21,0,125,2,28,0,8,612,0,6,0,0,2,1,0,0,1,0,0,0,0,0,0,0,0,6,0,0,3,0,1,1,0,0,0,0,20,0,0,0,0,5,0,0,0,0,148,0,3,0,0,1,0,0,8,0,0,11,3,0,1,17,44,15,29,6,0,3,1,20,18,0,0,0,0,0,0,0,0,0,0,5,0,0,0,0,0,1,0,3,0,0,0,643,0,0,0,106,49,0,0,2,1103,0,0,0,0,96,0,0,12,6,0,0,1931,0,0,2,0,0,0,0,0
2020-04-12,3,0,21,0,0,0,0,3,0,0,3,24,1,0,0,4,0,6,318,1,0,0,0,1,0,1,0,115,0,0,1,0,0,0,0,0,69,0,0,0,8,0,11,0,0,0,1,1,0,0,7,0,0,10,0,0,8,18,11,0,0,0,0,0,0,0,0,0,6,987,0,0,0,0,0,171,0,0,4,0,0,0,1,0,0,0,0,0,0,0,1,8,1,34,46,0,117,4,24,0,13,570,0,4,1,0,1,0,0,0,0,0,0,0,0,1,0,0,2,2,0,0,3,0,0,0,0,0,2,0,39,0,0,0,0,3,0,0,0,0,115,0,0,0,0,0,2,0,4,1,0,11,8,0,0,31,50,7,26,3,1,3,0,28,12,0,0,0,0,0,0,0,0,0,0,7,0,6,0,0,1,0,0,2,0,6,0,593,0,0,0,77,44,0,0,3,1152,0,0,0,3,98,0,0,4,0,2,0,1920,0,0,0,0,0,1,0,0
2020-04-13,3,0,19,2,0,0,0,0,2,0,2,18,1,0,0,5,0,4,288,0,0,0,0,4,0,0,0,68,0,0,3,0,0,0,0,0,74,0,0,0,7,2,20,0,0,0,0,2,0,0,10,1,0,13,0,0,47,18,13,0,0,0,0,0,1,0,0,0,1,635,0,0,0,0,0,129,2,0,3,0,0,0,0,0,1,0,0,0,0,0,1,14,1,35,26,0,111,2,33,0,4,619,0,4,0,0,0,0,0,1,0,0,1,0,0,0,0,0,6,8,0,1,3,0,0,1,0,0,0,0,40,0,0,0,0,7,0,1,0,0,132,0,1,0,0,3,2,0,6,0,1,5,5,0,0,12,18,27,35,2,0,3,1,25,24,0,0,0,0,0,0,0,0,1,0,6,0,3,0,0,0,0,0,5,1,1,0,521,0,0,0,17,35,0,0,2,839,0,0,0,3,95,0,0,10,5,0,0,1928,0,0,0,0,0,0,0,0
2020-04-14,2,0,18,1,0,0,0,13,1,0,0,13,0,0,1,7,0,3,342,0,0,0,0,3,0,1,0,99,0,0,1,0,0,0,0,0,60,0,0,0,2,0,9,0,0,0,2,3,0,1,9,0,0,13,0,0,4,22,5,0,0,0,1,0,0,0,0,0,7,560,0,0,0,0,0,126,0,0,5,0,0,0,0,2,0,0,0,0,1,0,0,10,0,31,60,0,98,0,14,0,7,431,0,7,0,0,2,1,1,1,0,0,2,1,0,0,0,0,1,4,0,0,1,0,0,0,2,0,0,1,23,0,0,0,0,6,0,0,0,0,94,0,4,0,1,0,0,0,5,0,0,3,8,0,0,12,20,24,34,1,0,5,3,24,18,0,0,0,0,0,0,0,0,0,0,8,0,6,0,0,1,0,0,3,0,0,0,563,0,2,0,12,34,0,0,1,686,0,0,0,3,97,0,0,10,0,0,0,1528,0,1,0,0,0,0,0,0
2020-04-15,2,0,20,0,0,0,0,6,0,0,0,18,1,0,0,4,0,3,280,0,0,1,0,1,0,0,0,105,0,0,3,8,0,0,0,0,89,0,0,0,10,1,3,0,0,0,2,0,0,1,5,2,0,12,0,0,6,14,14,0,0,0,3,0,0,0,0,0,3,572,0,0,0,0,0,170,0,0,1,0,0,0,0,0,0,0,0,0,0,0,1,13,0,38,10,0,94,1,31,1,7,564,0,10,0,0,0,1,1,0,0,0,0,0,0,1,0,0,0,3,0,0,5,0,2,0,0,0,0,0,36,0,0,2,0,1,0,0,0,0,86,0,0,0,1,0,4,0,11,0,0,11,7,0,1,0,0,13,31,0,0,3,3,12,22,0,0,0,0,0,0,0,0,1,0,6,0,5,0,0,1,0,0,2,0,2,0,575,0,1,0,20,37,0,0,2,744,0,0,0,0,98,0,0,5,3,0,0,1504,1,0,0,0,0,0,0,0
2020-04-16,4,1,13,2,0,0,0,7,2,1,2,16,1,0,0,10,1,4,275,0,0,0,0,0,0,2,0,204,0,0,3,1,0,0,0,5,131,0,0,0,2,0,15,0,0,0,6,3,0,0,18,0,1,14,0,0,6,19,5,0,0,0,3,0,0,0,0,0,5,762,0,0,0,0,0,285,0,0,2,0,0,0,0,0,0,0,0,0,0,0,5,12,0,37,27,0,92,1,41,0,7,604,1,17,0,0,0,0,1,0,0,0,0,0,0,0,0,0,0,0,0,0,1,0,1,0,0,0,0,0,74,0,0,0,0,1,0,0,0,0,122,0,0,0,1,0,6,0,13,0,0,21,1,0,1,37,27,18,32,3,0,4,5,26,28,0,0,0,0,0,0,0,0,0,0,4,0,9,0,0,0,0,0,1,3,0,0,526,0,0,0,114,37,0,0,3,1044,0,0,0,1,107,0,0,10,5,0,0,2395,0,0,0,0,0,0,0,0
2020-04-17,1,1,10,2,0,0,0,7,2,1,0,9,0,0,0,15,0,3,275,0,0,0,0,1,0,1,0,204,0,0,1,0,0,0,0,2,94,0,0,0,11,1290,4,0,0,1,3,3,0,0,5,0,1,10,0,0,7,15,13,0,0,0,4,0,0,0,0,0,8,1438,0,0,0,0,0,315,0,0,1,0,0,0,0,0,1,1,0,0,0,0,4,8,0,23,24,0,89,0,38,0,9,578,0,12,2,0,4,1,2,2,0,0,0,0,0,0,0,0,5,0,0,0,1,0,3,0,0,0,0,0,43,0,0,0,0,5,0,0,0,0,189,0,2,0,0,1,1,0,3,1,1,7,8,0,0,24,0,23,32,0,0,1,5,28,34,0,0,0,0,0,0,0,0,0,0,4,0,5,0,0,0,0,4,5,0,7,0,463,0,0,0,170,38,0,0,1,842,0,0,0,2,115,0,0,7,2,1,0,6409,1,0,0,0,0,0,0,0
2020-04-18,0,1,12,1,0,0,0,7,0,0,4,17,2,1,0,9,0,4,251,0,0,0,0,2,0,1,0,188,0,0,2,4,0,0,0,0,202,0,0,0,11,0,13,0,0,0,1,4,0,0,3,0,1,12,0,0,4,18,9,1,0,0,1,1,0,0,0,0,3,753,0,0,0,0,0,299,0,0,3,0,0,0,0,2,1,0,0,0,0,0,6,14,0,43,15,0,73,1,42,2,14,525,0,6,1,0,0,1,1,1,0,0,0,0,0,0,0,0,3,0,0,0,2,0,0,0,0,0,0,0,37,1,0,0,0,4,0,1,0,0,181,0,0,0,1,0,1,0,6,1,0,8,6,0,0,46,25,28,30,0,1,2,8,15,41,0,0,0,0,0,0,0,0,2,0,5,0,4,0,0,1,0,2,0,0,14,0,476,0,5,0,130,36,0,0,0,1029,0,2,0,0,125,0,0,10,2,0,1,2018,0,0,0,0,0,0,0,0
2020-04-19,3,0,16,1,0,0,0,7,1,0,3,21,0,0,0,7,0,3,205,0,0,0,0,0,0,2,0,217,0,0,3,0,0,0,0,4,96,0,0,0,10,0,9,0,1,0,1,1,0,0,4,0,0,15,0,0,17,35,19,0,0,0,2,0,0,0,0,0,7,760,0,0,0,0,0,242,0,0,0,0,0,2,0,0,1,0,0,0,0,0,5,16,0,27,47,0,87,1,44,0,8,575,0,7,3,0,1,0,0,1,0,0,0,0,0,1,0,0,1,3,0,0,2,0,0,0,4,0,0,1,60,0,0,1,0,1,0,0,0,0,144,0,0,0,3,0,3,0,0,0,0,16,6,0,0,0,10,18,28,0,0,2,2,13,40,0,0,0,0,0,0,0,0,0,0,5,1,7,0,0,0,0,1,5,2,2,0,410,0,0,0,67,30,0,0,0,935,0,0,0,0,126,0,0,8,4,1,1,2438,0,0,0,0,0,0,0,0
2020-04-20,0,0,3,0,0,0,1,3,1,0,0,12,3,0,0,10,0,2,208,0,0,0,0,1,0,2,0,206,1,0,0,0,0,0,0,0,160,0,0,0,7,0,13,0,0,0,3,2,0,0,8,0,2,10,0,0,9,18,15,0,0,0,0,0,0,0,0,0,8,635,0,0,0,0,1,184,1,0,0,0,0,0,0,0,0,2,0,1,0,0,0,17,1,36,8,0,91,0,41,0,10,480,0,10,1,0,2,1,0,2,0,0,0,0,0,0,0,0,0,0,0,0,1,0,0,0,0,0,0,0,104,0,0,0,0,5,0,0,0,0,142,0,1,0,1,0,0,0,12,1,0,17,5,0,0,48,12,15,30,0,1,2,4,17,48,0,0,0,0,0,0,0,0,1,0,6,0,7,0,0,0,0,2,4,0,2,0,375,0,2,0,111,20,1,0,0,1115,0,0,0,1,121,0,0,8,2,0,0,1776,0,1,0,0,0,0,0,0
2020-04-21,3,0,8,1,0,0,0,4,0,0,1,9,1,0,0,9,0,2,211,0,0,0,0,1,0,0,0,115,0,0,2,4,1,0,0,0,105,0,0,0,6,0,13,0,0,1,8,2,0,0,7,3,0,9,0,0,9,33,11,0,0,0,2,0,0,0,0,0,4,395,1,0,0,0,0,110,0,0,5,0,0,0,0,0,0,0,0,0,0,0,0,10,0,47,26,0,88,1,39,0,13,433,0,15,1,0,0,2,0,2,2,0,0,0,0,1,0,0,3,1,0,0,0,0,1,0,2,0,0,0,36,0,0,0,0,1,0,0,0,0,83,0,1,1,1,8,2,0,6,1,0,21,6,0,0,52,19,13,27,0,0,1,7,17,0,0,0,0,0,0,0,0,0,0,0,6,0,5,0,0,0,1,1,4,1,2,0,359,0,0,0,29,37,0,0,1,498,0,0,0,0,127,0,0,10,3,2,0,1801,1,0,0,0,0,1,0,0
2020-04-22,4,0,9,0,0,0,0,9,2,0,3,10,0,0,0,10,0,4,198,0,0,0,0,1,0,3,0,113,0,0,0,0,0,0,0,21,117,0,0,0,8,0,10,0,0,1,0,2,0,0,8,1,0,9,0,0,10,13,14,0,0,0,0,0,0,0,0,0,4,544,0,0,0,0,0,194,0,0,6,0,0,0,0,1,0,2,0,0,0,0,0,14,1,50,19,0,94,0,77,0,10,454,1,91,0,0,0,0,1,2,0,0,0,1,0,0,0,0,1,2,0,0,3,0,0,0,0,0,0,0,26,0,0,0,0,5,0,0,0,0,67,0,1,0,0,0,3,0,0,0,0,12,10,0,0,45,9,20,21,0,1,1,3,17,95,0,0,0,0,0,0,0,0,0,0,5,2,3,0,0,0,0,1,0,6,4,0,396,0,1,0,40,33,0,0,1,559,0,0,0,0,123,0,0,10,6,3,0,2154,0,0,1,0,0,0,0,0
2020-04-23,0,0,8,1,0,0,0,7,2,0,1,1,1,0,1,7,0,4,202,0,0,0,0,3,0,1,0,166,0,0,2,2,0,0,0,1,143,0,0,0,13,0,7,0,0,0,1,2,0,0,5,3,0,6,0,0,15,17,12,0,0,0,3,0,0,0,0,0,43,530,0,0,0,0,1,281,0,0,5,0,0,0,0,0,1,1,0,0,1,0,0,12,0,41,12,0,90,0,43,6,3,534,0,10,2,0,0,0,0,1,0,0,4,0,0,0,0,0,1,3,0,0,1,0,0,0,0,0,0,0,145,0,0,0,0,2,0,0,0,0,165,0,2,0,0,0,1,0,9,0,0,19,5,0,1,39,9,21,27,0,0,2,3,32,57,0,0,0,0,0,0,0,0,1,0,7,0,5,0,0,1,1,1,3,2,0,0,318,0,0,0,185,26,0,0,1,1172,0,1,0,0,119,0,0,13,4,0,0,2575,2,1,0,0,0,0,0,0
2020-04-24,0,1,10,0,0,0,0,7,0,0,1,31,0,0,0,4,1,5,192,0,0,0,0,3,0,2,0,165,0,0,4,0,0,0,0,0,157,0,0,0,8,0,10,0,0,0,0,3,0,0,9,1,0,14,0,0,5,23,18,1,1,0,1,0,0,0,0,0,8,544,0,0,0,0,0,215,0,0,0,0,0,0,0,2,0,0,0,0,0,0,1,0,0,37,42,0,93,0,39,0,5,437,0,30,0,0,0,0,1,1,1,0,2,0,0,0,1,0,0,2,0,1,2,0,3,0,0,0,0,0,113,0,0,0,0,4,0,0,0,0,138,0,1,0,2,0,1,0,6,1,0,9,3,0,0,46,16,25,23,0,0,0,3,25,42,0,0,0,0,0,0,0,0,0,0,6,1,4,0,1,0,1,0,2,0,7,0,300,0,3,0,172,29,0,0,0,837,0,0,0,0,117,0,0,13,8,0,0,2390,0,1,0,0,0,0,1,0
2020-04-25,7,0,5,1,0,0,0,8,0,0,3,14,0,2,0,9,0,0,176,0,0,0,0,3,0,1,0,407,0,0,3,0,0,0,0,6,169,0,0,0,6,0,9,0,0,0,2,6,0,0,3,0,0,10,0,0,2,16,0,0,0,0,1,0,0,0,0,0,23,516,0,0,1,0,0,227,0,0,4,0,0,0,0,1,0,0,0,0,1,0,0,25,0,57,31,0,76,3,25,6,3,464,1,17,4,0,0,0,0,4,0,0,0,2,0,0,0,0,2,3,0,0,1,0,4,0,0,0,0,0,99,0,0,0,0,4,0,0,0,0,123,0,1,1,2,12,0,0,11,1,0,19,2,0,0,42,15,28,35,3,0,0,4,19,60,0,0,0,0,0,0,0,0,0,0,9,0,5,0,0,0,0,1,0,2,10,0,313,0,1,0,84,23,0,0,1,727,0,0,0,0,115,0,0,6,0,0,0,1742,0,0,0,0,0,0,0,0
2020-04-26,2,0,8,2,0,0,0,12,3,0,2,5,1,0,0,5,0,3,147,0,0,0,0,1,0,1,0,357,0,0,2,3,0,0,0,0,153,0,0,0,7,0,10,0,0,0,1,2,0,0,2,0,3,9,0,0,6,0,13,0,0,0,1,0,0,0,0,0,5,389,0,0,1,0,0,179,1,0,5,0,0,0,0,2,0,0,0,0,1,0,8,12,0,49,23,0,60,0,35,1,2,420,0,14,1,0,6,0,1,1,0,0,1,0,0,0,0,0,0,2,0,0,2,0,0,0,0,0,0,0,152,0,0,0,1,1,0,0,0,0,112,0,0,0,0,1,1,0,11,0,0,21,8,0,0,62,17,40,34,2,0,2,7,25,0,0,0,0,0,0,1,0,0,0,0,3,1,5,0,2,0,0,2,1,5,4,0,280,0,4,0,131,24,0,0,0,1005,0,0,0,0,109,0,0,8,12,0,0,2151,0,1,0,0,0,0,0,0
2020-04-27,8,0,4,0,0,0,0,0,1,0,2,23,0,0,0,7,0,4,155,0,0,0,0,2,0,2,0,346,0,0,1,0,0,0,0,4,139,0,0,0,8,1,8,0,2,0,3,3,0,0,3,0,0,15,0,0,5,0,30,0,0,0,0,0,0,0,0,0,9,368,0,0,0,0,0,140,0,0,0,0,0,0,0,2,1,1,0,1,0,0,4,10,0,48,22,0,96,1,234,1,5,415,0,3,0,0,0,0,0,2,0,0,0,0,0,3,0,0,1,0,0,0,0,0,0,1,0,0,0,0,84,0,0,1,0,1,0,0,0,0,120,0,1,0,3,3,2,0,2,0,0,15,5,0,0,66,7,30,26,0,0,1,7,23,66,0,0,0,0,0,0,0,0,0,0,5,0,7,0,0,0,1,0,1,3,7,0,465,0,1,0,40,13,0,0,1,843,0,0,0,0,106,0,0,8,0,0,0,1964,2,0,0,0,0,0,0,0
2020-04-28,3,1,6,0,0,0,0,13,1,0,1,6,0,0,0,3,0,5,176,0,0,1,0,4,0,2,0,189,0,0,1,1,0,0,0,3,128,0,0,0,9,0,11,0,0,0,1,2,0,0,3,0,0,4,0,0,4,87,22,0,0,0,3,0,0,0,0,0,4,241,0,0,0,0,1,110,1,0,0,0,0,0,0,0,1,0,1,0,0,0,2,8,0,62,8,0,71,1,24,0,0,260,0,25,0,1,0,0,1,1,0,0,0,0,0,1,0,0,0,3,0,0,1,0,2,0,0,0,0,0,46,0,0,1,0,2,0,0,0,0,66,0,0,0,2,5,2,0,0,0,0,9,6,0,0,28,10,11,23,0,0,1,2,33,113,0,0,0,0,0,0,0,0,1,0,8,2,5,0,1,2,0,1,1,2,1,0,250,0,3,0,2,22,0,0,2,420,0,0,0,1,99,0,0,11,13,0,1,1109,1,0,0,0,0,0,0,0
2020-04-29,0,0,7,0,0,0,0,5,1,0,4,7,1,0,0,8,0,7,127,0,0,0,0,3,0,2,0,338,0,0,2,0,0,0,0,0,149,0,0,0,9,0,9,0,0,0,4,2,0,3,2,0,2,5,0,0,4,208,21,0,0,0,1,0,0,0,0,0,3,440,0,0,0,0,0,163,0,0,6,0,0,1,0,0,1,0,0,0,0,0,3,11,0,73,11,0,80,2,15,0,3,333,0,13,0,0,0,0,0,1,0,0,1,0,0,4,0,0,0,0,0,0,1,0,0,0,0,0,0,0,83,0,0,0,0,4,0,0,0,0,43,0,0,0,0,0,4,0,0,0,0,34,2,0,0,54,19,27,25,1,0,2,7,23,73,0,0,0,0,0,0,0,0,0,0,5,0,6,0,0,0,0,0,1,0,3,0,247,0,3,0,80,11,0,0,0,338,0,0,0,1,95,0,0,19,0,0,0,1322,0,0,0,0,0,0,0,0
2020-04-30,4,2,5,1,0,0,0,10,0,0,2,20,0,0,0,5,0,0,115,0,0,0,0,2,0,2,0,474,0,0,0,0,0,0,0,2,138,0,0,2,9,0,16,0,0,0,4,0,0,0,4,0,0,7,0,0,7,12,12,1,0,0,0,0,0,0,0,0,6,366,0,0,0,0,0,202,5,0,0,0,0,0,0,1,0,0,0,0,0,0,2,9,0,67,8,0,71,2,57,2,10,382,0,26,0,0,0,0,0,2,0,0,0,0,0,0,0,0,3,1,0,0,0,0,1,0,0,0,1,0,135,0,0,0,0,1,0,1,0,0,48,0,0,0,2,0,6,0,2,1,0,23,9,0,0,72,28,34,20,0,0,1,6,19,105,0,0,0,0,0,0,0,0,0,0,5,0,6,0,0,0,0,2,3,0,3,0,224,0,0,0,81,10,0,0,0,909,0,0,0,0,92,0,0,11,16,0,0,2010,0,0,0,0,0,0,0,0
2020-05-01,0,1,7,0,0,0,0,8,2,0,2,11,1,0,0,2,1,5,98,0,1,0,0,4,0,2,0,449,0,0,6,0,0,0,0,1,178,0,0,0,11,0,9,0,1,0,4,3,0,0,0,0,1,9,0,0,8,17,14,0,0,0,0,0,0,0,0,0,7,427,0,0,0,0,0,173,0,0,3,0,0,1,0,0,0,0,0,0,1,0,5,12,0,73,8,0,63,1,31,1,0,323,0,17,1,0,0,1,0,4,0,0,2,0,0,0,1,0,1,0,0,0,2,1,1,0,0,0,0,0,163,0,0,0,0,3,0,0,0,0,145,0,0,1,1,4,2,0,7,0,0,48,2,0,0,89,10,28,25,0,2,1,7,25,101,0,0,0,0,0,0,0,0,0,0,7,0,5,0,1,1,0,2,3,0,10,0,206,0,3,0,107,13,0,0,0,795,0,1,0,1,89,0,0,11,6,6,0,2902,0,1,0,0,2,0,0,0
2020-05-02,8,0,6,1,0,0,0,5,1,0,1,4,1,0,0,5,0,5,84,0,0,0,0,3,0,5,0,435,0,0,2,1,0,0,0,2,141,0,0,1,7,0,15,0,0,0,2,3,0,0,9,0,0,9,0,0,12,163,0,1,1,0,2,0,0,0,0,0,5,288,0,0,0,0,0,0,1,0,1,0,0,0,0,0,0,0,0,1,1,0,4,11,0,71,31,0,65,1,42,1,11,285,1,22,0,1,0,2,0,3,0,0,0,1,0,0,0,0,0,1,0,0,1,0,1,0,0,0,0,0,127,0,0,0,0,1,0,0,0,0,84,0,1,0,0,14,4,0,2,1,0,26,10,0,1,108,11,20,16,0,0,2,3,42,96,0,0,0,0,0,0,0,0,0,1,7,0,6,0,2,1,0,1,2,3,0,0,170,0,5,0,124,12,0,0,0,674,0,2,0,0,93,0,0,11,0,1,0,2005,2,0,0,0,0,0,0,0
2020-05-03,0,0,3,1,0,0,0,9,0,0,0,5,1,0,0,2,0,4,98,0,0,0,0,4,0,2,0,428,0,0,3,1,0,0,0,0,223,0,0,2,13,0,21,0,1,0,6,2,0,0,4,0,1,8,0,0,13,308,9,0,0,0,0,0,0,0,0,0,7,218,0,0,1,0,2,287,0,0,0,0,0,0,0,2,0,0,0,0,0,0,0,12,0,83,14,0,47,1,33,0,4,269,0,38,2,0,0,4,0,5,0,0,1,0,0,2,0,0,0,2,0,0,0,0,0,0,0,0,0,0,113,0,0,0,0,2,0,0,0,0,98,0,0,0,1,10,4,0,0,0,0,25,4,0,0,73,24,7,18,0,0,0,3,27,53,0,0,0,0,0,0,0,0,0,0,8,0,6,0,1,1,0,0,2,1,13,0,191,0,5,0,67,9,0,0,0,739,0,0,0,1,84,0,0,7,15,0,0,5000,0,0,0,0,0,0,0,0
2020-05-04,0,0,6,1,0,0,0,12,2,0,2,7,0,0,0,5,0,4,73,0,0,1,0,5,0,0,0,421,0,0,3,0,0,1,0,3,235,0,0,5,13,0,10,0,0,0,2,1,0,0,5,1,1,15,0,0,7,193,14,1,0,0,1,0,0,0,0,0,2,164,0,0,1,0,0,74,1,0,3,0,0,0,0,1,0,0,0,0,0,0,1,5,0,72,19,0,74,2,0,1,0,474,0,18,1,0,1,1,0,2,2,0,0,0,0,0,0,0,1,0,0,0,2,0,0,0,0,0,0,2,89,0,0,0,0,3,0,0,0,0,94,0,0,0,2,17,1,0,0,0,0,19,5,0,0,76,4,13,16,43,0,2,2,27,58,0,0,0,0,0,0,0,0,0,2,7,0,4,0,0,1,0,1,1,3,7,0,185,0,0,0,16,8,0,2,0,621,0,0,0,0,78,0,0,9,0,1,0,156,0,0,0,0,0,0,0,2
2020-05-05,23,0,4,1,0,0,0,9,4,0,0,2,0,0,0,1,0,6,96,0,0,0,0,5,0,5,0,275,0,0,1,1,0,0,0,0,85,0,0,0,10,0,16,0,0,0,2,2,0,0,3,2,1,9,0,0,13,5,23,1,0,0,2,0,0,0,0,0,10,135,0,0,0,0,1,43,0,0,1,0,0,0,0,-2,0,0,1,0,1,0,6,11,0,195,8,0,63,1,38,0,0,174,1,11,1,0,1,2,0,0,0,0,0,0,0,0,0,0,0,4,0,0,0,0,1,0,0,0,0,0,93,0,0,1,0,3,0,0,0,0,69,0,0,1,1,0,2,0,4,0,0,10,3,0,0,86,16,14,20,-43,0,2,4,9,76,0,0,0,0,0,0,0,0,0,0,9,0,4,0,0,0,0,0,2,3,8,0,177,1,4,0,10,9,0,2,0,315,0,0,0,1,61,0,0,15,20,0,0,-514,0,1,0,0,1,0,0,0
2020-05-06,9,0,2,0,0,0,0,12,1,0,1,2,1,0,0,3,0,0,98,0,0,0,0,6,0,1,0,296,0,0,5,1,0,0,0,0,149,0,0,0,5,0,18,1,0,0,1,0,0,0,4,0,0,9,0,0,8,0,17,1,0,0,0,0,0,0,0,0,10,306,0,0,1,0,0,139,0,0,2,0,0,1,0,2,0,2,0,0,2,0,7,12,0,126,23,0,78,4,16,0,7,195,0,22,0,0,2,0,0,2,0,0,0,0,0,0,0,0,0,0,0,0,1,1,2,0,0,0,0,0,117,0,0,0,0,2,0,0,0,0,26,0,1,0,1,8,1,0,0,1,0,40,3,0,0,58,14,20,20,2,0,1,5,23,95,0,0,0,0,0,0,0,0,0,0,9,1,4,0,1,0,1,1,1,1,7,0,175,1,4,0,90,8,0,3,1,288,0,0,0,0,64,0,0,13,0,0,0,802,0,0,0,0,2,0,0,0
2020-05-07,1,0,5,1,0,0,0,2,0,0,1,6,0,0,0,0,0,9,81,0,0,0,0,4,0,5,0,600,0,0,0,2,0,0,0,44,196,0,0,7,6,0,20,0,0,0,3,0,0,0,5,1,0,10,1,0,8,49,0,1,2,0,0,0,1,0,0,0,6,326,0,0,0,0,0,165,0,0,0,0,0,0,0,0,0,1,0,1,1,0,4,10,0,89,35,0,68,0,20,0,3,236,0,8,0,0,0,2,0,2,2,0,1,0,0,2,0,0,0,0,0,0,1,0,3,1,0,0,0,3,236,0,0,0,0,1,0,0,0,0,86,0,0,0,1,5,1,0,1,1,0,59,7,0,0,100,21,18,11,0,0,1,7,24,86,0,0,0,0,0,0,0,0,0,0,10,1,3,0,2,2,0,0,1,5,10,0,147,0,3,0,85,4,0,0,0,693,0,0,0,0,59,0,0,11,19,0,0,2475,0,0,0,0,1,1,0,0
2020-05-08,0,0,6,1,0,0,0,11,2,0,0,2,2,0,0,20,0,0,75,0,0,0,0,5,0,5,0,615,0,0,6,0,0,0,0,0,169,0,0,0,4,0,19,0,0,0,2,4,0,1,5,0,1,3,0,0,11,36,13,1,0,0,0,1,0,0,0,0,6,278,0,0,0,0,0,123,0,0,1,0,0,0,0,2,0,1,0,0,0,0,6,10,0,103,13,0,55,0,36,0,1,369,0,6,0,0,1,0,1,3,0,0,0,1,0,0,0,0,2,2,0,0,0,1,0,0,0,0,0,0,197,0,0,0,0,2,0,0,0,0,36,0,0,0,0,5,2,0,0,1,0,14,8,0,0,89,27,17,15,0,0,0,3,31,88,0,0,0,0,0,0,0,0,0,0,10,1,3,0,3,0,0,0,1,0,5,0,158,0,0,0,87,11,0,2,0,649,0,0,0,1,64,0,0,13,9,0,0,1968,0,0,0,0,1,0,0,0
2020-05-09,10,0,7,0,0,0,0,14,1,1,0,1,0,0,0,8,0,4,78,0,0,0,0,11,0,2,0,610,0,0,0,0,0,0,0,0,191,0,0,10,9,0,10,0,0,0,1,1,0,0,8,2,1,8,0,0,7,0,21,0,0,0,1,0,0,0,0,0,3,177,0,0,2,0,0,147,0,0,1,0,0,0,0,2,0,0,0,0,0,0,6,9,0,95,16,0,48,2,28,0,1,274,0,43,1,0,0,3,1,2,0,0,1,0,0,0,0,0,1,2,0,0,0,0,0,0,0,0,0,1,257,0,0,0,0,1,0,0,0,0,84,0,0,0,4,4,1,0,0,2,0,19,7,0,0,94,11,22,16,0,1,0,2,18,98,0,0,0,0,0,0,0,0,0,1,10,1,3,0,0,0,0,1,0,4,8,0,140,0,7,0,99,7,0,7,1,539,0,0,0,1,57,0,0,21,0,3,0,2840,0,0,0,0,1,0,0,0
2020-05-10,4,0,5,0,0,0,0,8,1,0,0,5,0,0,0,14,0,5,70,0,0,0,0,4,0,8,0,751,0,0,4,0,0,0,0,0,157,0,0,1,10,0,21,0,0,0,0,0,0,0,3,0,3,8,0,0,5,50,22,1,0,0,0,0,0,0,0,0,5,242,0,0,0,0,1,103,0,0,2,0,0,0,0,1,0,0,0,0,0,0,2,13,0,128,14,0,51,5,26,0,6,243,0,13,0,0,1,0,0,9,0,0,0,0,0,0,0,0,0,0,0,0,1,0,3,0,0,0,0,1,199,0,0,0,0,2,0,0,0,0,71,0,0,0,2,10,1,0,4,0,0,21,6,0,0,87,8,21,9,52,1,0,14,22,104,0,0,0,0,0,0,0,0,0,1,7,0,3,0,3,0,1,0,1,3,17,0,121,0,5,0,135,5,0,2,0,626,0,1,0,0,48,0,0,15,24,0,0,1552,0,0,0,0,0,0,0,0
2020-05-11,2,0,6,1,0,0,0,3,1,0,0,1,3,0,0,11,0,10,68,0,0,0,0,8,0,0,0,730,0,0,2,0,0,0,0,2,100,0,0,3,8,0,17,0,0,0,1,3,0,0,3,1,2,4,0,0,3,423,8,1,0,0,4,0,1,0,0,0,5,80,0,0,0,0,0,26,4,0,1,0,0,0,0,0,0,0,1,0,0,0,1,8,0,97,18,0,45,1,17,0,0,194,0,8,0,0,0,1,0,7,0,0,0,0,0,0,0,0,1,1,0,0,0,0,2,0,0,0,0,0,193,0,0,0,0,0,0,0,0,0,63,0,0,0,1,11,1,0,0,0,0,28,6,0,0,100,15,9,12,3,0,0,6,28,88,0,0,0,0,0,0,0,0,0,-1,9,4,4,0,1,0,0,0,1,1,8,0,106,0,6,0,45,7,0,1,0,346,0,0,0,0,50,0,0,15,0,0,0,1736,0,0,0,0,1,0,0,0
2020-05-12,6,0,8,0,0,0,0,5,0,0,0,3,1,0,1,11,0,4,73,0,0,0,0,4,0,6,0,496,0,0,1,1,0,0,0,4,178,0,0,0,11,1,18,0,0,0,3,0,0,1,4,0,0,3,0,0,5,18,0,0,0,0,0,0,0,0,0,0,2,70,0,0,0,0,0,22,0,0,0,0,0,0,0,2,0,0,0,0,3,0,0,8,0,87,16,0,48,2,12,0,9,165,0,22,0,0,0,2,0,10,0,0,0,0,0,0,0,0,0,0,0,0,1,0,1,0,0,0,0,0,112,0,0,1,0,0,0,0,0,0,18,0,0,0,1,15,0,0,4,0,0,57,7,0,0,75,7,15,9,2,0,2,6,26,94,0,0,0,0,0,0,0,0,0,0,9,2,2,0,0,1,0,0,1,0,8,0,118,0,4,0,5,3,0,1,0,268,0,1,0,0,47,0,0,17,5,0,1,982,2,0,0,0,2,3,0,0
2020-05-13,3,0,5,0,0,0,0,12,2,0,0,2,0,0,0,19,0,0,62,0,0,1,0,4,0,9,0,396,0,0,2,1,0,0,0,0,143,0,0,0,12,0,16,0,1,1,1,1,0,0,2,0,3,4,0,0,9,182,23,1,0,0,1,0,0,0,0,0,4,262,0,0,1,0,1,116,0,0,0,0,0,0,0,0,0,0,0,0,1,0,8,4,0,122,21,0,50,3,9,0,4,179,0,25,0,0,1,1,1,7,0,0,0,0,0,0,0,0,0,0,0,0,0,0,1,0,0,0,0,1,108,0,0,0,0,0,0,0,0,0,16,0,0,0,0,7,0,0,7,0,0,13,5,0,0,72,25,11,9,1,0,1,8,20,107,0,0,0,0,0,0,0,0,0,0,9,0,3,0,1,0,0,0,0,0,12,0,108,0,6,0,31,1,0,1,0,210,0,0,0,0,55,0,0,17,0,0,0,1061,0,0,0,0,2,0,0,0
2020-05-14,6,0,8,0,0,0,0,4,1,0,1,3,1,0,1,14,0,14,48,0,0,0,0,6,0,4,0,881,0,0,2,1,0,0,0,11,160,0,0,9,11,0,14,0,0,0,0,1,0,1,1,0,6,-6,0,0,7,7,15,2,2,0,0,0,0,0,0,0,4,348,0,0,0,0,0,101,0,0,1,0,0,0,0,1,0,0,0,0,2,0,5,5,0,134,15,0,71,0,21,0,4,172,0,19,0,0,0,3,0,6,0,0,0,0,0,0,0,0,0,1,0,0,2,1,1,0,0,0,0,0,353,0,0,0,0,1,0,0,0,0,54,0,0,3,1,8,1,0,4,0,0,33,0,0,1,96,21,28,19,1,0,1,3,30,96,0,0,0,0,0,0,0,0,0,0,10,0,2,0,1,0,0,1,0,1,0,0,88,0,10,0,57,1,0,2,0,627,0,0,0,0,53,0,0,14,5,0,1,1424,0,0,0,0,0,0,0,0
2020-05-15,17,0,7,1,0,0,0,24,1,0,0,1,2,0,0,15,0,0,54,0,0,0,0,14,0,3,0,749,0,0,1,0,0,0,0,11,128,0,0,2,22,0,16,0,0,0,3,0,0,-6,7,3,0,6,1,0,13,4,0,0,1,0,0,0,0,0,0,0,9,81,0,0,0,0,0,89,2,0,3,0,0,0,0,2,0,3,0,0,0,0,2,6,0,100,33,0,48,2,9,0,0,195,0,23,1,0,1,4,0,8,0,0,1,0,0,0,0,0,4,1,0,0,1,0,4,1,0,0,0,2,294,0,0,0,0,1,0,0,0,0,52,0,0,0,2,6,3,0,1,3,0,33,7,0,0,112,18,22,12,2,0,0,8,14,93,0,0,0,0,0,0,0,0,0,3,9,3,2,0,1,0,0,0,1,0,13,0,83,0,1,0,147,2,0,9,0,494,0,0,0,0,58,0,0,17,2,0,0,1700,0,1,0,0,3,0,0,0
2020-05-16,15,0,7,0,0,0,0,8,3,0,0,2,0,0,2,16,0,2,46,0,0,1,0,10,0,4,0,844,0,0,3,0,0,0,0,3,162,0,0,4,0,0,16,0,4,1,0,0,0,0,3,0,0,4,0,0,2,0,21,3,0,0,1,0,0,0,0,0,3,349,0,0,1,0,1,101,0,0,1,0,0,0,0,0,0,0,0,0,2,0,10,6,0,103,13,0,35,4,9,0,2,262,0,15,0,0,1,2,0,11,2,0,0,0,0,0,0,0,0,0,0,0,0,0,2,0,0,1,0,2,257,0,0,0,0,2,0,0,0,1,28,0,0,0,1,3,0,0,3,1,0,31,4,0,0,98,27,22,9,5,1,2,6,30,113,0,0,0,0,0,0,0,0,0,0,10,1,2,0,5,0,0,0,0,2,19,1,70,0,0,0,69,5,0,4,0,428,0,0,0,0,55,0,0,20,0,0,0,2041,0,0,0,0,3,0,0,0
2020-05-17,1,0,7,0,0,0,0,10,3,0,0,2,1,0,0,0,0,5,37,0,0,0,0,12,0,4,0,824,0,0,3,0,0,0,0,0,96,0,0,2,53,1,21,0,0,0,1,0,0,0,2,0,10,0,0,0,4,256,20,2,0,0,1,0,0,0,0,0,6,104,0,0,0,0,0,57,4,0,4,0,0,0,0,1,0,1,0,0,0,0,1,6,0,120,59,0,51,2,12,1,2,242,0,19,1,0,0,4,0,5,0,0,0,0,0,0,0,0,0,1,0,0,1,0,0,0,0,1,0,0,290,0,0,0,0,0,0,0,0,1,53,0,0,0,1,4,2,0,0,1,0,39,6,0,0,125,7,24,6,0,0,0,8,10,119,0,0,0,0,0,0,0,0,0,0,10,0,1,0,1,1,0,0,0,1,9,0,58,0,6,0,117,1,0,0,0,384,0,0,0,0,48,0,0,21,10,0,0,1320,0,0,0,0,0,0,0,0
2020-05-18,4,0,6,2,0,0,0,3,5,0,0,0,0,0,0,35,0,4,28,0,0,0,0,1,0,4,0,816,0,0,6,0,0,1,0,0,107,0,0,2,29,0,16,0,0,2,0,0,0,0,1,1,0,6,3,0,0,94,18,2,0,0,0,0,0,0,0,0,4,96,0,0,1,0,0,33,1,0,2,0,0,0,0,3,0,1,0,0,0,0,4,3,0,157,43,0,69,4,15,0,2,153,0,5,0,0,0,4,0,6,0,0,0,0,0,0,0,0,1,0,0,0,0,0,2,0,0,1,0,0,278,0,0,0,0,0,0,0,0,0,27,0,0,0,0,5,1,0,0,1,0,30,3,0,0,131,7,8,13,1,0,1,5,25,94,0,0,0,0,0,0,0,0,0,0,8,2,3,0,2,0,0,1,0,1,14,0,53,0,8,0,28,4,0,3,0,468,0,0,0,0,41,0,0,17,0,0,0,1394,0,0,0,0,2,0,0,0
2020-05-19,4,0,6,0,0,0,0,7,1,0,1,1,3,0,0,21,0,5,35,0,0,0,0,4,0,1,0,485,0,0,2,0,0,0,0,0,103,0,0,3,28,0,12,0,0,0,0,0,0,0,2,2,0,4,0,0,6,48,15,3,0,0,0,0,0,0,0,0,1,481,0,0,0,0,0,21,0,0,1,0,0,0,0,2,0,0,1,0,0,0,4,11,0,134,30,0,62,4,10,0,3,145,0,14,0,0,0,0,0,3,0,0,0,0,0,1,0,0,1,3,1,0,0,0,4,0,0,0,0,2,132,0,0,0,0,1,0,0,0,0,10,0,0,0,3,6,3,0,0,4,0,36,6,0,0,125,0,10,15,1,0,0,2,16,91,0,0,0,0,0,0,0,0,0,0,9,0,2,0,3,0,0,0,1,2,3,3,65,0,0,0,5,3,0,0,0,170,0,0,0,1,44,0,0,21,7,0,0,697,1,1,0,0,0,0,0,0
2020-05-20,10,0,7,0,0,0,0,9,3,0,0,0,1,0,0,16,0,6,35,0,0,0,0,5,0,0,0,674,0,0,2,0,0,0,0,1,52,0,0,1,0,0,18,0,0,0,0,0,0,0,-1,1,0,1,2,0,7,103,35,0,0,0,1,0,0,0,0,0,2,131,0,0,0,0,0,72,0,0,2,0,0,0,0,3,0,0,2,0,1,0,4,5,0,140,21,0,64,3,4,0,1,99,0,8,0,0,1,0,0,3,0,0,0,0,0,1,0,0,3,0,0,0,1,0,0,0,0,0,0,0,155,0,0,0,0,1,0,0,0,0,14,0,0,0,1,9,3,0,1,2,0,46,4,0,0,141,6,11,13,0,1,0,8,10,115,0,0,0,0,0,0,0,0,0,0,10,1,1,0,1,0,0,0,0,2,22,0,60,0,6,0,19,4,0,5,0,160,0,1,0,1,31,0,0,13,0,0,0,932,0,1,0,0,8,0,0,0
2020-05-21,6,0,6,0,1,0,0,11,3,0,1,3,1,0,0,22,0,4,30,0,0,0,0,15,0,1,0,1179,0,0,4,1,0,0,0,0,98,0,0,2,66,0,21,0,0,0,1,0,0,0,5,0,0,3,1,0,5,0,0,1,0,0,0,0,0,0,0,0,1,-218,0,0,1,0,0,83,2,0,0,0,0,0,0,5,0,2,0,0,1,0,1,3,0,132,36,0,66,6,14,0,5,162,0,6,0,0,0,0,0,5,0,0,2,0,0,1,0,0,1,2,1,0,0,0,1,0,0,0,0,1,334,0,0,0,0,2,0,0,0,1,21,0,0,9,0,1,2,0,0,1,0,32,2,0,0,125,9,12,16,1,1,1,5,19,135,0,0,0,0,0,0,0,0,0,0,12,4,3,0,0,0,0,0,0,0,26,0,54,0,10,0,45,0,0,0,0,545,0,0,0,0,28,0,0,16,6,0,0,1324,0,0,0,0,1,0,0,0
2020-05-22,12,0,7,0,0,0,0,10,3,0,0,1,2,0,0,24,0,10,32,0,0,0,0,10,0,2,0,888,0,0,4,0,0,0,0,6,107,0,0,1,0,0,17,0,0,0,0,1,0,0,2,1,0,3,0,0,2,49,16,1,3,0,0,0,0,0,0,0,3,109,0,0,0,0,0,57,0,0,1,0,0,0,0,2,0,1,0,0,0,0,4,3,0,148,48,0,0,0,10,0,1,161,0,19,1,0,0,0,0,0,0,0,0,0,0,0,0,0,0,0,0,0,0,0,2,0,0,0,0,0,424,0,0,0,0,0,0,0,0,0,33,0,0,0,3,8,4,0,1,2,0,50,6,0,0,110,11,14,16,1,0,0,8,15,127,0,1,0,0,0,0,0,0,0,1,0,0,1,0,1,1,0,0,2,0,27,2,62,0,0,0,88,5,0,0,0,363,0,0,0,0,23,0,0,15,4,0,0,1396,0,0,0,0,3,0,0,0
2020-05-23,6,0,7,0,0,0,0,16,4,0,1,0,1,0,0,20,0,5,29,0,1,0,0,16,0,4,0,1188,0,0,5,0,0,0,0,10,118,0,0,1,86,0,22,0,1,0,1,1,0,0,2,0,2,7,0,0,8,168,11,1,1,0,0,0,0,0,0,0,2,83,0,0,0,0,0,27,0,0,2,0,0,0,0,3,0,0,0,0,3,0,5,3,0,137,25,0,51,7,12,0,1,156,0,12,1,0,0,0,0,9,0,0,1,0,0,0,0,0,1,0,0,0,1,0,0,0,0,1,0,0,420,0,0,0,0,1,0,0,0,0,27,0,0,0,2,11,1,0,0,2,0,34,4,0,0,124,0,10,14,0,2,2,1,10,150,0,0,0,0,0,0,0,0,0,0,13,3,2,0,1,0,0,0,0,0,30,0,64,0,16,0,40,1,1,0,0,338,0,0,0,0,27,0,0,9,4,0,0,1088,0,0,0,0,1,0,0,0
2020-05-24,7,0,7,0,0,0,0,20,3,0,1,2,2,0,1,28,0,0,37,0,0,0,0,15,0,1,0,1001,0,0,1,0,0,0,0,3,97,0,0,1,43,0,30,0,0,0,2,0,0,0,6,0,0,0,0,0,2,40,28,0,0,0,0,0,0,0,0,0,0,74,0,0,0,0,0,42,0,0,1,0,0,0,0,5,0,0,0,0,0,0,11,6,0,147,21,0,59,5,9,0,0,130,0,12,0,0,0,0,0,10,0,0,0,0,0,1,0,0,0,0,0,0,0,0,7,0,0,0,0,0,479,0,0,0,0,1,0,0,0,0,13,0,0,0,0,10,1,0,1,2,0,32,4,0,0,96,6,10,12,1,2,0,5,8,139,0,0,0,0,0,0,0,0,0,0,15,0,0,0,3,0,0,0,0,0,28,-1,59,0,9,0,54,1,0,0,0,351,0,0,0,1,27,0,0,17,3,0,0,1852,0,0,0,0,6,0,0,1
2020-05-25,1,1,10,0,0,0,0,6,4,0,0,4,3,0,0,21,0,4,24,0,0,0,0,10,0,0,0,965,0,0,0,0,0,0,0,0,103,0,1,1,45,0,23,0,0,0,0,1,0,0,2,1,0,0,0,0,0,12,29,2,1,0,0,0,0,0,0,0,0,43,0,0,0,0,0,31,0,0,2,0,0,0,0,4,0,1,0,0,1,0,7,4,0,154,19,0,58,8,12,0,0,119,0,10,0,0,0,0,0,8,0,0,0,0,0,2,0,0,2,0,0,1,0,0,0,0,0,1,0,0,190,0,0,0,0,1,0,0,0,1,23,0,0,0,1,0,1,0,0,1,0,34,4,0,0,129,5,11,13,0,2,1,12,11,153,0,0,0,0,0,0,0,0,1,0,11,1,1,0,1,0,0,0,0,0,10,1,51,0,19,0,67,0,0,0,1,282,0,0,0,0,32,0,0,12,1,0,0,1046,2,0,0,0,3,0,0,0
2020-05-26,1,0,8,0,1,0,0,7,6,0,0,1,0,0,1,21,0,5,34,0,0,0,0,10,0,1,0,653,0,0,4,0,0,0,0,0,73,0,0,0,43,0,22,0,0,0,0,0,0,0,1,0,0,1,4,0,2,95,19,0,0,0,0,0,0,0,0,0,1,34,0,0,0,0,0,10,1,0,0,0,0,1,0,1,0,0,0,0,1,0,6,5,0,146,27,0,34,3,4,0,0,50,0,16,0,0,0,1,1,9,2,0,0,0,0,0,0,0,0,1,0,0,0,0,3,0,0,0,0,1,215,0,0,0,0,1,0,0,0,0,11,0,0,0,0,5,0,0,0,0,0,30,7,0,0,83,5,3,14,2,3,2,6,9,92,0,0,0,0,0,0,0,0,0,1,9,1,0,0,1,0,0,0,0,5,22,2,56,1,5,0,6,2,0,2,0,118,0,0,0,0,32,0,0,6,3,0,0,620,0,0,0,0,2,0,0,0
2020-05-27,6,1,9,0,0,0,0,19,4,0,0,1,2,0,0,22,0,5,24,0,0,0,0,11,0,4,0,807,0,0,0,0,0,0,0,6,113,0,0,1,45,0,23,0,1,0,1,0,0,0,2,0,4,1,0,0,8,18,14,1,0,0,1,0,0,0,0,0,1,64,0,0,2,0,0,45,0,0,1,0,0,0,0,1,0,0,0,1,4,0,2,8,0,170,55,0,57,6,-2,0,1,92,0,12,0,0,0,1,0,7,0,0,0,0,0,0,0,0,0,0,0,0,0,1,2,0,0,3,0,0,239,0,0,0,0,2,1,0,0,0,8,0,0,0,1,7,0,0,0,0,0,28,4,0,0,173,13,11,14,0,2,0,9,18,174,0,0,0,0,0,0,0,0,0,1,12,0,1,0,2,0,0,0,0,1,52,0,42,0,14,0,31,2,0,0,0,121,0,1,0,0,29,0,0,21,5,0,0,590,0,0,0,0,5,0,0,0
2020-05-28,9,0,8,0,0,0,0,21,7,0,1,2,1,0,1,15,0,4,40,0,0,0,0,13,0,4,0,1039,0,1,3,1,0,1,0,12,105,0,0,1,35,0,26,0,2,0,1,0,0,0,0,0,1,0,4,0,6,54,19,1,0,0,0,0,1,0,0,0,4,98,0,0,0,0,0,47,0,0,1,0,0,0,0,4,0,0,0,0,2,0,6,6,0,194,23,0,56,6,9,0,1,78,0,9,0,0,2,0,0,3,0,0,0,0,0,0,1,0,2,0,0,0,0,0,3,0,0,0,0,0,501,0,0,0,0,0,0,0,0,1,26,0,1,18,1,16,3,0,0,2,0,35,3,0,0,159,18,17,12,0,2,0,8,13,161,0,0,0,0,0,0,0,0,0,0,14,2,0,0,2,0,0,0,0,0,43,0,35,0,11,0,96,0,0,1,0,134,0,0,0,0,28,0,0,14,2,0,0,770,0,1,1,0,4,0,0,0
2020-05-29,11,0,6,0,0,0,0,9,15,0,0,2,2,0,0,23,0,6,24,0,0,0,0,6,0,0,0,1086,0,0,0,0,0,0,0,0,128,0,0,2,49,0,27,1,0,0,0,0,0,0,0,1,1,2,2,0,11,38,29,2,0,0,1,0,0,0,0,0,1,66,0,0,0,0,0,62,2,0,0,0,0,0,0,5,0,1,0,0,1,0,6,4,0,175,24,0,63,4,16,0,0,117,0,7,0,0,0,3,0,10,0,0,1,0,0,1,1,0,1,0,0,0,0,0,0,1,0,7,0,0,463,0,0,0,0,0,0,0,0,1,15,0,0,0,1,5,3,0,0,1,0,57,2,0,0,195,17,4,14,2,3,0,3,9,174,0,0,0,0,0,0,0,0,0,0,16,2,1,0,1,0,0,0,1,5,28,0,34,0,0,0,95,0,0,0,0,412,0,0,0,0,34,0,0,11,3,0,0,1415,0,0,0,0,7,0,0,0
2020-05-30,2,0,7,0,0,0,0,9,7,0,0,23,2,0,0,28,0,5,22,0,0,0,0,13,0,3,0,1156,0,0,3,0,0,0,0,0,119,0,0,1,54,0,19,0,0,0,1,0,0,0,2,1,0,3,0,0,3,21,34,3,0,0,0,0,1,0,0,0,0,65,0,0,0,0,0,39,0,0,2,0,0,0,0,12,0,1,2,0,1,0,2,8,0,265,53,0,50,6,8,0,0,70,0,12,0,0,0,3,0,9,0,0,1,0,0,0,0,0,2,0,0,0,0,0,2,0,0,3,0,1,447,0,0,0,0,0,1,0,0,0,32,0,0,0,0,5,3,0,1,1,0,78,5,0,0,116,21,10,13,1,3,0,6,10,232,0,0,0,0,0,0,0,0,0,0,17,2,1,0,0,0,0,0,1,0,25,2,37,0,38,0,46,0,0,0,0,377,0,0,0,0,30,0,0,10,2,0,0,1263,0,0,0,0,5,0,0,0
2020-05-31,2,0,8,0,0,0,0,0,7,0,0,0,2,0,2,40,0,5,13,0,0,0,0,7,0,0,0,1124,0,0,3,0,0,0,0,0,78,0,0,0,53,0,31,0,0,0,1,1,0,0,0,0,0,0,2,0,10,0,34,2,0,0,1,0,1,0,0,0,1,52,0,0,1,0,0,39,0,0,0,0,0,0,0,10,0,0,0,0,0,0,3,0,0,193,40,0,57,10,6,0,0,87,0,5,0,0,0,4,0,11,0,0,0,0,0,0,0,0,0,0,3,0,0,0,1,0,0,1,0,0,371,0,0,0,0,2,0,0,0,2,28,0,0,0,0,2,4,0,0,1,0,88,6,0,0,131,15,13,14,1,0,1,7,11,181,0,0,0,0,0,0,0,0,0,0,22,0,1,0,0,0,0,0,0,1,34,0,39,0,29,0,84,0,0,0,0,324,0,0,0,0,28,0,0,17,2,0,0,1073,0,0,3,0,12,0,0,0
2020-06-01,15,0,8,0,0,0,0,20,4,0,0,0,3,0,2,0,0,5,24,0,0,0,0,10,0,0,0,956,0,0,1,0,0,0,0,8,96,0,0,0,57,0,37,0,0,0,0,0,0,0,0,1,0,3,2,0,4,24,46,2,0,0,0,0,0,0,0,0,2,57,0,0,0,0,0,11,1,0,0,0,0,0,0,12,0,1,0,1,6,0,2,7,0,230,0,0,63,10,4,0,4,111,0,1,0,0,1,1,0,7,0,0,0,1,0,0,0,0,2,0,1,0,0,0,3,0,0,1,0,0,364,0,0,0,0,1,0,0,0,0,20,0,0,0,0,12,5,0,0,7,0,60,4,0,0,141,0,10,13,3,2,1,5,13,138,1,0,0,0,0,0,0,0,0,0,23,1,0,0,1,0,0,0,0,5,32,0,32,0,24,0,45,0,1,0,0,215,0,0,0,0,26,0,0,12,2,0,0,914,0,0,0,0,3,0,0,0
2020-06-02,5,0,7,0,0,0,0,11,8,0,0,0,2,0,0,22,0,6,19,0,0,0,0,3,0,0,0,480,0,0,0,0,0,0,0,6,213,0,1,0,59,0,49,0,1,0,0,0,0,0,1,0,3,3,0,0,0,0,46,0,0,0,1,0,3,0,0,0,4,29,0,0,2,0,0,11,1,0,0,0,0,0,0,6,0,0,0,0,3,0,11,2,0,204,28,0,81,10,1,0,0,75,0,2,0,0,3,1,0,8,0,0,0,0,0,0,0,0,0,0,0,0,0,1,1,0,0,2,0,2,151,0,0,0,0,0,0,0,0,0,5,0,0,0,0,14,2,0,0,1,0,78,6,0,0,135,3,3,14,0,2,1,1,9,162,0,0,0,0,0,0,0,0,0,0,22,0,1,0,0,1,0,0,0,1,40,0,24,1,12,0,0,0,0,0,1,113,0,0,0,0,25,0,0,10,2,0,0,693,0,1,0,0,4,0,0,0
2020-06-03,24,0,8,0,0,0,0,19,19,0,0,0,5,0,0,37,0,5,22,0,0,0,0,30,0,1,0,623,0,0,4,0,0,0,0,8,39,0,2,1,75,0,30,0,0,0,0,0,0,0,1,0,0,2,1,0,13,80,47,0,0,0,0,1,1,0,0,0,0,30,0,0,0,0,0,11,0,0,0,0,0,0,0,8,0,0,0,0,1,0,5,6,0,217,22,0,64,20,0,0,2,60,0,6,0,0,0,5,0,6,1,0,0,0,0,0,0,0,0,0,0,0,0,1,1,2,0,0,0,1,237,0,0,0,0,1,0,0,0,0,6,0,0,0,0,12,7,0,0,9,0,67,8,0,0,128,6,10,14,2,3,1,12,17,182,0,0,0,0,0,0,0,0,0,0,24,0,1,0,0,0,0,0,0,0,22,0,34,0,9,0,8,0,1,0,0,556,0,0,0,0,23,0,0,9,3,0,0,761,1,0,3,0,3,0,0,0
2020-06-04,5,0,6,0,0,0,0,10,12,0,-1,1,3,0,1,37,0,3,20,0,0,0,0,33,0,3,0,1262,0,0,0,0,0,1,0,1,70,0,0,0,87,0,40,0,0,0,0,0,0,0,2,0,0,4,1,0,1,48,36,5,0,0,0,0,2,0,0,0,0,107,0,0,3,0,1,29,2,0,4,0,0,0,0,7,0,0,0,0,3,0,8,2,0,260,35,0,70,21,8,0,0,55,0,3,0,0,3,2,0,4,3,0,0,0,0,1,0,0,1,0,0,0,0,0,0,0,0,3,0,0,470,0,0,0,0,0,0,0,0,1,5,0,0,11,1,15,1,0,1,8,0,82,8,0,0,133,8,18,12,2,2,0,2,0,178,1,0,0,0,0,0,0,0,0,0,30,1,1,0,0,0,0,0,0,0,50,0,24,0,7,0,65,0,0,0,0,324,0,0,0,1,22,0,0,8,1,0,0,1043,0,0,1,0,8,0,0,0
2020-06-05,10,0,6,0,0,0,0,18,6,0,0,1,5,0,1,35,0,5,20,0,0,0,0,24,0,0,0,1349,0,0,3,0,0,0,0,0,129,0,0,0,81,0,36,0,0,0,0,0,0,0,1,2,3,0,0,0,4,0,38,1,0,0,1,0,3,0,0,0,1,81,0,0,0,0,0,30,0,0,0,0,0,0,0,20,0,0,1,0,2,0,9,0,0,273,23,0,59,15,1,0,0,71,0,4,1,0,4,3,0,6,0,0,0,1,0,0,0,0,0,0,0,0,0,0,1,0,0,5,0,0,1091,0,0,0,0,2,0,0,0,1,10,0,0,0,0,1,4,0,0,0,0,68,5,0,0,127,10,0,11,0,0,0,5,9,169,0,0,0,0,0,0,0,0,0,0,32,2,0,0,1,0,0,0,0,0,37,4,33,0,19,0,74,0,0,1,0,359,0,0,0,0,24,0,0,13,3,0,0,825,0,1,2,0,8,0,0,0
2020-06-06,18,0,8,0,0,0,0,27,7,0,0,0,2,0,1,30,0,5,14,0,0,0,0,15,0,2,0,1473,0,0,0,0,0,0,0,3,109,0,0,0,92,0,42,0,0,0,0,0,0,0,2,0,3,2,0,0,5,106,40,1,0,0,0,0,1,0,0,0,1,43,0,0,1,0,0,32,0,0,0,0,0,0,0,15,0,0,0,0,0,0,9,5,0,294,49,0,63,14,5,0,4,88,1,7,0,0,0,4,0,8,2,0,1,0,0,0,0,0,0,0,1,0,1,0,6,0,0,8,0,1,817,0,0,0,0,0,0,0,0,1,13,0,0,0,0,8,2,0,1,5,0,97,6,0,0,137,3,25,8,1,4,0,1,11,144,0,0,0,0,0,0,0,0,0,0,31,0,1,0,0,0,0,0,0,0,56,0,16,0,14,0,20,0,0,0,0,176,0,0,0,0,21,0,0,14,1,0,0,1035,0,0,0,0,8,0,0,0
2020-06-07,30,1,9,0,0,0,0,27,7,0,0,2,4,0,2,35,0,6,12,0,0,0,0,12,0,0,0,1005,0,0,13,0,0,0,0,2,51,0,0,2,93,0,58,0,0,0,0,0,0,0,1,1,3,4,0,0,11,16,32,0,0,0,0,0,1,0,0,0,0,46,0,0,0,0,0,33,4,0,0,0,0,0,0,58,0,0,3,0,0,0,5,3,0,287,31,0,75,33,6,0,0,85,0,2,0,0,4,1,0,10,0,0,0,1,0,2,0,0,0,0,0,0,1,1,2,0,0,4,0,0,625,0,0,0,0,0,0,0,0,2,15,0,0,0,0,10,2,0,0,0,0,67,7,0,0,131,7,20,10,1,2,0,8,9,197,0,0,0,0,0,0,0,0,0,0,34,0,1,0,0,1,0,0,0,3,60,0,21,0,12,0,77,1,0,0,0,357,0,0,0,0,18,0,0,15,1,0,0,1127,0,0,0,0,0,0,0,0
2020-06-08,12,0,8,0,0,0,0,14,10,0,0,0,2,0,2,42,0,0,11,0,1,0,0,27,0,0,0,904,0,0,0,0,0,0,0,7,70,0,1,1,96,0,60,0,0,0,1,0,0,1,0,0,1,1,2,0,2,13,39,2,0,0,0,0,1,0,0,0,0,31,0,0,0,0,0,22,2,0,1,0,0,0,0,14,0,0,0,0,0,0,2,0,0,206,50,0,72,28,0,0,1,72,0,0,0,0,2,4,0,10,0,0,0,1,0,0,0,0,0,0,1,0,0,0,3,0,0,0,0,0,341,0,0,0,0,0,0,0,0,0,6,0,0,0,0,9,2,0,0,3,0,65,16,0,0,139,9,16,9,0,3,0,12,10,134,0,0,0,0,0,0,0,0,0,0,36,2,1,0,1,0,0,0,0,1,44,0,14,0,0,0,17,0,0,0,0,204,0,0,0,0,21,0,0,11,1,0,0,708,0,1,2,0,1,0,0,0
2020-06-09,7,0,9,0,0,0,0,14,11,0,0,0,4,0,1,42,0,10,11,0,0,0,0,11,0,1,0,525,0,0,0,0,0,0,0,3,27,0,0,0,627,0,54,0,2,0,0,0,0,0,0,0,3,2,3,0,1,21,34,0,0,0,0,0,7,0,0,0,1,13,1,0,0,0,0,6,0,0,0,0,0,0,0,22,0,0,0,0,1,0,8,0,0,331,32,0,70,24,9,0,2,53,0,0,0,0,2,1,0,5,1,0,0,0,0,0,0,0,0,0,1,0,0,0,2,0,0,0,0,0,188,0,0,0,0,0,0,0,0,1,2,0,0,0,0,12,2,0,0,6,0,105,7,0,0,164,8,4,5,0,3,1,11,8,112,0,0,0,0,0,0,0,0,0,0,34,2,1,0,0,0,0,0,0,1,46,0,19,0,13,1,3,1,0,0,0,77,0,0,0,0,23,0,0,9,5,0,0,474,0,0,0,0,0,0,0,0
2020-06-10,29,0,8,0,0,0,0,28,6,0,0,0,5,0,2,45,0,7,9,0,0,0,0,10,0,0,0,679,0,0,4,0,0,0,0,0,35,0,0,1,19,0,49,0,-2,0,0,0,0,0,1,2,3,4,3,0,5,48,35,3,0,0,0,0,0,0,0,0,0,52,0,0,0,0,0,37,4,0,2,0,0,0,0,15,0,0,0,0,3,0,4,6,0,279,40,0,74,22,4,0,1,65,0,3,0,0,2,1,0,4,1,0,1,0,0,0,0,0,0,0,0,0,0,0,0,0,0,0,0,1,354,0,0,0,0,2,0,0,0,1,3,0,0,0,0,7,3,0,1,2,0,83,5,0,0,106,6,9,6,0,5,2,13,8,171,0,0,0,0,0,0,0,0,0,0,37,0,1,0,1,0,0,0,0,1,82,5,11,0,17,0,35,0,0,0,0,55,0,0,0,0,19,0,0,13,2,0,0,550,0,1,0,0,15,3,0,0
2020-06-11,21,0,9,0,0,0,0,19,10,0,0,0,5,0,3,37,0,6,12,0,0,0,0,12,0,0,0,1272,0,0,3,0,0,0,0,0,62,0,0,1,192,0,64,0,4,1,2,0,0,0,0,0,3,0,0,0,6,30,36,2,0,0,0,0,5,0,0,0,1,85,0,0,0,0,0,18,0,0,1,0,0,0,0,22,0,0,0,0,2,0,9,2,0,357,36,0,81,34,8,0,3,79,0,1,0,0,3,3,0,2,2,0,0,0,0,1,0,0,1,0,0,0,1,0,2,0,0,20,0,2,596,0,0,0,0,1,0,0,0,0,15,0,0,9,0,4,1,0,0,1,0,101,5,0,0,167,10,17,7,1,4,0,8,11,216,0,0,0,0,0,0,0,0,0,0,36,3,0,0,1,0,0,0,0,0,82,1,25,0,12,0,23,1,0,0,0,286,0,0,0,0,18,0,0,23,1,0,0,1208,0,0,1,0,2,0,0,0
2020-06-12,20,0,8,0,0,0,0,24,18,0,0,1,4,0,2,37,0,6,12,0,0,0,0,25,0,1,0,1274,0,0,0,0,0,0,0,0,63,0,0,1,173,0,61,0,0,1,0,1,0,0,0,3,6,0,3,0,11,0,53,4,0,0,0,0,3,0,0,0,0,23,0,0,0,0,0,26,0,0,0,0,0,0,0,27,0,0,0,0,2,0,19,1,0,396,41,0,78,31,4,0,1,71,0,2,0,0,6,1,0,4,0,0,0,1,0,0,0,0,2,0,1,0,0,0,2,0,0,8,0,0,708,0,0,0,0,0,0,0,0,0,11,0,0,0,0,17,7,0,0,5,0,107,10,0,0,165,9,23,3,1,3,1,4,15,174,0,0,0,0,0,0,0,0,0,0,38,2,1,0,0,0,0,0,1,0,48,0,15,0,12,0,78,0,0,0,0,245,0,0,0,0,17,0,0,21,2,0,0,832,0,1,0,0,7,0,0,0
2020-06-13,5,2,9,0,1,0,0,31,13,0,0,1,6,0,2,46,0,5,7,0,1,0,0,21,0,0,0,1239,0,0,1,0,0,1,0,0,34,0,0,0,222,0,55,0,1,0,0,0,0,0,1,0,1,0,1,0,7,108,27,4,0,0,0,0,5,0,0,0,1,27,0,0,2,0,0,8,0,0,0,0,0,0,0,18,0,0,0,0,6,0,4,2,0,386,48,0,75,39,8,0,1,53,0,2,0,0,0,3,0,6,0,0,0,0,0,0,1,0,0,0,0,0,1,0,1,0,0,0,0,0,587,0,0,0,0,1,0,0,0,1,2,0,0,0,0,5,5,0,3,7,0,88,5,0,0,206,16,9,9,2,1,0,4,9,183,0,0,0,0,0,0,0,0,0,0,36,1,1,0,0,0,0,0,0,0,74,2,9,0,20,0,19,0,0,1,0,151,0,0,0,0,17,0,0,16,1,0,0,947,0,0,0,0,3,0,0,0
2020-06-14,20,0,10,0,0,0,0,30,6,0,0,1,5,0,3,44,0,5,10,0,1,0,0,26,0,2,0,909,0,0,4,0,0,0,0,55,55,0,2,0,231,0,57,0,0,0,1,0,0,0,0,4,3,1,3,0,9,46,62,4,0,0,0,0,7,0,0,0,0,28,0,0,0,0,0,18,0,0,0,0,0,0,0,17,0,1,0,0,0,0,12,2,0,311,43,0,71,53,2,0,0,56,0,1,0,0,3,4,1,4,1,0,1,1,0,1,2,0,0,0,0,0,1,0,4,0,0,3,0,0,504,0,0,0,0,0,0,0,0,2,9,0,0,0,0,0,2,0,0,3,0,81,3,0,0,199,22,7,1,0,0,0,20,11,114,0,0,0,0,0,0,0,0,0,0,39,1,0,0,1,1,0,0,0,2,70,0,10,0,14,1,40,1,0,0,0,202,0,0,0,0,15,0,0,10,1,0,0,709,0,0,0,0,21,0,0,0
2020-06-15,5,0,9,0,1,0,0,17,5,0,0,2,2,0,4,32,0,5,5,0,0,0,0,26,0,0,0,892,0,0,0,0,0,0,0,0,58,0,0,0,222,0,47,0,0,0,0,0,0,0,0,0,5,3,2,0,15,22,91,0,0,0,0,0,8,0,0,0,0,23,1,0,0,0,1,6,0,0,0,0,0,0,0,16,0,1,3,0,6,0,4,4,0,325,43,0,107,58,0,0,0,78,0,0,0,0,3,4,1,7,0,0,1,0,0,0,0,0,1,0,0,1,1,0,3,0,0,7,0,1,424,0,0,0,0,0,0,0,0,1,4,0,0,0,0,12,8,0,0,5,0,97,8,0,0,190,14,15,7,1,3,0,4,11,119,0,0,0,0,0,0,0,0,0,0,40,4,1,0,0,0,0,0,0,1,69,3,9,0,12,0,20,0,0,1,0,181,0,0,0,0,14,0,0,9,1,0,0,646,0,0,1,0,4,0,0,0
2020-06-16,8,0,7,0,0,0,0,23,16,0,0,0,4,0,3,38,0,5,3,0,1,0,0,26,0,1,0,612,0,0,2,0,0,0,0,5,39,0,0,1,39,0,75,0,0,0,0,0,0,0,0,0,1,0,0,0,13,33,97,2,0,0,0,1,2,0,0,0,1,8,0,0,0,0,0,4,3,0,0,0,0,0,0,17,0,0,0,0,3,0,2,4,0,380,64,0,113,45,1,0,0,44,0,2,0,0,4,3,0,2,0,0,0,0,0,0,2,0,0,0,0,1,0,0,0,0,0,6,0,0,269,0,0,0,0,0,0,0,0,0,2,0,0,0,1,21,9,0,0,4,0,110,8,0,1,190,10,10,5,0,3,1,7,19,143,0,0,0,0,0,0,0,0,0,0,39,0,1,0,0,0,0,0,0,0,57,2,9,0,9,1,0,0,0,0,0,36,0,0,0,0,15,0,0,12,2,0,0,372,0,0,1,0,44,1,0,0
2020-06-17,20,1,10,0,0,0,0,20,8,0,0,1,3,0,1,53,0,4,8,0,2,0,0,21,0,1,0,627,0,1,2,0,0,1,0,1,29,0,0,0,21,0,59,0,2,0,0,0,0,0,1,0,0,1,0,0,10,41,94,2,0,0,0,0,3,0,0,0,0,30,2,0,4,0,0,9,3,0,1,0,0,0,0,15,0,1,0,0,3,0,10,2,0,2003,33,0,115,60,0,0,2,26,0,4,0,0,4,1,0,5,2,0,0,0,0,1,0,0,1,0,0,0,0,0,0,0,0,0,0,-1,439,0,0,0,0,0,1,0,0,0,0,0,0,0,0,4,5,0,0,6,0,136,11,0,0,172,5,9,3,0,4,1,11,17,193,0,0,0,0,0,0,0,0,0,0,41,0,1,0,0,0,0,0,0,0,88,3,6,0,9,2,17,1,0,0,0,38,0,0,0,0,18,0,0,12,2,0,0,496,0,0,1,0,6,0,0,0
2020-06-18,42,1,11,1,0,0,0,24,9,0,0,3,4,0,2,43,0,6,7,0,0,0,0,27,0,3,0,1282,0,0,5,0,0,0,0,0,38,0,7,1,232,0,75,1,0,0,0,0,0,0,1,1,5,0,0,0,18,37,84,3,0,0,0,0,1,0,0,0,0,108,0,0,2,0,0,30,4,0,1,0,0,0,0,19,0,0,0,0,4,0,8,2,0,334,45,0,120,61,3,0,0,34,0,4,0,0,7,1,1,3,1,0,0,0,0,0,0,0,0,0,2,0,0,0,2,0,0,4,0,1,730,0,0,0,0,1,1,0,0,1,11,0,0,9,0,0,8,0,0,2,0,118,9,0,1,196,5,16,2,0,2,1,10,10,194,0,0,0,0,0,0,0,0,0,0,39,10,1,0,0,0,0,0,0,0,57,0,6,0,10,0,48,0,1,0,0,233,0,0,0,1,17,0,0,30,2,0,0,722,1,0,1,0,30,0,0,0
2020-06-19,2,1,11,0,1,0,0,43,7,0,0,6,7,0,6,38,0,6,7,0,0,0,0,20,0,0,0,1269,0,0,3,0,0,0,0,0,41,0,4,0,226,0,63,0,0,0,0,1,0,0,2,2,3,0,0,0,2,80,88,3,0,0,0,0,2,0,0,0,0,28,0,0,1,0,0,26,8,0,2,0,0,0,0,14,0,0,0,0,2,0,6,1,0,336,63,0,87,83,1,0,1,43,0,0,0,0,12,2,0,2,1,0,2,0,0,0,0,0,0,0,0,0,0,0,1,0,0,2,0,0,770,0,0,0,0,0,0,0,0,2,4,0,0,0,1,45,9,0,1,3,0,136,13,0,0,201,8,14,1,0,4,0,6,14,182,0,0,0,0,0,0,0,0,0,0,48,3,1,0,0,0,0,0,0,0,49,1,3,0,0,1,102,0,0,1,0,184,0,0,0,0,19,0,0,23,3,0,0,770,0,0,1,0,4,0,0,0
2020-06-20,0,3,12,0,1,0,0,25,10,0,0,1,6,0,2,45,0,7,5,0,2,0,0,18,0,0,0,1238,0,0,6,0,0,0,0,0,46,0,1,0,252,0,86,2,0,0,0,0,0,1,1,1,2,2,2,0,12,69,79,4,0,0,0,0,2,0,0,0,0,28,0,0,2,0,0,16,0,0,1,0,0,0,0,17,0,0,1,0,2,0,7,0,0,375,34,0,120,69,4,0,0,66,0,17,0,0,5,10,0,5,1,0,0,0,0,0,0,0,0,0,1,2,0,0,0,0,0,2,0,0,667,0,0,0,0,0,0,0,0,0,4,0,0,0,0,6,6,0,1,6,0,153,5,0,0,204,14,30,1,0,7,0,16,22,181,0,0,0,0,0,0,0,0,0,0,45,3,1,0,0,0,0,0,0,0,63,0,3,0,26,1,12,0,0,0,0,135,0,0,0,0,21,0,0,19,2,0,0,733,0,0,0,0,3,0,0,0
2020-06-21,33,0,14,0,0,0,0,25,13,0,0,0,4,0,3,37,0,6,4,0,0,0,0,18,0,1,0,1206,0,0,3,0,0,1,0,6,46,0,0,0,202,1,95,0,0,0,0,0,0,0,1,0,5,0,0,0,8,43,89,7,0,0,0,0,7,0,0,0,0,14,0,0,0,0,0,10,4,0,1,0,0,0,0,34,0,1,0,0,3,0,6,2,0,306,56,0,115,88,0,0,1,47,0,1,0,0,8,2,0,6,3,0,0,0,0,0,0,0,0,0,0,0,0,0,1,0,0,2,0,0,647,0,0,0,0,0,0,0,0,0,3,0,0,0,0,12,6,0,0,3,0,119,10,0,0,199,20,18,3,0,1,0,9,11,161,0,0,0,0,0,0,0,0,0,0,46,3,1,0,2,0,0,0,0,0,94,1,3,0,8,0,0,0,0,0,0,173,0,0,0,0,23,0,0,9,1,0,0,690,0,0,2,0,3,0,0,0
2020-06-22,17,1,12,0,0,0,0,13,18,0,0,0,5,0,3,39,0,6,3,0,0,0,0,25,0,1,0,1022,0,0,6,0,0,0,0,0,64,0,4,0,184,0,81,0,0,0,0,0,0,0,1,3,3,0,0,0,7,24,87,5,0,0,0,1,0,0,0,0,0,14,1,0,2,1,0,0,15,0,1,0,0,0,0,31,0,0,0,0,1,0,9,0,0,445,36,0,116,87,1,0,1,49,0,0,1,0,5,2,1,7,0,0,0,0,0,0,0,0,0,0,0,3,0,0,1,0,0,5,0,2,387,0,0,0,0,1,0,0,0,1,8,0,0,0,0,19,11,0,0,3,0,89,8,0,0,201,19,12,1,2,4,0,6,16,109,0,0,0,0,0,0,0,0,0,0,37,3,1,0,0,0,0,0,0,2,46,2,5,0,0,0,0,0,0,1,0,128,0,0,0,0,22,0,0,8,1,0,0,558,1,0,3,0,2,0,0,0
2020-06-23,20,1,8,0,1,0,0,24,10,0,0,2,6,0,2,38,0,3,9,0,2,0,0,33,0,0,0,641,0,0,0,0,0,0,0,18,20,0,0,0,23,0,111,0,0,0,0,0,0,0,0,2,5,0,3,0,7,23,85,9,0,0,0,0,2,0,0,0,0,6,2,0,0,0,0,3,0,0,0,0,0,0,0,17,0,0,0,0,0,0,5,2,0,312,35,0,119,67,0,0,1,24,0,2,0,0,2,2,1,4,5,0,0,0,0,1,0,0,0,0,1,0,0,0,2,0,0,6,0,0,1044,0,0,0,0,0,1,0,0,0,1,0,0,0,0,12,5,0,0,6,0,105,8,0,0,184,8,10,2,0,1,1,11,12,95,0,0,0,0,0,0,0,0,0,0,40,2,1,0,2,0,0,0,0,0,53,0,0,0,12,0,0,0,0,0,0,43,0,0,0,0,23,0,0,10,1,0,0,308,0,0,0,0,1,0,2,0
2020-06-24,21,1,7,0,0,0,0,33,12,0,0,0,7,0,2,43,0,5,12,0,0,0,0,47,0,1,0,654,0,0,8,0,0,0,0,3,6,0,7,0,3,1,73,0,10,0,0,0,0,0,0,2,5,2,1,0,6,28,87,6,0,0,0,1,1,0,0,0,1,20,0,0,5,0,0,10,0,0,0,0,0,0,0,16,0,0,3,0,0,0,32,1,0,465,35,0,121,84,2,0,0,23,0,8,0,0,7,2,1,4,1,0,0,0,0,0,7,0,0,0,1,0,0,0,0,0,0,3,0,1,759,0,0,0,0,0,0,0,0,1,0,0,0,0,0,7,9,0,4,3,0,60,20,0,0,178,9,3,4,0,0,0,9,11,153,0,0,0,0,0,0,0,0,0,0,39,2,1,0,0,0,0,0,0,0,61,0,4,0,7,1,69,0,0,0,0,15,0,0,0,0,24,0,0,23,2,0,0,410,0,0,2,0,4,0,0,0
2020-06-25,36,2,9,0,1,0,0,36,14,0,1,3,6,0,2,37,0,6,4,0,0,0,0,26,0,1,0,1374,0,0,1,0,0,0,0,5,18,0,7,0,226,0,94,2,0,0,0,0,0,0,3,2,0,1,3,0,16,35,85,6,0,0,0,1,0,0,0,0,0,57,1,0,0,0,0,19,10,0,0,0,0,0,0,35,0,2,0,0,1,0,10,0,0,418,38,0,133,79,3,0,1,18,0,5,0,0,7,3,1,3,1,0,0,1,0,0,1,0,1,0,0,0,0,0,0,0,0,1,0,0,793,0,0,0,0,2,0,0,0,0,5,0,0,10,0,8,4,0,0,2,0,148,15,0,0,181,18,16,6,0,5,1,8,16,154,0,0,0,0,0,0,0,0,0,0,41,3,1,0,0,0,0,0,2,0,111,1,1,0,8,0,39,0,0,0,0,280,0,0,0,0,27,0,0,16,2,0,0,784,0,0,0,0,13,7,0,0
2020-06-26,5,1,8,0,0,0,0,39,11,0,1,0,7,0,2,39,0,5,3,0,0,0,0,30,0,1,0,1185,0,0,1,0,0,0,0,5,30,0,0,0,172,1,87,0,0,0,0,0,0,0,4,0,7,0,0,0,7,34,83,7,0,0,0,0,3,0,0,0,0,7,1,0,0,0,0,13,0,0,0,0,0,0,0,19,0,0,0,0,3,0,12,3,0,407,47,0,134,107,6,0,1,-31,0,1,0,0,2,2,1,2,1,0,0,0,0,0,0,0,1,0,1,0,0,0,2,0,0,2,0,2,947,0,0,0,0,1,0,0,0,2,2,0,0,0,0,9,8,0,1,2,0,59,11,0,0,182,8,21,3,2,2,0,10,16,92,0,1,0,0,0,0,0,0,0,0,41,4,0,0,1,0,0,0,0,0,103,1,5,0,8,1,48,2,0,0,0,154,0,0,0,0,24,0,0,16,1,0,0,690,1,0,3,0,14,0,0,0
2020-06-27,23,3,9,0,0,0,0,43,13,0,0,5,6,0,2,40,0,5,5,0,1,0,0,37,0,2,0,1141,0,0,2,0,0,0,0,0,20,0,3,0,165,0,163,0,1,0,0,0,0,0,2,2,0,0,0,0,14,63,87,7,0,0,0,1,3,0,0,0,0,20,1,0,1,0,0,21,0,0,1,0,0,0,0,22,0,0,0,0,4,0,9,1,0,384,63,0,109,122,1,0,0,34,0,2,0,0,11,2,2,2,0,0,0,0,0,0,0,0,0,0,0,1,0,0,0,0,0,2,0,0,736,0,0,0,0,1,0,0,0,1,3,0,0,0,0,7,6,0,0,9,0,73,17,0,0,175,12,16,6,0,3,0,0,10,176,0,0,0,0,0,0,0,0,0,1,46,1,1,0,0,0,0,0,0,0,87,0,4,0,16,0,21,0,0,0,0,149,0,1,0,0,21,0,0,19,2,0,0,2516,0,1,1,0,5,0,0,0
2020-06-28,26,2,7,0,0,0,0,25,10,0,0,0,7,0,5,34,0,6,2,0,0,0,0,21,0,3,0,990,0,0,4,0,0,2,0,0,4,0,0,0,279,0,157,0,0,0,0,1,0,0,0,4,7,1,0,0,6,18,88,10,0,0,0,0,8,0,0,0,1,25,1,0,0,0,0,6,8,0,0,0,0,0,0,49,0,0,0,0,2,0,45,1,0,410,37,0,125,101,3,0,4,30,0,0,0,0,11,5,3,3,0,0,0,0,0,0,0,0,0,0,0,1,0,0,0,0,0,3,0,0,719,0,0,0,0,2,0,0,0,1,3,0,0,0,0,5,3,0,0,6,0,83,11,0,0,178,12,17,6,1,1,0,13,14,188,0,0,0,0,0,0,0,0,0,0,37,4,1,0,3,0,0,0,0,0,48,0,1,0,0,0,50,0,2,0,0,184,0,0,0,0,19,0,0,24,1,0,0,650,0,0,2,0,3,3,1,2
2020-06-29,4,2,7,0,0,0,0,25,6,0,0,2,6,0,5,43,0,4,7,0,0,0,0,36,0,2,0,1109,0,0,1,0,0,2,0,0,8,0,0,0,162,0,128,0,2,1,0,0,0,0,2,2,4,0,0,0,8,5,81,9,0,0,0,0,5,0,0,0,0,0,0,0,0,0,1,3,0,0,0,0,0,0,0,34,0,1,2,0,0,0,8,0,0,380,34,0,144,96,4,0,3,8,0,1,0,0,15,4,3,4,3,0,0,0,0,0,3,0,0,0,0,0,0,0,0,0,0,1,0,1,602,0,0,0,0,1,0,0,0,0,2,0,0,0,0,4,9,0,0,4,0,49,17,0,2,196,8,6,6,1,0,0,11,10,104,0,0,0,0,0,0,0,0,0,0,40,4,2,0,0,0,0,0,0,0,73,0,7,0,0,1,0,0,0,0,0,100,0,0,0,0,17,0,0,19,2,0,0,507,0,0,1,0,6,0,0,0
2020-06-30,0,3,5,0,1,0,0,28,7,0,0,2,5,0,1,45,0,6,5,0,2,0,0,44,0,3,0,552,0,0,3,0,0,0,0,0,6,0,5,0,66,0,167,0,0,2,0,0,0,0,1,0,5,0,1,0,7,73,83,12,0,0,0,3,4,0,0,0,0,0,3,0,0,0,0,4,9,0,0,0,0,0,0,21,0,1,0,0,6,0,0,3,0,418,51,0,162,83,1,0,3,22,0,0,0,0,10,3,1,2,4,0,0,1,0,0,0,0,0,0,2,0,0,0,1,0,0,0,0,0,267,0,0,2,0,4,0,0,0,1,0,0,0,0,0,7,9,0,0,6,0,137,12,0,0,182,11,3,3,0,3,0,7,23,93,0,0,0,0,0,0,0,0,0,0,48,3,3,0,1,0,0,0,0,0,43,0,6,0,0,2,0,0,0,0,0,36,0,0,0,0,15,0,0,18,1,0,0,885,1,2,2,0,2,0,-1,1
2020-07-01,41,4,8,0,0,0,0,38,10,0,0,1,8,0,3,64,0,4,3,0,3,0,0,57,0,1,0,692,0,0,4,0,0,0,0,0,44,0,2,0,113,0,117,0,0,0,0,0,0,0,0,0,9,1,1,0,14,25,81,10,0,0,0,0,5,0,0,0,0,30,0,0,2,0,0,12,0,0,0,0,0,0,0,19,0,0,3,0,1,0,6,4,0,507,71,0,147,104,0,0,1,6,0,2,0,0,5,0,1,4,7,0,0,0,0,2,3,0,0,0,2,1,0,0,1,0,0,6,0,0,473,0,0,0,0,3,0,0,0,0,2,0,0,0,0,8,12,0,0,7,0,91,16,0,2,187,11,6,4,0,0,0,8,22,154,0,0,0,0,0,0,0,0,0,0,50,3,4,0,0,0,0,0,0,0,73,1,2,0,0,0,30,0,0,0,0,25,0,0,0,0,18,1,0,12,1,0,0,370,0,2,4,0,8,1,1,3
2020-07-02,33,3,7,0,2,0,0,27,10,0,0,2,7,0,5,41,0,5,8,0,2,0,0,52,0,2,0,1280,0,0,7,0,0,3,0,0,25,0,0,0,65,0,111,0,1,1,0,0,0,0,1,0,3,0,1,0,7,0,81,8,0,0,0,0,0,0,0,0,0,30,1,0,0,0,0,12,0,0,1,0,0,0,0,27,0,2,0,0,0,0,12,0,0,434,58,0,141,107,1,0,0,23,0,1,0,0,0,4,2,4,5,0,0,0,0,0,0,0,0,0,0,2,0,0,1,0,0,2,0,0,648,0,0,1,0,0,1,0,0,1,6,0,0,9,0,17,4,0,1,9,0,78,11,0,2,173,4,19,8,0,2,0,6,17,216,0,0,0,0,0,0,0,0,0,0,49,4,3,0,0,0,0,0,0,0,128,1,4,0,30,0,23,2,0,0,0,155,0,0,0,0,16,0,0,14,1,0,0,560,0,2,3,0,6,2,0,0
2020-07-03,12,4,8,0,2,0,0,53,6,0,0,0,7,0,2,38,0,6,2,0,0,0,0,78,0,2,0,1038,0,0,2,0,0,0,0,0,0,0,0,0,167,0,136,0,1,0,1,0,0,0,0,2,5,1,0,0,11,112,86,9,0,0,0,0,4,0,0,0,0,17,0,0,0,0,0,9,5,0,0,0,0,0,0,44,0,0,0,0,2,0,45,1,0,379,53,0,148,110,2,0,1,21,0,1,0,0,10,1,3,1,4,0,0,1,0,1,2,0,0,0,2,0,0,0,0,0,0,1,0,0,741,0,0,0,0,1,0,0,0,1,2,0,0,0,0,13,4,0,1,3,0,78,14,0,0,183,4,14,3,0,3,0,2,16,147,1,0,0,0,0,0,0,0,0,0,54,4,4,0,0,0,0,0,0,0,92,0,1,0,2,0,37,1,0,0,0,176,0,0,0,0,19,0,0,12,1,0,0,725,1,0,3,0,7,6,0,0
2020-07-04,7,3,8,0,2,0,0,40,10,0,0,0,8,0,1,42,0,7,5,0,0,0,0,70,0,1,0,1252,0,0,0,0,0,0,0,0,51,0,0,0,131,0,171,0,0,2,2,0,0,0,2,0,1,0,0,0,10,61,81,11,0,0,0,0,2,0,0,0,0,14,0,0,0,0,0,9,0,0,0,0,0,0,0,26,0,13,0,2,3,0,49,1,0,442,49,0,154,102,0,0,0,30,0,1,0,1,12,3,1,1,10,0,0,0,0,0,1,0,0,0,2,0,0,0,1,0,0,0,0,0,679,0,0,0,0,1,0,0,0,1,3,0,0,0,1,13,15,0,0,5,0,68,22,0,0,185,6,15,8,1,3,1,14,20,176,0,0,0,0,0,0,0,0,0,0,50,5,6,0,0,0,0,0,0,0,95,0,0,0,0,0,41,1,1,0,0,89,0,0,0,0,17,0,0,27,1,0,0,623,0,1,3,0,10,0,0,4
2020-07-05,38,2,9,0,1,0,0,50,8,0,0,0,7,0,1,29,0,7,2,0,0,0,0,49,0,2,0,1290,0,0,7,0,0,0,0,0,21,0,1,0,141,0,136,0,2,0,2,0,0,0,1,0,3,0,0,0,11,69,79,8,0,0,0,2,5,0,0,0,0,17,0,0,0,0,0,7,0,0,0,0,0,2,0,37,0,-13,1,0,0,0,14,1,0,613,53,0,148,106,2,0,4,15,0,0,0,0,14,2,0,5,2,0,0,0,0,0,0,0,1,0,2,0,0,2,0,0,0,0,0,1,654,0,0,1,0,2,0,0,0,2,2,0,0,0,0,12,7,0,0,10,0,93,31,0,1,181,10,15,11,1,2,0,13,21,168,0,0,0,0,0,0,0,0,0,0,56,4,11,0,2,0,0,0,0,2,108,0,3,0,4,1,9,0,0,0,0,136,0,0,0,0,19,0,0,15,3,0,0,745,0,2,2,0,2,0,0,4
2020-07-06,23,2,9,0,1,0,0,37,7,0,0,0,6,0,1,55,0,6,2,0,0,0,0,58,0,0,0,1091,0,0,2,0,0,1,0,0,11,0,0,0,116,0,165,0,0,0,1,0,0,0,-1,2,3,0,0,0,8,12,63,7,0,0,0,0,2,0,0,0,0,0,0,0,2,0,0,2,0,0,0,0,0,-2,0,40,0,1,0,0,3,0,24,1,0,425,82,0,163,105,1,0,2,21,0,0,0,0,18,5,9,3,0,0,0,1,0,0,0,0,0,0,3,1,0,1,1,0,0,0,0,0,523,0,0,0,0,3,1,0,0,0,6,0,0,0,0,6,6,0,0,10,0,50,22,0,0,186,7,5,7,0,5,1,6,23,134,0,0,0,0,0,0,0,0,0,0,58,4,8,0,0,0,0,0,0,0,74,0,2,0,0,0,0,0,3,0,0,67,0,1,0,0,20,0,0,0,2,0,0,182,0,2,3,0,1,0,1,1
2020-07-07,33,3,6,0,0,0,0,33,7,0,2,1,9,0,1,44,0,5,2,0,0,0,0,56,0,3,0,602,0,0,5,0,0,1,0,17,10,0,0,0,76,0,122,0,0,1,0,0,0,0,-3,0,0,0,0,0,10,40,79,6,0,0,0,0,0,0,0,0,0,0,4,0,0,0,0,4,5,0,0,0,0,0,0,27,0,0,0,1,0,0,10,0,0,467,70,0,160,94,0,0,4,7,0,1,0,0,18,1,11,5,14,0,0,0,0,0,5,0,0,0,3,2,0,1,1,0,0,1,0,0,273,0,0,1,0,2,1,0,0,1,1,0,0,0,0,11,7,0,0,5,0,77,27,0,0,177,6,5,9,0,5,1,6,19,135,0,0,0,0,0,0,0,0,0,0,52,4,5,0,0,0,0,0,0,0,173,2,2,0,8,0,0,0,1,1,0,22,0,0,0,0,19,0,0,35,1,0,0,235,0,4,2,0,7,0,0,1
2020-07-08,16,2,7,0,0,0,0,79,12,0,0,0,8,0,0,55,0,6,1,0,0,0,0,42,0,0,0,620,0,0,4,0,0,0,0,12,9,0,4,0,50,0,146,0,0,4,0,0,0,0,2,5,0,1,0,0,17,52,67,6,0,0,0,0,3,0,0,0,0,23,1,0,2,1,0,8,0,0,0,0,0,0,0,34,0,0,0,1,0,0,17,0,0,482,68,0,200,118,0,0,1,8,0,2,0,0,4,4,4,4,7,0,0,0,0,2,3,0,0,0,1,0,0,0,0,0,0,0,0,0,480,0,0,0,0,3,0,0,0,0,1,0,0,0,0,9,5,0,0,6,0,83,23,0,0,183,6,4,6,2,1,0,10,18,198,0,0,0,0,0,0,0,0,0,0,49,3,6,0,0,0,0,0,0,0,111,0,0,0,6,1,13,0,0,0,0,16,0,0,0,0,16,0,0,21,2,0,0,320,1,3,4,0,3,0,1,1
2020-07-09,1,2,9,0,2,0,0,52,18,0,0,0,7,0,0,46,0,7,3,0,2,0,0,54,0,13,0,1254,0,0,4,0,0,1,0,17,18,0,0,0,139,0,149,0,0,0,0,0,0,0,1,0,1,2,0,0,8,0,75,6,0,0,0,1,1,0,0,0,0,12,1,0,0,0,0,12,7,0,1,0,0,0,0,23,0,0,0,0,4,0,21,0,0,487,50,0,153,94,2,0,5,30,0,1,0,0,0,3,3,2,13,0,0,0,0,2,0,0,0,0,0,5,0,1,0,0,0,3,0,0,895,0,0,3,0,2,0,0,0,0,4,0,0,8,0,15,5,0,0,9,0,61,29,0,0,180,5,7,9,2,4,2,6,31,173,0,1,0,0,0,0,0,0,0,0,42,1,13,0,1,0,0,0,0,0,192,0,2,0,14,2,14,0,0,0,0,155,0,0,0,0,19,0,0,24,1,0,0,930,0,3,3,0,3,12,0,2
2020-07-10,34,0,10,0,1,0,0,53,14,0,0,0,9,0,5,41,0,7,1,0,0,0,0,47,0,1,0,1223,0,0,5,0,0,0,0,0,26,0,0,0,109,0,168,0,3,1,1,0,0,0,0,3,1,0,1,0,13,66,53,8,0,0,0,0,0,0,0,0,0,30,0,0,0,0,0,12,0,0,0,0,0,0,0,49,0,0,0,0,6,0,17,0,0,475,58,0,221,103,0,0,6,15,0,1,0,0,32,2,4,3,4,0,0,0,1,0,3,0,0,0,0,1,0,0,1,0,0,2,0,0,782,0,0,0,0,0,0,0,0,0,3,0,0,0,0,15,8,0,0,3,0,75,20,0,0,181,4,14,2,0,4,1,10,18,176,0,0,0,0,0,0,0,0,0,0,41,4,11,0,0,0,0,0,0,0,100,0,2,0,13,0,35,0,0,1,0,126,0,0,0,0,22,0,0,20,1,0,0,991,0,6,4,0,0,0,0,3
2020-07-11,4,2,10,0,1,0,0,42,11,0,0,0,10,0,1,37,0,6,2,0,0,0,0,61,0,6,0,1220,0,0,3,0,0,1,0,0,12,0,0,0,99,0,187,0,0,2,1,0,0,0,1,0,5,0,0,0,22,44,85,6,0,0,0,3,4,0,0,0,0,13,1,0,0,0,0,6,0,0,0,0,0,0,0,39,0,2,0,0,7,0,10,2,0,519,52,0,142,78,0,0,4,12,0,0,0,0,0,4,8,1,6,0,0,0,0,1,0,0,0,0,0,4,0,0,0,0,0,4,0,1,730,0,0,2,0,2,1,0,0,0,0,0,0,0,0,5,3,0,1,8,0,65,20,0,0,181,42,9,13,0,4,0,13,17,174,0,0,0,0,0,0,0,0,0,1,51,2,11,0,0,0,0,0,0,0,118,1,2,0,0,0,18,0,2,0,0,85,0,0,0,0,18,0,0,18,1,0,0,799,0,5,5,0,3,0,3,5
2020-07-12,35,4,8,0,0,0,0,38,13,0,1,0,8,0,0,30,0,5,0,0,0,0,0,64,0,2,0,1214,0,0,0,1,0,0,0,0,10,0,0,0,100,0,211,0,0,1,2,1,0,0,0,0,0,0,0,0,16,48,67,5,0,0,0,1,0,0,0,0,0,21,3,0,0,0,0,6,0,0,0,0,0,0,0,47,0,1,0,0,5,0,46,2,0,551,66,0,188,95,1,0,3,12,0,0,0,0,36,8,3,3,3,0,0,0,0,5,0,0,0,0,1,2,1,0,1,0,1,5,0,0,665,0,0,0,0,1,0,0,1,3,0,0,0,0,0,20,5,0,0,4,0,74,24,0,0,186,12,11,2,8,0,1,8,13,188,0,0,0,0,0,0,0,0,0,0,30,2,18,0,0,0,0,0,0,0,140,0,1,0,1,1,26,0,0,1,0,48,0,0,0,0,23,0,0,27,2,0,0,803,0,3,3,0,10,0,1,0
2020-07-13,0,0,8,0,2,0,0,31,6,0,1,0,6,0,4,47,0,5,2,0,3,0,0,52,0,0,0,1071,0,0,0,0,0,0,0,0,14,0,1,0,98,0,194,0,0,1,1,0,0,0,0,3,0,0,0,0,17,16,89,6,0,0,0,0,3,0,0,0,0,0,0,0,0,0,0,3,6,0,0,0,0,0,0,33,0,0,0,1,4,0,21,2,0,500,71,0,194,95,2,0,4,7,0,0,0,0,20,3,4,4,7,0,0,0,0,0,1,0,0,0,0,2,0,0,0,0,0,0,0,0,539,0,0,4,0,5,0,0,0,0,0,0,0,0,0,15,8,0,0,9,0,69,30,0,1,182,162,6,8,0,1,0,5,24,130,0,0,0,0,0,0,0,0,0,0,42,0,12,0,0,0,0,0,0,1,111,0,1,0,0,0,0,0,0,0,0,148,0,0,0,0,21,0,0,11,2,0,0,906,1,3,2,0,53,0,5,7
2020-07-14,35,6,7,0,1,0,0,41,8,0,0,2,8,0,1,39,0,5,4,0,0,0,0,53,0,5,0,631,0,0,6,-1,0,0,0,0,10,0,0,1,45,1,188,0,0,2,1,0,0,0,0,3,0,0,0,0,6,16,77,7,0,0,0,2,1,0,0,0,0,0,3,0,0,0,0,1,4,0,0,0,0,0,0,47,0,0,0,0,0,0,3,0,0,553,50,0,203,100,0,0,4,9,0,0,0,0,23,1,1,3,15,0,0,0,1,4,1,0,0,1,1,5,0,0,0,0,0,3,0,0,276,0,0,0,0,5,0,0,0,0,0,0,0,0,0,16,7,0,0,2,0,54,16,0,4,188,65,3,6,0,2,0,2,13,104,1,0,0,0,0,0,0,0,0,0,20,3,11,0,0,0,0,0,0,0,108,0,2,0,7,0,0,0,3,0,0,21,0,0,0,0,19,0,0,15,1,0,0,312,1,3,4,0,7,0,0,2
2020-07-15,49,2,7,0,0,0,0,67,8,0,0,0,7,0,2,33,0,4,0,0,0,0,0,59,0,4,0,733,0,0,8,0,0,0,0,0,7,0,0,0,45,0,148,0,0,1,0,0,0,0,1,0,1,1,0,0,7,67,73,11,0,0,0,0,11,0,0,0,0,18,2,0,0,0,0,0,0,0,0,0,0,0,0,25,0,1,1,0,2,0,15,0,0,582,54,0,179,95,0,0,7,13,0,2,0,0,0,12,6,3,2,0,1,1,1,0,2,0,0,0,2,1,0,1,0,0,0,0,0,0,485,0,0,1,0,2,0,0,0,0,0,0,0,8,0,4,3,0,1,14,0,66,23,0,0,184,4,5,2,2,1,0,10,17,175,0,0,0,0,0,0,0,0,0,0,40,2,12,0,0,1,0,0,0,0,93,0,0,0,2,0,10,0,2,0,0,11,0,0,0,0,19,0,0,14,1,0,0,349,0,3,4,0,5,40,1,6
2020-07-16,19,4,10,0,0,0,0,61,11,0,3,1,6,0,6,33,0,6,2,0,2,0,0,32,0,5,0,1300,0,0,7,0,0,0,0,0,8,0,0,0,117,2,170,0,1,5,0,0,0,0,2,3,0,0,0,0,19,28,59,8,0,0,0,0,7,0,0,0,0,0,2,0,0,0,0,7,0,0,0,0,0,0,0,58,0,0,0,1,2,0,18,0,0,606,87,0,199,87,0,0,3,17,0,1,0,0,0,5,0,3,11,0,0,1,0,0,1,0,0,0,2,1,0,0,0,0,0,2,0,0,836,0,0,0,0,2,0,0,1,1,0,0,0,0,0,10,4,0,0,8,0,40,28,0,0,175,11,12,6,2,1,2,6,30,156,0,0,0,0,0,0,0,0,0,0,42,0,13,0,1,0,0,0,0,0,174,0,5,0,9,0,9,2,1,1,0,138,0,0,0,0,20,0,0,15,0,0,0,754,0,4,3,0,4,0,1,0
2020-07-17,34,3,12,0,1,0,0,85,15,0,2,1,7,0,4,39,0,6,5,0,0,0,0,44,0,4,0,1233,0,0,6,0,0,0,0,10,12,0,0,0,104,0,189,0,0,4,0,0,0,0,0,0,2,0,0,0,12,49,53,12,0,0,0,0,2,0,0,0,0,90,1,0,0,0,0,7,0,0,0,0,0,0,0,48,0,0,0,1,2,0,18,0,0,687,76,0,198,90,2,0,5,13,0,0,0,0,0,7,4,3,7,0,0,2,0,15,3,0,0,0,4,3,0,1,0,0,0,0,0,0,579,0,0,1,0,4,0,0,0,0,1,0,0,0,0,6,4,0,0,9,0,49,22,0,0,188,29,6,8,1,1,2,4,21,167,0,0,0,0,0,0,0,0,0,0,45,3,11,0,0,0,0,0,0,0,107,0,0,0,0,0,27,0,0,0,0,85,0,0,0,0,17,0,0,18,0,0,0,946,0,4,4,0,5,0,0,5
2020-07-18,0,3,12,0,1,0,0,61,13,0,3,0,8,0,3,51,0,5,5,0,0,0,0,42,0,6,0,1322,0,0,4,0,0,0,0,0,17,0,0,0,1057,1,215,0,0,2,0,0,0,0,0,0,1,0,0,0,1,43,68,11,29,0,0,1,2,0,0,0,0,17,0,0,0,0,0,4,0,0,0,0,0,0,0,54,0,1,0,0,0,0,10,0,0,671,84,0,183,94,1,0,7,20,0,0,0,0,0,8,6,2,5,0,0,0,0,2,1,0,0,0,10,8,0,0,0,0,0,0,0,0,668,0,0,1,0,1,0,0,0,1,0,0,0,0,1,9,8,0,1,8,0,47,18,0,2,198,17,11,3,5,1,1,4,19,186,0,0,0,0,0,0,0,0,0,2,37,3,13,0,0,0,0,0,0,0,216,2,1,0,0,1,21,0,3,0,0,66,0,0,0,0,21,0,0,11,2,0,0,921,1,4,4,0,2,0,3,5
2020-07-19,34,0,5,0,1,0,0,71,11,0,2,0,7,0,0,34,0,6,2,0,3,0,0,65,0,4,0,1163,0,0,4,0,0,1,0,4,12,0,0,0,98,1,259,0,1,5,1,0,0,0,3,0,0,1,0,0,29,32,63,15,0,0,0,0,13,0,0,0,0,14,3,0,0,1,0,1,5,0,1,0,0,0,0,39,0,0,0,0,1,0,22,0,0,543,59,0,188,75,3,0,7,11,0,0,0,1,0,5,6,3,751,0,0,0,3,0,1,0,0,0,1,4,0,0,0,0,0,1,0,0,736,0,0,2,0,5,0,0,0,0,0,0,0,0,0,3,5,0,1,10,0,46,38,0,1,184,113,7,3,1,1,1,9,17,124,0,0,0,0,0,0,0,0,0,0,40,4,10,0,1,0,0,0,0,0,135,0,0,0,12,0,26,0,0,0,0,114,0,0,0,0,18,0,0,21,1,0,0,917,0,4,3,0,3,27,1,5
2020-07-20,2,4,11,0,0,0,0,42,10,0,4,0,8,0,2,37,0,4,2,0,0,0,0,57,0,2,0,921,0,0,2,0,0,1,0,0,9,0,2,0,58,0,228,0,0,7,0,0,0,0,0,0,0,0,0,0,10,31,51,11,0,0,0,0,4,0,0,0,0,0,0,0,0,0,0,1,1,0,0,0,0,0,0,6,0,0,0,0,0,0,34,1,0,681,127,0,209,90,1,0,9,14,0,0,0,0,0,3,6,1,80,0,0,0,0,2,0,0,1,0,1,4,1,0,0,0,0,1,0,0,578,0,0,2,0,4,1,0,0,0,0,0,0,0,0,6,8,0,0,10,0,31,33,0,1,199,58,6,2,0,3,1,5,21,95,1,0,0,0,0,0,0,0,0,0,39,3,9,0,0,0,0,0,0,0,144,0,2,0,13,1,0,0,0,1,0,40,0,0,0,0,17,0,0,8,1,0,0,877,1,4,3,0,1,11,1,3
2020-07-21,1,1,10,0,0,0,0,35,9,0,1,0,5,0,2,50,0,4,1,0,0,0,0,45,0,5,0,716,0,0,1,0,0,0,0,0,4,0,0,0,130,0,220,0,0,8,0,0,0,0,1,5,1,0,0,0,12,5,50,9,0,0,0,0,3,0,0,0,0,0,1,0,0,0,0,2,3,0,0,0,0,0,0,53,0,0,0,0,0,0,9,0,0,587,96,0,217,88,0,0,8,3,0,3,0,0,210,9,5,0,34,0,0,1,0,0,1,0,0,0,4,3,0,0,0,0,0,4,0,0,296,0,0,2,0,3,0,0,1,0,0,0,0,0,0,11,8,0,0,8,0,40,25,0,2,189,4,6,5,2,2,0,8,17,85,0,0,0,0,0,0,0,0,0,0,37,4,11,0,0,0,0,0,0,0,85,2,1,0,0,1,0,0,4,0,0,27,0,0,0,0,16,0,0,13,1,0,0,496,0,4,2,0,3,0,0,1
2020-07-22,6,1,9,0,0,0,0,145,12,0,3,0,9,0,1,41,0,4,0,0,0,0,0,67,0,6,0,632,0,0,8,0,0,0,0,9,6,0,0,0,44,2,193,0,1,4,2,0,0,0,0,0,0,0,0,0,6,48,47,8,0,0,0,2,3,0,0,0,0,8,1,0,0,0,1,4,5,0,1,0,0,0,0,29,0,1,0,0,5,0,35,0,0,648,81,0,229,81,0,0,7,13,0,1,0,0,0,4,4,4,42,0,0,0,0,0,1,0,0,0,3,2,0,0,0,0,0,0,0,1,301,0,0,3,0,4,1,0,1,0,0,0,0,9,0,12,10,0,0,11,0,38,31,0,2,197,2,3,2,0,1,1,9,12,153,0,0,0,0,0,0,0,0,0,0,34,3,10,0,1,0,0,0,0,0,140,0,1,0,13,0,20,0,2,0,0,12,0,0,0,0,17,0,0,20,1,0,0,473,0,4,4,0,9,8,1,1
2020-07-23,21,4,13,0,1,0,0,80,16,0,2,0,13,0,1,42,0,4,0,0,3,0,0,55,0,5,0,1367,0,0,5,0,0,0,0,0,4,0,0,0,45,0,237,0,0,2,0,0,0,0,1,1,2,0,2,0,6,52,41,11,0,0,0,1,7,0,0,0,0,0,0,0,0,1,0,5,0,0,2,0,0,0,0,42,0,1,0,0,3,0,53,0,0,1129,139,0,219,92,0,0,9,15,0,1,0,0,0,12,5,5,44,0,0,2,0,0,3,0,0,0,3,7,0,0,1,0,0,0,0,0,915,0,0,0,0,5,0,0,3,2,0,0,0,0,0,4,0,0,0,12,0,32,32,0,2,195,6,9,6,5,3,0,11,36,165,0,0,0,0,0,0,0,0,0,0,44,4,9,0,0,0,0,0,0,0,195,0,2,0,2,0,7,3,1,0,0,110,0,0,0,0,18,0,0,16,1,0,1,1042,0,4,4,0,2,0,0,2
