Date,Barking and Dagenham,Barnet,Barnsley,Bath and North East Somerset,Bedford,Bexley,Birmingham,Blackburn with Darwen,Blackpool,Bolton,"Bournemouth, Christchurch and Poole",Bracknell Forest,Bradford,Brent,Brighton and Hove,"Bristol, City of",Bromley,Buckinghamshire,Bury,Calderdale,Cambridgeshire,Camden,Central Bedfordshire,Cheshire East,Cheshire West and Chester,Cornwall and Isles of Scilly,County Durham,Coventry,Croydon,Cumbria,Darlington,Derby,Derbyshire,Devon,Doncaster,Dorset,Dudley,Ealing,East Riding of Yorkshire,East Sussex,Enfield,Essex,Gateshead,Gloucestershire,Greenwich,Hackney and City of London,Halton,Hammersmith and Fulham,Hampshire,Haringey,Harrow,Hartlepool,Havering,"Herefordshire, County of",Hertfordshire,Hillingdon,Hounslow,Isle of Wight,Islington,Kensington and Chelsea,Kent,"Kingston upon Hull, City of",Kingston upon Thames,Kirklees,Knowsley,Lambeth,Lancashire,Leeds,Leicester,Leicestershire,Lewisham,Lincolnshire,Liverpool,Luton,Manchester,Medway,Merton,Middlesbrough,Milton Keynes,Newcastle upon Tyne,Newham,Norfolk,North East Lincolnshire,North Lincolnshire,North Somerset,North Tyneside,North Yorkshire,Northamptonshire,Northumberland,Nottingham,Nottinghamshire,Oldham,Oxfordshire,Peterborough,Plymouth,Portsmouth,Reading,Redbridge,Redcar and Cleveland,Richmond upon Thames,Rochdale,Rotherham,Rutland,Salford,Sandwell,Sefton,Sheffield,Shropshire,Slough,Solihull,Somerset,South Gloucestershire,South Tyneside,Southampton,Southend-on-Sea,Southwark,St. Helens,Staffordshire,Stockport,Stockton-on-Tees,Stoke-on-Trent,Suffolk,Sunderland,Surrey,Sutton,Swindon,Tameside,Telford and Wrekin,Thurrock,Torbay,Tower Hamlets,Trafford,Wakefield,Walsall,Waltham Forest,Wandsworth,Warrington,Warwickshire,West Berkshire,West Sussex,Westminster,Wigan,Wiltshire,Windsor and Maidenhead,Wirral,Wokingham,Wolverhampton,Worcestershire,York
2020-01-30,0,0,0,0,0,0,0,0,0,0,0,0,0,0,0,0,0,0,0,0,0,0,0,0,0,0,0,0,0,0,0,0,0,0,0,0,0,0,0,0,0,0,0,0,0,0,0,0,0,0,0,0,0,0,0,0,0,0,0,0,0,0,0,0,0,0,0,0,0,0,0,0,0,0,0,0,0,0,0,0,0,0,0,0,0,0,0,0,0,0,0,0,0,0,0,0,0,0,0,0,0,0,0,0,0,0,0,0,0,0,0,0,0,0,0,0,0,0,0,0,0,0,0,0,0,0,0,0,0,0,0,0,0,0,0,0,0,0,0,0,0,0,0,0,0,0,0,0,1
2020-01-31,0,0,0,0,0,0,0,0,0,0,0,0,0,0,0,0,0,0,0,0,0,0,0,0,0,0,0,0,0,0,0,0,0,0,0,0,0,0,0,0,0,0,0,0,0,0,0,0,0,0,0,0,0,0,0,0,0,0,0,0,0,0,0,0,0,0,0,0,0,0,0,0,0,0,0,0,0,0,0,0,0,0,0,0,0,0,0,0,0,0,0,0,0,0,0,0,0,0,0,0,0,0,0,0,0,0,0,0,0,0,0,0,0,0,0,0,0,0,0,0,0,0,0,0,0,0,0,0,0,0,0,0,0,0,0,0,0,0,0,0,0,0,0,0,0,0,0,0,0
2020-02-01,0,0,0,0,0,0,0,0,0,0,0,0,0,0,0,0,0,0,0,0,0,0,0,0,0,0,0,0,0,0,0,0,0,0,0,0,0,0,0,0,0,0,0,0,0,0,0,0,0,0,0,0,0,0,0,0,0,0,0,0,0,0,0,0,0,0,0,0,0,0,0,0,0,0,0,0,0,0,0,0,0,0,0,0,0,0,0,0,0,0,0,0,0,0,0,0,0,0,0,0,0,0,0,0,0,0,0,0,0,0,0,0,0,0,0,0,0,0,0,0,0,0,0,0,0,0,0,0,0,0,0,0,0,0,0,0,0,0,0,0,0,0,0,0,0,0,0,0,0
2020-02-02,0,0,0,0,0,0,0,0,0,0,0,0,0,0,0,0,0,0,0,0,0,0,0,0,0,0,0,0,0,0,0,0,0,0,0,0,0,0,0,0,0,0,0,0,0,0,0,0,0,0,0,0,0,0,0,0,0,0,0,0,0,0,0,0,0,0,0,0,0,0,0,0,0,0,0,0,0,0,0,0,0,0,0,0,0,0,0,0,0,0,0,0,0,0,0,0,0,0,0,0,0,0,0,0,0,0,0,0,0,0,0,0,0,0,0,0,0,0,0,0,0,0,0,0,0,0,0,0,0,0,0,0,0,0,0,0,0,0,0,0,0,0,0,0,0,0,0,0,0
2020-02-03,0,0,0,0,0,0,0,0,0,0,0,0,0,0,0,0,0,1,0,0,0,0,0,0,0,0,0,0,0,0,0,0,0,0,0,0,0,0,0,0,0,0,0,0,0,0,0,0,0,0,0,0,0,0,0,0,0,0,0,0,0,0,0,0,0,0,0,0,0,0,0,0,0,0,0,0,0,0,0,0,0,0,0,0,0,0,0,0,0,0,0,0,0,0,0,0,0,0,0,0,0,0,0,0,0,0,0,0,0,0,0,0,0,0,0,0,0,0,0,0,0,0,0,0,0,0,0,0,0,0,0,0,0,0,0,0,0,0,0,0,0,0,0,0,0,0,0,0,0
2020-02-04,0,0,0,0,0,0,0,0,0,0,0,0,0,0,0,0,0,0,0,0,0,0,0,0,0,0,0,0,0,0,0,0,0,0,0,0,0,0,0,0,0,0,0,0,0,0,0,0,0,0,0,0,0,0,0,0,0,0,0,0,0,0,0,0,0,0,0,0,0,0,0,0,0,0,0,0,0,0,0,0,0,0,0,0,0,0,0,0,0,0,0,0,0,0,0,0,0,0,0,0,0,0,0,0,0,0,0,0,0,0,0,0,0,0,0,0,0,0,0,0,0,0,0,0,0,0,0,0,0,0,0,0,0,0,0,0,0,0,0,0,0,0,0,0,0,0,0,0,0
2020-02-05,0,0,0,0,0,0,0,0,0,0,0,0,0,0,1,0,0,0,0,0,0,0,0,0,0,0,0,0,0,0,0,0,0,0,0,0,0,0,0,0,0,0,0,0,0,0,0,0,0,0,0,0,0,0,0,0,0,0,0,0,0,0,0,0,0,0,0,0,0,0,0,0,0,0,0,0,0,0,0,0,0,0,0,0,0,0,0,0,0,0,0,0,0,0,0,0,0,0,0,0,0,0,0,0,0,0,0,0,0,0,0,0,0,0,0,0,0,0,0,0,0,0,0,0,0,0,0,0,0,0,0,0,0,0,0,0,0,0,0,0,0,0,0,0,0,0,0,0,0
2020-02-06,0,0,0,0,0,0,0,0,0,0,0,0,0,0,0,0,0,0,0,0,0,0,0,0,0,0,0,0,0,0,0,0,0,0,0,0,0,0,0,0,0,0,0,0,0,0,0,0,0,0,0,0,0,0,0,0,0,0,0,0,0,0,0,0,0,0,0,0,0,0,0,0,0,0,0,0,0,0,0,0,0,0,0,0,0,0,0,0,0,0,0,0,0,0,0,0,0,0,0,0,0,0,0,0,0,0,0,0,0,0,0,0,0,0,0,0,0,0,0,0,0,0,0,0,0,0,0,0,0,0,0,0,0,0,0,0,0,0,0,0,0,0,0,0,0,0,0,0,0
2020-02-07,0,0,0,0,0,0,0,0,0,0,0,0,0,0,0,0,0,0,0,0,0,0,0,0,0,0,0,0,0,0,0,0,0,0,0,0,0,0,0,0,0,0,0,0,0,0,0,0,0,0,0,0,0,0,0,0,0,0,0,0,0,0,0,0,0,0,0,0,0,0,0,0,0,0,0,0,0,0,0,0,0,0,0,0,0,0,0,0,0,0,0,0,0,0,0,0,0,0,0,0,0,0,0,0,0,0,0,0,0,0,0,0,0,0,0,0,0,0,0,0,0,0,0,0,0,0,0,0,0,0,0,0,0,0,0,0,0,0,0,0,0,0,0,0,0,0,0,0,0
2020-02-08,0,0,0,0,0,0,0,0,0,0,0,0,0,0,3,0,0,0,0,0,0,0,0,0,0,0,0,0,0,0,0,0,0,0,0,0,0,0,0,0,0,0,0,0,0,0,0,0,0,0,0,0,0,0,0,0,0,0,0,0,0,0,0,0,0,0,0,0,0,0,0,0,0,0,0,0,0,0,0,0,0,0,0,0,0,0,0,0,0,0,0,0,1,0,0,0,0,0,0,0,0,0,0,0,0,0,0,0,0,0,0,0,0,0,0,0,0,0,0,0,0,0,0,0,0,0,0,0,0,0,0,0,0,0,0,0,0,0,0,0,0,0,0,0,0,0,0,0,0
2020-02-09,0,0,0,0,0,0,0,0,0,0,0,0,0,0,1,0,0,0,0,0,0,0,0,0,0,0,0,0,0,0,0,0,0,0,0,0,0,0,0,0,0,0,0,0,0,0,0,0,0,0,0,0,0,0,0,0,0,0,0,0,0,0,0,0,0,0,0,0,0,0,0,0,0,0,0,0,0,0,0,0,0,0,0,0,0,0,0,0,0,0,0,0,0,0,0,0,0,0,0,0,0,0,0,0,0,0,0,0,0,0,0,0,0,0,0,0,0,0,0,0,0,0,0,0,0,0,0,0,0,0,0,0,0,0,0,0,0,0,0,0,0,0,0,0,0,0,0,0,0
2020-02-10,0,0,0,0,0,0,0,0,0,0,0,0,0,0,0,0,0,0,0,0,0,0,0,0,0,0,0,0,0,0,0,0,0,0,0,0,0,0,0,0,0,0,0,0,0,0,0,0,0,0,0,0,0,0,0,0,0,0,0,0,0,0,0,0,0,0,0,0,0,0,0,0,0,0,0,0,0,0,0,0,0,0,0,0,0,0,0,0,0,0,0,0,0,0,0,0,0,0,0,0,0,0,0,0,0,0,0,0,0,0,0,0,0,0,0,0,0,0,0,0,0,0,0,0,0,0,0,0,0,0,0,0,0,0,0,0,0,0,0,0,0,0,0,0,0,0,0,0,0
2020-02-11,0,0,0,0,0,0,0,0,0,0,0,0,0,0,0,0,0,0,0,0,0,0,0,0,0,0,0,0,0,0,0,0,0,0,0,0,0,0,0,0,0,0,0,0,0,0,0,0,0,0,0,0,0,0,0,0,0,0,0,0,0,0,0,0,0,0,0,0,0,0,1,0,0,0,0,0,0,0,0,0,0,0,0,0,0,0,0,0,0,0,0,0,0,0,0,0,0,0,0,0,0,0,0,0,0,0,0,0,0,0,0,0,0,0,0,0,0,0,0,0,0,0,0,0,0,0,0,0,0,0,0,0,0,0,0,0,0,0,0,0,0,0,0,0,0,0,0,0,0
2020-02-12,0,0,0,0,0,0,0,0,0,0,0,0,0,0,0,0,0,0,0,0,0,0,0,0,0,0,0,0,0,0,0,0,0,0,0,0,0,0,0,0,0,0,0,0,0,0,0,0,0,0,0,0,0,0,0,0,0,0,0,0,0,0,0,0,0,0,0,0,0,0,0,0,0,0,0,0,0,0,0,0,0,0,0,0,0,0,0,0,0,0,0,0,0,0,0,0,0,0,0,0,0,0,0,0,0,0,0,0,0,0,0,0,0,0,0,0,0,0,0,0,0,0,0,0,0,0,0,0,0,0,0,0,0,0,0,0,0,0,0,0,0,0,0,0,0,0,0,0,0
2020-02-13,0,0,0,0,0,0,0,0,0,0,0,0,0,0,0,0,0,0,0,0,0,0,0,0,0,0,0,0,0,0,0,0,0,0,0,0,0,0,0,0,0,0,0,0,0,0,0,0,0,0,0,0,0,0,0,0,0,0,0,0,0,0,0,0,0,0,0,0,0,0,0,0,0,0,0,0,0,0,0,0,0,0,0,0,0,0,0,0,0,0,0,0,0,0,0,0,0,0,0,0,0,0,0,0,0,0,0,0,0,0,0,0,0,0,0,0,0,0,0,0,0,0,0,0,0,0,0,0,0,0,0,0,0,0,0,0,0,0,0,0,0,0,0,0,0,0,0,0,0
2020-02-14,0,0,0,0,0,0,0,0,0,0,0,0,0,0,0,0,0,0,0,0,0,0,0,0,0,0,0,0,0,0,0,0,0,0,0,0,0,0,0,0,0,0,0,0,0,0,0,0,0,0,0,0,0,0,0,0,0,0,0,0,0,0,0,0,0,0,0,0,0,0,0,0,0,0,0,0,0,0,0,0,0,0,0,0,0,0,0,0,0,0,0,0,0,0,0,0,0,0,0,0,0,0,0,0,0,0,0,0,0,0,0,0,0,0,0,0,0,0,0,0,0,0,0,0,0,0,0,0,0,0,0,0,0,0,0,0,0,0,0,0,0,0,0,0,0,0,0,0,0
2020-02-15,0,0,0,0,0,0,0,0,0,0,0,0,0,0,0,0,0,0,0,0,0,0,0,0,0,0,0,0,0,0,0,0,0,0,0,0,0,0,0,0,0,0,0,0,0,0,0,0,0,0,0,0,0,0,0,0,0,0,0,0,0,0,0,0,0,0,0,0,0,0,0,0,0,0,0,0,0,0,0,0,0,0,0,0,0,0,0,0,0,0,0,0,0,0,0,0,0,0,0,0,0,0,0,0,0,0,0,0,0,0,0,0,0,0,0,0,0,0,0,0,0,0,0,0,0,0,0,0,0,0,0,0,0,0,0,0,0,0,0,0,0,0,0,0,0,0,0,0,0
2020-02-16,0,0,0,0,0,0,0,0,0,0,0,0,0,0,0,0,0,0,0,0,0,0,0,0,0,0,0,0,0,0,0,0,0,0,0,0,0,0,0,0,0,0,0,0,0,0,0,0,0,0,0,0,0,0,0,0,0,0,0,0,0,0,0,0,0,0,0,0,0,0,0,0,0,0,0,0,0,0,0,0,0,0,0,0,0,0,0,0,0,0,0,0,0,0,0,0,0,0,0,0,0,0,0,0,0,0,0,0,0,0,0,0,0,0,0,0,0,0,0,0,0,0,0,0,0,0,0,0,0,0,0,0,0,0,0,0,0,0,0,0,0,0,0,0,0,0,0,0,0
2020-02-17,0,0,0,0,0,0,0,0,0,0,0,0,0,0,0,0,0,0,0,0,0,0,0,0,0,0,0,0,0,0,0,0,0,0,0,0,0,0,0,0,0,0,0,0,0,0,0,0,0,0,0,0,0,0,0,0,0,0,0,0,0,0,0,0,0,0,0,0,0,0,0,0,0,0,0,0,0,0,0,0,0,0,0,0,0,0,0,0,0,0,0,0,0,0,0,0,0,0,0,0,0,0,0,0,0,0,0,0,0,0,0,0,0,0,0,0,0,0,0,0,0,0,0,0,0,0,0,0,0,0,0,0,0,0,0,0,0,0,0,0,0,0,0,0,0,0,0,0,0
2020-02-18,0,0,0,0,0,0,0,0,0,0,0,0,0,0,0,0,0,0,0,0,0,0,0,0,0,0,0,0,0,0,0,0,0,0,0,0,0,0,0,0,0,0,0,0,0,0,0,0,0,0,0,0,0,0,0,0,0,0,0,0,0,0,0,0,0,0,0,0,0,0,0,0,0,0,0,0,0,0,0,0,0,0,0,0,0,0,0,0,0,0,0,0,0,0,0,0,0,0,0,0,0,0,0,0,0,0,0,0,0,0,0,0,0,0,0,0,0,0,0,0,0,0,0,0,0,0,0,0,0,0,0,0,0,0,0,0,0,0,0,0,0,0,0,0,0,0,0,0,0
2020-02-19,0,0,0,0,0,0,0,0,0,0,0,0,0,0,0,0,0,0,0,0,0,0,0,0,0,0,0,0,0,0,0,0,0,0,0,0,0,0,0,0,0,0,0,0,0,0,0,0,0,0,0,0,0,0,0,0,0,0,0,0,0,0,0,0,0,0,0,0,0,0,0,0,0,0,0,0,0,0,0,0,0,0,0,0,0,0,0,0,0,0,0,0,0,0,0,0,0,0,0,0,0,0,0,0,0,0,0,0,0,0,0,0,0,0,0,0,0,0,0,0,0,0,0,0,0,0,0,0,0,0,0,0,0,0,0,0,0,0,0,0,0,0,0,0,0,0,0,0,0
2020-02-20,0,0,0,0,0,0,0,0,0,0,0,0,0,0,0,0,0,0,0,0,0,0,0,0,0,0,0,0,0,0,0,0,0,0,0,0,0,0,0,0,0,0,0,0,0,0,0,0,0,0,0,0,0,0,0,0,0,0,0,0,0,0,0,0,0,0,0,0,0,0,0,0,0,0,0,0,0,0,0,0,0,0,0,0,0,0,0,0,0,0,0,0,0,0,0,0,0,0,0,0,0,0,0,0,0,0,0,0,0,0,0,0,0,0,0,0,0,0,0,0,0,0,0,0,0,0,0,0,0,0,0,0,0,0,0,0,0,0,0,0,0,0,0,0,0,0,0,0,0
2020-02-21,0,0,0,0,0,0,0,0,0,0,0,0,0,0,0,0,0,0,0,0,0,0,0,0,0,0,0,0,0,0,0,0,0,0,0,0,0,0,0,0,0,0,0,0,0,0,0,0,0,0,0,0,0,0,0,0,0,0,0,0,0,0,0,0,0,0,0,0,0,0,0,0,0,0,0,0,0,0,0,0,0,0,0,0,0,0,0,0,0,0,1,0,0,0,0,0,0,0,0,0,0,0,0,0,0,0,0,0,0,0,0,0,0,0,0,0,0,0,0,0,0,0,0,0,0,0,0,0,0,0,0,0,0,0,0,0,0,0,0,0,0,0,0,0,0,0,0,0,0
2020-02-22,0,0,0,0,0,0,0,0,0,0,0,0,0,0,0,0,0,0,0,0,0,0,0,0,0,0,0,0,0,0,0,0,0,0,0,0,0,0,0,0,0,0,0,0,0,0,0,0,0,0,0,0,0,0,0,0,0,0,0,0,0,0,0,0,0,0,0,0,0,0,0,0,0,0,0,0,0,0,0,0,0,0,0,0,0,0,0,0,0,0,0,0,0,0,0,0,0,0,0,0,0,0,0,0,0,0,0,0,0,0,0,0,0,0,0,0,0,0,0,0,0,0,0,0,0,0,0,0,0,0,0,0,0,0,0,0,0,0,0,0,0,0,0,0,0,0,0,0,0
2020-02-23,0,0,0,0,0,0,0,0,0,0,0,0,0,0,0,0,0,0,0,0,0,0,0,0,0,0,0,0,0,0,0,0,0,0,0,0,0,0,0,0,0,0,0,0,0,0,0,0,0,0,0,0,0,0,0,0,0,0,0,0,0,0,0,0,0,0,0,0,0,0,0,0,0,0,0,0,0,0,0,0,0,0,0,0,0,0,0,0,0,0,0,0,0,0,0,0,0,0,0,0,0,0,0,0,0,0,0,0,0,0,0,0,0,0,0,0,0,0,0,0,0,0,0,0,0,0,0,0,0,0,0,0,0,0,0,0,0,0,0,0,0,0,0,0,0,0,0,0,0
2020-02-24,0,0,0,0,0,0,0,0,0,0,0,0,0,0,0,0,0,0,0,0,0,0,0,0,0,0,0,0,0,0,0,0,0,0,0,0,0,0,0,0,0,0,0,0,0,0,0,0,0,0,0,0,0,0,0,0,0,0,0,0,0,0,0,0,0,1,0,0,0,0,0,0,0,0,0,0,0,0,0,0,0,0,0,0,0,0,0,0,0,0,0,0,0,0,0,0,0,0,0,0,0,0,0,0,0,0,0,0,0,0,0,0,0,0,0,0,0,0,0,0,0,0,0,0,0,0,0,0,0,0,0,0,0,0,0,0,0,0,0,1,0,0,0,0,0,0,0,0,0
2020-02-25,0,0,0,0,0,0,0,0,0,0,0,0,0,0,0,0,0,0,0,0,0,0,0,0,0,0,0,0,0,0,0,0,1,0,0,0,0,1,0,0,0,0,0,0,0,0,0,0,0,0,0,0,0,0,0,0,0,0,0,0,0,0,0,0,0,0,0,0,0,0,0,0,0,0,0,0,0,0,0,0,0,0,0,0,0,0,0,0,0,0,0,0,0,0,0,0,0,0,0,0,0,0,0,0,0,0,0,0,0,0,0,0,0,0,0,2,0,0,0,0,0,0,0,1,0,0,0,0,0,0,0,0,0,0,0,0,0,0,0,0,0,0,0,0,0,0,0,0,0
2020-02-26,0,0,0,0,0,0,0,0,0,0,0,0,0,0,0,0,0,0,0,0,0,0,0,0,0,0,0,0,0,0,0,0,0,0,0,0,0,0,0,0,0,0,0,1,0,0,0,0,0,0,0,0,0,0,1,0,0,0,0,0,0,0,0,0,0,0,0,0,0,0,0,0,0,0,0,0,1,0,0,0,0,0,0,0,0,0,0,0,0,0,0,0,0,0,0,0,0,0,0,0,0,0,0,0,0,0,0,0,0,0,0,0,0,0,0,0,0,0,0,0,0,0,0,0,0,0,0,0,0,0,0,0,0,0,0,0,0,0,0,0,1,0,0,0,0,0,0,0,0
2020-02-27,0,1,0,0,0,0,0,0,0,0,0,0,1,0,0,0,0,0,0,0,0,0,0,0,0,0,0,0,0,0,0,0,0,0,0,0,0,0,0,0,0,0,0,1,0,0,0,0,1,0,0,0,0,0,1,0,0,0,0,1,0,0,0,0,0,0,0,0,0,0,0,0,0,0,0,0,0,0,0,0,0,0,0,0,0,0,0,0,0,0,0,0,0,0,0,0,0,0,0,0,0,0,0,0,0,0,0,0,0,0,0,0,0,0,0,0,0,0,0,0,0,0,0,0,0,0,0,0,0,0,0,0,0,0,0,0,0,0,0,0,0,0,0,0,0,1,0,0,0
2020-02-28,0,0,0,0,0,0,0,0,0,0,0,0,0,0,0,0,0,0,1,0,0,0,0,0,0,0,0,0,0,0,0,0,0,0,0,0,0,0,0,0,0,1,0,0,0,0,0,0,0,0,0,0,0,0,1,0,1,0,0,1,1,0,0,0,0,0,0,2,0,0,0,0,0,0,0,0,0,0,0,0,0,0,0,0,0,0,0,0,0,1,0,0,0,0,0,0,0,0,0,0,0,0,0,0,0,0,0,0,0,0,0,0,0,0,0,1,0,0,0,0,0,0,0,1,0,0,0,0,0,0,0,0,0,0,0,0,0,0,0,0,0,0,0,0,0,0,0,0,0
2020-02-29,0,0,0,0,0,0,0,0,0,0,0,0,0,0,0,0,0,0,0,0,0,0,0,0,0,0,0,0,0,0,0,0,0,0,0,0,0,0,0,0,0,0,0,0,0,0,0,0,0,0,0,0,0,0,0,0,0,0,0,0,0,0,1,0,0,0,0,0,0,0,0,0,0,0,0,0,0,0,0,0,0,0,0,0,0,0,0,1,0,0,0,0,0,0,0,0,0,0,0,0,0,0,0,0,0,0,0,0,0,0,0,0,0,0,0,0,0,0,0,0,0,0,0,0,0,0,0,0,0,0,0,0,0,0,0,0,0,0,0,2,0,0,0,0,0,0,0,0,0
2020-03-01,1,0,0,0,0,0,1,0,0,1,0,0,0,0,0,0,1,0,2,0,0,0,0,0,0,0,0,0,0,0,0,0,0,2,0,0,0,0,0,0,0,0,0,0,0,0,0,0,0,0,0,0,0,0,1,0,1,0,0,0,0,1,0,0,0,0,2,0,0,1,0,0,0,0,0,0,0,0,0,0,0,0,0,0,0,0,0,0,0,0,0,0,0,0,0,0,0,0,0,0,0,0,0,0,0,0,1,0,0,0,0,0,0,0,0,0,0,0,1,0,0,0,0,0,0,0,0,0,0,0,0,0,0,1,0,1,0,0,0,0,0,0,1,0,1,0,0,0,0
2020-03-02,0,0,1,0,0,0,1,0,0,0,0,0,0,0,0,0,0,0,0,0,0,2,0,0,1,1,0,0,0,0,0,0,2,3,0,0,0,1,0,0,0,0,0,0,0,0,0,0,0,0,0,0,0,0,0,1,1,0,0,4,0,0,0,0,0,0,0,0,0,0,0,0,1,0,0,0,0,0,0,1,0,0,0,0,0,0,0,0,0,0,0,1,1,0,0,0,0,1,0,0,0,1,0,0,0,0,0,0,0,0,0,0,0,0,0,1,0,1,0,0,0,0,0,0,0,0,0,0,0,4,0,3,0,0,0,1,0,2,0,0,0,0,0,0,0,0,0,0,1
2020-03-03,0,0,2,0,0,0,0,0,0,0,0,1,0,0,0,1,0,0,0,0,1,0,0,0,0,0,0,0,0,2,0,0,1,6,0,0,0,1,0,0,0,1,0,0,0,0,0,0,0,0,1,0,0,0,5,0,1,0,0,0,1,0,0,0,0,1,0,0,0,0,0,2,2,0,1,0,0,0,1,0,0,0,0,0,0,0,1,1,0,0,3,0,3,0,0,0,0,0,0,0,0,0,0,0,0,0,1,0,0,0,0,0,0,0,0,0,0,1,0,0,0,0,0,2,0,1,0,0,0,0,0,0,0,0,0,1,0,0,0,0,1,2,2,0,0,1,0,0,0
2020-03-04,0,4,0,0,0,0,0,0,0,0,0,0,0,0,1,0,0,1,0,0,0,0,0,0,0,1,0,0,0,0,0,0,2,3,0,0,0,1,0,0,0,2,0,1,0,0,0,1,1,0,0,0,0,0,2,1,0,1,0,4,0,0,0,0,0,1,0,1,0,0,1,0,0,2,1,2,0,0,0,1,0,0,0,0,0,0,0,0,0,0,0,0,0,0,0,0,0,0,0,0,0,0,0,0,0,0,1,0,0,0,0,0,0,1,1,1,0,1,0,0,0,0,0,0,1,0,0,0,0,0,2,1,0,0,0,0,0,2,0,0,1,0,1,0,0,0,0,0,0
2020-03-05,0,1,0,0,0,0,1,0,0,1,2,0,0,0,0,0,0,0,0,0,1,0,0,0,0,1,0,1,0,2,0,0,0,1,0,0,0,1,0,0,0,0,0,0,0,0,0,0,1,0,0,0,0,0,0,2,0,0,0,6,2,0,0,0,0,0,2,0,0,1,0,0,0,0,2,0,0,0,0,1,0,0,0,0,0,1,0,1,0,1,0,1,0,0,0,0,0,0,0,0,0,0,0,0,0,0,2,0,0,0,0,0,0,0,0,1,0,1,1,0,0,0,0,0,0,0,0,0,0,0,1,0,0,0,1,0,0,2,0,0,1,1,0,0,0,1,1,0,0
2020-03-06,0,1,0,0,0,0,0,0,0,0,1,0,0,0,0,1,0,1,0,0,0,1,0,0,0,2,0,1,0,0,1,1,1,4,0,0,0,0,0,0,1,1,0,0,0,1,0,2,6,0,0,0,2,1,4,0,0,0,0,0,1,0,0,0,0,1,0,0,0,1,0,0,1,0,0,0,2,0,1,0,0,0,0,1,0,0,1,2,0,0,2,0,3,0,0,0,0,0,0,2,0,0,0,0,0,0,0,0,1,0,1,0,0,0,0,2,0,0,0,0,0,0,0,2,1,1,1,0,0,1,1,0,0,0,1,0,0,0,0,0,5,0,0,1,0,0,0,0,0
2020-03-07,0,0,0,0,0,0,0,0,0,1,0,0,0,1,1,1,0,1,1,0,0,1,0,0,0,0,0,0,1,1,0,0,0,0,0,0,1,1,0,0,0,0,0,0,1,0,0,0,0,0,0,0,0,0,2,0,0,0,0,1,0,0,0,0,0,2,0,2,0,0,1,0,1,0,0,0,0,0,0,1,0,0,0,0,0,0,0,1,0,1,2,2,1,0,0,0,0,0,0,0,0,0,0,0,0,0,3,1,0,0,0,0,0,0,0,1,0,0,0,0,0,1,1,0,1,0,0,0,0,1,1,0,0,0,0,0,0,0,1,0,2,0,0,0,0,0,3,0,0
2020-03-08,1,1,0,0,0,0,1,0,0,0,0,0,0,1,0,0,1,1,0,0,0,2,0,0,0,0,0,1,0,3,0,0,1,1,0,0,0,1,0,0,1,0,0,1,0,1,0,0,1,1,0,0,0,0,2,2,0,0,1,2,1,0,1,0,0,0,0,0,0,0,0,0,0,0,0,0,0,0,0,0,0,0,0,0,0,0,0,0,0,0,0,0,1,0,0,0,1,0,0,0,0,0,0,0,0,0,3,1,3,0,0,1,0,0,0,2,0,0,0,0,0,0,0,2,0,0,0,0,0,0,1,0,0,0,0,2,0,0,0,0,1,0,0,0,2,0,1,0,0
2020-03-09,1,3,0,0,0,2,1,0,0,0,0,2,0,3,0,0,1,2,0,0,0,1,0,0,0,1,1,0,1,1,0,0,3,0,0,0,2,0,0,0,1,1,0,1,0,2,0,3,7,2,5,0,1,0,2,0,0,0,0,4,2,0,0,1,0,2,1,3,0,3,0,1,0,0,2,0,1,0,0,0,1,0,0,0,1,1,1,2,0,1,0,0,3,0,0,1,0,0,0,0,1,2,0,0,0,1,0,1,1,0,0,2,0,0,1,7,0,1,0,1,0,0,0,3,1,0,0,0,0,0,2,0,0,0,1,2,1,1,0,2,6,0,0,1,0,0,0,2,0
2020-03-10,0,3,0,0,0,2,4,0,1,0,2,0,2,4,2,1,2,7,0,1,3,2,2,1,2,1,0,0,0,0,0,2,2,1,2,1,1,5,2,0,5,2,0,0,3,1,0,3,2,3,1,0,0,0,5,2,2,1,2,10,3,0,0,1,0,8,0,0,0,0,1,4,1,0,1,0,6,0,0,1,1,1,0,0,0,0,2,0,0,3,1,2,6,0,1,0,1,0,1,0,1,1,0,1,0,0,6,1,0,0,2,0,0,2,0,6,0,1,1,2,0,2,0,5,2,0,1,0,1,0,2,3,0,1,0,9,0,3,0,0,6,0,1,2,0,2,3,3,1
2020-03-11,1,11,1,1,0,4,6,0,0,2,0,0,0,10,0,0,5,5,0,2,1,10,1,1,2,1,0,2,5,3,0,2,6,1,0,1,0,10,2,4,2,3,0,2,4,8,0,11,9,6,5,0,2,0,6,2,6,0,2,10,3,0,1,1,0,14,2,3,1,4,5,2,0,0,1,4,7,0,0,0,3,1,0,0,0,0,0,4,0,0,6,0,5,0,0,0,0,0,0,1,1,0,0,0,2,0,0,1,7,1,2,3,0,0,0,11,1,1,2,1,0,1,0,5,0,0,1,0,1,0,1,0,1,5,2,10,0,2,0,2,14,0,3,3,1,3,5,4,0
2020-03-12,4,5,0,2,0,5,7,0,1,1,3,0,2,9,0,1,6,13,0,0,4,5,0,3,1,0,0,2,8,6,1,0,2,2,0,2,4,3,2,2,6,7,1,2,6,6,2,1,25,7,8,0,1,0,2,4,1,0,10,6,6,0,1,0,1,4,5,1,1,2,9,3,3,0,0,1,3,0,1,0,2,1,0,0,1,0,3,3,0,3,4,1,1,0,0,1,1,0,0,1,0,0,0,1,4,3,2,3,6,0,1,3,0,0,1,10,0,3,1,0,2,3,0,18,2,0,4,0,0,0,5,3,4,7,1,12,2,4,2,1,14,1,1,5,1,2,5,5,0
2020-03-13,1,6,0,1,1,4,14,1,0,1,0,0,0,3,2,3,4,6,3,0,5,5,3,2,0,1,0,0,4,7,0,1,8,6,0,1,1,3,4,1,4,11,0,3,5,4,1,3,15,8,4,0,1,1,9,3,5,0,6,3,7,0,1,0,0,11,3,0,1,2,3,0,2,1,7,3,7,0,0,2,3,6,0,0,1,3,2,2,1,4,4,2,4,0,2,1,0,3,0,3,1,1,0,2,2,0,4,0,4,0,3,3,0,2,0,8,1,6,3,0,0,1,0,5,4,2,2,0,0,0,3,2,0,2,2,4,0,3,0,3,8,0,4,0,1,0,11,0,1
2020-03-14,2,6,2,0,0,3,7,0,1,0,1,0,2,7,0,2,6,3,0,0,0,1,0,3,0,1,1,0,14,6,0,1,6,2,0,2,2,2,0,0,7,5,0,0,2,5,1,2,5,1,9,0,2,1,4,1,4,0,5,3,5,0,3,0,0,10,0,0,0,1,2,0,2,0,0,0,6,1,1,2,4,1,0,0,0,1,1,2,0,1,8,1,0,2,0,3,3,3,0,0,0,0,0,0,3,2,6,0,2,0,2,0,0,0,1,10,0,4,3,1,1,2,0,9,2,0,2,1,1,0,3,1,0,2,3,11,0,1,1,6,10,1,0,3,2,0,8,1,1
2020-03-15,4,10,1,0,0,1,12,0,0,2,0,1,0,8,2,1,7,2,0,0,2,3,5,1,2,1,1,0,7,1,0,4,10,3,0,1,4,8,0,0,2,6,0,3,6,2,0,3,11,4,6,0,5,3,15,5,5,0,6,1,5,0,2,1,2,13,2,2,0,2,6,2,0,0,3,2,1,0,1,4,7,1,0,0,1,0,0,1,2,2,5,0,5,0,3,3,2,5,0,2,1,0,0,0,4,1,6,0,4,0,1,1,1,1,0,12,1,7,0,0,0,6,2,9,0,1,3,0,0,1,3,2,0,4,4,12,1,3,1,1,5,1,0,1,0,2,3,4,0
2020-03-16,4,11,0,1,0,4,15,0,1,3,0,1,0,10,2,0,6,9,1,2,1,3,0,0,2,3,0,6,13,12,0,6,17,4,2,0,3,14,2,1,2,5,0,4,5,6,1,3,19,2,12,1,2,0,6,9,9,0,5,6,8,0,5,2,0,16,7,1,2,2,11,0,3,0,6,1,6,0,0,0,9,6,0,1,0,1,3,1,1,1,5,4,3,0,1,5,1,6,0,4,3,1,0,5,5,0,14,0,7,2,0,0,1,2,2,16,0,8,3,1,0,1,2,13,3,0,2,1,2,1,3,1,0,1,2,13,0,8,1,3,14,0,4,2,2,0,4,3,0
2020-03-17,5,7,2,0,2,6,24,0,2,1,1,1,3,23,0,4,9,7,2,0,1,4,0,4,1,2,2,4,21,12,0,3,9,2,2,2,2,9,1,6,12,10,1,5,14,6,2,8,15,4,14,0,3,1,5,16,8,0,7,7,5,0,6,1,0,21,4,3,3,4,8,2,4,5,4,2,10,0,3,6,5,6,0,0,1,1,2,4,2,5,3,1,9,0,0,3,2,8,1,5,5,2,0,2,2,1,13,0,4,1,0,1,0,1,2,19,0,5,6,3,1,4,0,19,4,1,3,0,3,1,6,0,0,4,5,20,0,4,1,9,10,1,1,1,0,1,15,6,2
2020-03-18,5,14,3,5,2,6,32,0,0,3,1,0,2,21,4,7,13,6,2,0,8,10,6,4,2,5,2,4,15,23,0,4,11,3,1,1,6,18,1,3,7,9,0,8,12,7,0,9,17,13,23,1,11,0,24,5,11,0,8,8,12,0,2,5,2,17,10,4,5,12,9,5,9,6,3,1,13,1,12,3,12,9,1,0,0,4,3,0,1,2,10,2,7,1,3,3,4,12,0,5,1,2,0,3,7,1,18,4,1,1,1,2,1,2,0,20,2,11,7,0,1,4,1,34,5,2,3,1,5,1,10,5,4,5,11,15,0,15,3,9,9,2,4,0,0,4,6,6,2
2020-03-19,4,26,5,3,2,5,35,0,0,2,1,1,0,22,2,2,6,6,2,0,7,5,4,4,4,2,2,5,9,26,1,10,8,0,4,2,10,18,2,4,15,10,0,2,6,6,0,3,25,10,11,0,7,0,23,13,13,0,9,5,14,0,6,2,0,22,14,6,6,16,16,3,6,4,4,3,11,0,6,5,6,3,0,2,0,3,3,10,2,4,9,5,13,1,2,4,1,12,1,4,1,2,0,7,18,4,26,2,5,5,1,1,1,3,0,15,1,13,7,1,1,1,3,22,3,0,4,2,1,0,10,4,1,8,9,17,2,8,1,9,9,0,5,6,1,2,7,9,2
2020-03-20,9,21,1,3,0,9,52,2,1,2,0,1,2,21,3,4,18,7,1,0,9,6,2,1,3,6,3,1,25,12,0,3,11,3,4,3,11,16,0,4,20,17,1,7,14,14,1,8,30,11,14,1,4,5,22,11,7,1,3,5,16,0,6,4,1,30,8,7,2,6,22,5,10,9,4,2,9,2,2,8,14,3,1,1,2,3,8,10,1,7,9,3,5,5,2,3,1,5,0,9,3,3,0,9,6,2,25,5,5,4,3,0,2,3,0,23,4,15,2,2,1,4,3,26,10,1,2,1,0,5,11,7,2,9,13,23,1,12,2,8,15,1,4,5,2,2,15,14,1
2020-03-21,10,18,4,1,1,4,30,0,1,1,3,5,3,18,3,8,16,11,2,2,9,15,3,3,1,3,3,9,25,23,0,8,20,1,0,3,6,12,0,4,8,19,2,9,18,5,0,12,23,11,18,0,6,0,20,9,14,1,8,5,7,3,1,3,3,18,9,6,5,9,8,4,14,3,3,10,7,1,4,9,6,6,1,0,1,0,11,7,0,6,10,10,6,3,2,1,3,10,1,2,6,4,0,8,7,2,37,2,2,4,3,3,2,6,1,13,2,18,6,0,2,9,5,24,5,0,8,2,3,1,8,4,2,12,12,16,1,9,7,10,13,4,4,2,3,0,11,13,1
2020-03-22,7,26,7,2,5,10,26,1,0,3,1,2,3,26,3,5,24,12,7,0,5,11,6,5,3,3,3,6,24,16,0,14,22,4,8,6,9,18,2,4,18,31,0,8,6,14,0,14,35,11,15,0,13,3,13,10,8,4,8,6,21,0,1,3,2,33,16,11,7,25,19,2,13,5,4,3,8,2,2,5,14,6,1,0,0,2,2,13,3,9,7,5,8,4,0,8,2,12,3,9,1,9,0,7,13,4,44,4,6,3,2,3,0,4,4,28,2,14,6,0,2,7,2,36,9,3,4,0,5,1,4,9,5,10,3,16,2,7,1,9,12,2,6,7,5,3,5,9,0
2020-03-23,11,31,13,4,11,17,65,3,1,2,1,2,6,46,4,9,35,8,3,2,14,15,10,2,5,6,10,11,36,27,1,17,32,5,3,4,17,29,5,4,22,50,5,7,13,20,0,13,49,15,19,0,10,6,58,17,17,2,24,9,47,0,11,4,1,28,35,17,11,18,28,8,18,7,12,11,15,1,23,17,24,12,2,1,0,4,13,17,7,5,8,6,22,3,3,9,4,19,2,16,10,10,1,11,22,7,61,4,10,9,4,8,2,6,6,43,4,26,6,3,4,16,6,50,25,3,3,5,9,2,11,5,7,19,21,27,5,29,8,14,22,3,6,7,7,1,9,14,1
2020-03-24,12,39,16,3,8,13,67,4,1,5,5,1,9,28,7,4,30,9,8,1,17,21,9,7,4,3,6,19,27,45,2,21,21,6,9,2,13,34,2,9,24,37,7,14,17,20,5,14,34,19,26,0,16,3,45,18,15,0,19,7,37,1,16,6,4,26,41,18,20,21,15,13,25,15,9,16,23,2,14,20,12,14,4,1,1,4,9,16,8,6,17,12,23,2,7,6,2,11,2,14,7,12,1,16,17,7,59,10,7,15,4,5,5,2,6,31,11,21,10,2,5,10,18,42,17,4,5,3,2,2,18,10,7,16,11,28,3,20,3,20,16,6,8,2,10,1,24,17,2
2020-03-25,11,46,10,4,6,19,61,1,1,5,5,3,7,46,6,12,26,23,3,4,17,23,6,12,5,4,13,16,43,47,3,11,20,15,11,3,17,36,6,11,21,68,1,24,19,16,3,19,43,12,29,2,13,0,56,17,17,1,11,14,54,3,13,10,10,36,38,11,5,13,24,11,24,11,14,10,23,7,10,19,33,12,5,3,7,4,12,30,8,9,17,13,15,1,3,14,8,15,3,15,8,9,0,6,17,18,48,4,6,16,5,13,4,6,2,29,11,38,9,2,5,5,10,54,12,3,4,3,4,1,27,10,11,16,24,45,1,14,7,23,25,6,5,9,6,2,11,22,1
2020-03-26,7,55,21,5,9,11,92,2,4,6,9,3,10,44,9,14,29,10,14,6,12,29,8,11,5,11,14,19,44,50,3,8,20,15,9,10,24,29,3,14,16,62,10,15,10,24,2,24,56,10,29,1,11,1,49,20,15,1,8,24,55,3,13,11,7,43,63,21,13,16,26,23,34,9,22,11,14,7,7,19,38,26,3,3,3,6,12,21,12,16,36,14,26,4,9,5,7,15,6,12,15,16,1,18,14,12,47,14,12,17,7,3,2,15,8,32,12,38,15,6,5,18,11,55,13,5,8,6,10,5,34,15,13,19,34,32,3,28,4,20,21,15,7,5,11,5,13,23,1
2020-03-27,12,54,15,4,15,19,70,4,2,7,9,2,20,49,12,14,30,17,9,6,18,19,12,14,17,15,14,13,42,54,2,8,28,12,4,6,14,37,3,13,16,70,4,19,18,17,7,8,58,19,40,2,10,2,52,26,27,1,15,21,58,2,11,10,7,35,44,21,8,16,34,17,27,12,14,9,24,7,10,20,38,20,3,2,6,11,18,20,7,9,31,11,28,6,3,3,3,21,10,19,11,10,0,13,19,16,28,10,11,17,8,6,7,13,7,48,14,36,8,9,3,20,9,56,21,3,8,8,12,6,22,8,7,21,27,30,10,18,5,19,13,13,18,4,15,10,26,22,5
2020-03-28,11,34,14,2,5,10,80,4,5,11,7,5,14,32,8,10,32,21,10,5,9,11,10,8,11,10,19,18,22,29,3,21,37,13,19,8,16,20,3,8,20,57,13,23,16,12,9,12,80,16,27,3,6,4,45,11,8,2,7,9,49,0,6,9,10,37,42,26,11,15,21,22,27,10,31,9,14,10,10,12,35,23,1,2,2,17,13,19,10,4,30,13,22,5,3,5,10,15,11,11,13,16,0,18,18,12,65,13,5,29,5,8,1,10,6,32,10,22,10,10,4,6,4,57,17,1,7,6,7,3,12,13,13,32,21,20,8,27,6,17,20,8,7,8,13,7,19,35,7
2020-03-29,11,30,13,6,3,14,108,8,4,3,6,4,20,53,9,12,22,12,7,9,12,6,5,13,23,11,13,17,26,49,1,20,27,10,16,7,24,25,10,12,9,54,8,17,11,15,2,7,49,16,23,1,10,4,63,18,15,0,11,9,59,3,13,15,12,27,36,21,1,4,26,15,36,10,23,9,13,14,10,30,21,21,3,6,4,7,14,23,6,7,31,10,21,3,5,2,11,20,7,15,8,27,1,14,30,12,61,13,6,13,4,9,5,9,11,34,20,43,12,4,17,20,11,49,11,6,13,10,7,1,20,8,11,21,24,23,10,26,3,16,17,14,3,2,22,13,12,28,0
2020-03-30,11,42,15,5,7,15,122,8,6,17,13,3,23,58,6,17,39,29,16,12,25,18,11,13,16,11,20,23,56,34,9,22,39,9,19,12,28,30,12,14,25,76,30,33,16,20,12,12,85,20,28,5,17,5,86,19,24,3,18,23,63,3,19,19,21,54,97,27,5,14,28,28,43,16,24,10,23,17,14,19,39,27,4,3,8,3,31,53,7,11,35,18,39,6,7,4,10,24,7,12,11,27,0,21,35,19,75,9,10,14,9,15,14,17,13,54,23,41,23,16,14,23,29,100,23,6,10,6,10,5,15,19,11,27,24,29,18,40,11,32,35,19,13,11,18,15,21,46,4
2020-03-31,19,48,33,0,13,21,131,8,12,22,6,9,20,46,6,18,46,23,7,5,20,18,19,18,18,20,26,29,47,68,2,24,51,15,14,5,22,40,15,27,26,87,19,30,31,32,9,18,79,18,26,3,27,9,77,33,22,1,19,19,95,2,12,19,14,42,87,24,27,44,38,26,41,26,33,17,28,15,17,33,45,25,2,7,4,19,19,48,17,15,40,13,51,4,2,1,5,28,8,16,18,29,2,29,35,32,110,9,6,17,8,11,13,19,15,35,18,41,18,8,3,26,47,64,19,4,18,6,10,7,25,13,16,29,39,41,19,20,4,32,12,24,10,7,16,7,23,39,5
2020-04-01,22,37,26,5,12,30,107,8,5,25,15,10,21,56,19,17,49,19,16,6,13,19,15,31,29,21,52,27,56,74,4,30,51,25,17,15,18,26,9,21,27,107,33,34,33,34,8,27,71,23,23,3,30,6,85,22,32,7,17,16,112,5,9,24,18,49,91,31,33,45,37,33,48,17,29,33,27,23,14,41,40,22,5,8,8,35,32,54,40,16,34,22,42,6,8,6,14,22,11,15,16,22,0,17,30,28,63,13,11,15,8,6,9,14,17,59,29,54,33,13,17,29,43,92,37,8,15,4,10,3,24,29,17,36,25,39,17,30,14,25,18,13,10,9,18,14,19,34,12
2020-04-02,26,65,14,4,12,27,102,12,18,17,12,3,19,59,13,15,39,32,8,11,22,26,22,28,26,17,36,20,82,67,5,19,26,23,11,10,30,43,7,17,29,104,23,31,27,38,14,22,87,28,31,2,32,4,103,17,33,1,21,21,84,8,16,22,22,42,94,30,24,19,55,14,55,23,34,25,33,13,12,31,34,27,1,4,7,14,19,51,25,20,40,23,70,5,12,5,10,30,7,7,9,15,0,21,37,32,52,8,3,25,19,9,13,17,14,48,26,58,28,13,9,21,37,73,29,12,18,7,19,2,29,27,17,48,27,39,24,51,5,21,17,24,10,4,52,4,17,31,11
2020-04-03,18,37,9,4,20,31,81,9,8,35,11,10,24,54,11,20,31,24,18,12,17,19,14,14,36,18,37,23,49,44,6,22,35,19,16,15,16,30,12,13,26,93,19,30,26,28,18,20,89,27,23,6,37,5,80,44,25,1,15,15,95,10,20,21,22,40,112,37,26,26,51,37,60,18,30,16,23,26,12,32,60,43,10,13,8,13,32,56,23,16,40,20,70,10,14,10,9,21,17,15,16,18,1,12,31,45,43,19,10,20,16,10,18,10,19,53,30,47,31,16,11,30,48,65,21,7,13,7,8,0,36,26,28,27,31,28,16,39,10,52,28,24,15,4,44,10,11,36,8
2020-04-04,17,38,12,1,5,28,87,10,14,23,8,7,21,49,13,10,37,21,11,8,19,23,12,19,31,15,31,18,48,52,11,18,33,33,7,7,28,26,14,21,20,87,31,44,15,26,12,16,74,17,26,6,21,4,55,17,17,3,17,7,68,8,11,14,15,32,90,17,15,20,29,19,47,14,40,24,15,21,10,23,46,29,3,4,6,24,27,42,25,15,27,13,39,4,10,6,14,27,13,8,17,11,0,16,19,33,42,8,14,24,6,9,12,11,15,38,29,44,26,11,6,19,46,68,7,12,15,7,10,4,21,16,11,26,23,28,16,37,13,34,16,14,9,9,42,9,21,17,4
2020-04-05,19,40,2,5,6,20,72,8,3,15,12,4,28,37,11,14,28,13,17,3,26,16,16,28,32,11,26,10,36,79,2,2,8,19,0,6,21,14,10,12,14,53,20,31,26,22,15,10,74,9,26,3,23,4,62,16,19,2,5,6,73,4,9,12,14,18,94,36,20,31,32,21,46,27,36,19,17,21,21,24,26,36,2,0,4,18,22,34,23,11,20,13,49,6,1,10,8,23,8,7,11,9,1,19,25,27,66,7,5,11,9,10,15,12,9,26,19,35,26,12,15,30,49,66,10,10,14,10,10,3,19,19,21,18,27,18,23,24,6,27,17,22,18,4,43,8,10,28,4
2020-04-06,12,38,13,11,13,24,63,10,6,32,20,4,36,37,10,13,41,26,24,10,19,17,20,33,31,19,86,26,42,97,21,2,25,14,1,12,25,30,20,19,34,102,42,36,37,25,23,16,102,14,25,9,29,11,91,23,18,4,8,11,143,15,13,29,31,42,113,49,26,31,46,37,51,28,73,30,37,17,19,39,44,47,6,7,6,32,29,43,28,21,30,34,50,8,5,10,5,26,9,11,17,8,0,33,28,36,64,10,9,13,16,10,23,9,19,39,27,45,45,9,5,30,60,87,24,9,28,3,8,2,26,22,24,33,26,35,34,37,6,50,11,23,13,3,47,7,23,38,10
2020-04-07,22,45,22,7,16,48,77,14,10,24,18,11,33,28,16,22,38,37,28,7,26,20,18,28,30,14,63,22,46,71,11,19,40,25,7,9,16,44,20,28,32,100,44,54,20,29,12,22,114,30,29,11,37,3,79,27,24,2,14,19,122,12,18,26,15,40,107,64,25,24,30,29,66,30,59,37,17,25,19,40,44,51,3,5,3,26,32,28,31,23,38,42,72,9,8,8,13,54,12,14,28,21,1,16,31,39,50,9,18,18,10,9,19,15,18,51,31,58,28,20,11,27,49,118,29,17,10,11,15,6,19,19,23,32,22,26,31,38,11,56,15,33,10,10,49,10,15,46,13
2020-04-08,22,49,16,8,20,16,77,12,13,45,15,10,36,43,20,28,46,32,24,10,31,22,16,33,28,16,54,10,59,87,20,11,41,12,15,17,14,36,20,18,31,95,44,58,26,19,14,19,85,15,25,6,34,5,86,18,23,5,12,20,105,9,21,21,19,31,100,44,20,18,29,15,75,35,53,23,16,5,12,30,38,57,4,10,5,18,29,33,35,16,33,31,63,7,4,12,13,34,0,9,36,21,1,32,31,33,49,18,9,14,16,28,19,13,5,43,14,50,30,9,18,38,51,86,29,15,27,6,19,3,26,31,25,14,23,26,38,31,5,42,14,27,11,4,49,12,32,41,10
2020-04-09,15,34,19,11,22,18,49,17,11,42,17,3,30,29,6,17,33,22,23,6,32,17,17,39,27,18,58,25,43,69,14,12,37,22,25,17,11,29,9,27,30,64,36,41,21,18,15,10,73,20,31,9,26,5,77,32,24,2,12,18,120,13,19,15,29,33,104,45,31,34,33,22,66,16,63,20,22,18,13,41,40,53,4,17,11,16,26,33,36,12,52,37,60,2,9,10,15,33,9,9,23,20,0,24,21,33,53,14,8,19,13,13,12,22,6,41,21,57,35,18,11,27,47,67,23,19,14,2,7,21,19,19,13,33,24,24,22,40,2,39,19,31,17,11,40,5,19,39,9
2020-04-10,11,21,25,16,17,20,60,12,17,29,22,4,21,39,13,18,24,26,20,12,27,10,18,29,25,12,56,15,25,34,4,12,26,28,6,12,27,45,22,17,24,58,33,63,19,16,12,17,83,11,27,4,26,6,77,20,16,5,4,11,126,18,10,14,12,17,73,47,20,27,13,29,34,22,37,25,14,17,17,29,24,48,4,3,4,8,27,27,24,13,18,48,70,4,13,9,14,11,9,10,18,22,1,29,27,14,57,5,14,24,16,6,18,9,10,35,12,60,32,6,24,33,37,87,14,14,10,7,7,5,18,23,15,18,24,29,28,29,13,27,9,24,5,2,30,16,25,35,6
2020-04-11,9,20,25,10,10,16,33,10,15,30,7,10,19,22,8,26,25,19,26,3,19,9,14,29,16,13,52,15,24,25,9,13,23,16,15,3,19,26,6,12,21,62,26,32,16,15,11,4,52,10,15,4,18,6,56,17,9,2,4,4,60,14,4,17,16,47,93,41,17,23,15,28,39,15,44,19,18,15,14,20,30,52,5,16,7,16,24,34,39,12,24,34,31,4,1,13,9,14,16,6,16,11,0,25,11,27,54,8,12,13,18,6,12,7,4,29,10,40,27,11,12,27,47,66,20,17,8,2,8,1,13,16,8,9,16,14,17,34,9,28,11,42,16,9,35,3,9,42,3
2020-04-12,18,18,21,2,10,11,46,12,11,25,22,7,28,27,12,15,13,8,16,8,18,8,18,19,27,20,29,22,32,34,15,11,39,31,10,5,9,28,16,13,22,48,20,38,15,11,4,7,77,12,15,6,24,9,52,12,13,2,7,3,121,10,23,7,8,17,64,40,24,21,19,33,35,23,37,13,13,14,7,17,16,41,2,8,1,7,27,21,37,18,45,22,39,9,7,7,26,28,8,11,16,28,2,21,15,21,37,16,9,7,11,4,9,10,8,12,15,36,14,10,10,27,29,78,9,10,18,3,5,2,15,12,22,13,22,11,7,22,7,32,9,23,11,7,27,11,9,22,5
2020-04-13,18,23,33,6,16,12,37,11,15,35,14,16,19,25,11,16,33,21,21,6,14,13,9,32,15,21,45,18,26,52,5,6,33,25,13,4,15,34,17,17,14,82,20,40,12,9,8,9,80,17,23,4,17,7,57,17,9,1,7,7,120,15,13,22,17,17,83,28,10,21,29,25,37,15,40,12,21,19,15,20,20,54,4,7,5,15,27,18,31,16,42,16,53,8,12,4,27,21,14,8,20,35,1,18,22,32,70,16,14,10,14,2,16,11,10,25,9,39,38,9,15,19,34,105,57,15,20,3,8,3,17,11,17,19,20,17,18,28,12,38,10,25,17,2,35,18,26,25,13
2020-04-14,14,21,28,9,20,25,71,16,8,31,18,10,22,34,17,17,22,21,11,8,20,9,16,28,22,10,39,12,51,52,7,8,34,25,6,8,7,26,27,13,38,53,25,27,31,8,10,9,66,10,17,8,16,5,62,17,22,0,7,7,72,28,19,25,8,11,90,38,14,24,16,34,31,24,50,15,13,20,16,31,17,57,6,16,5,13,16,34,37,12,50,19,52,4,16,11,37,15,5,9,25,20,0,28,17,30,50,15,17,20,17,8,27,18,7,22,10,51,20,15,14,21,30,103,31,17,15,5,5,3,8,24,19,20,23,23,29,20,12,42,14,30,5,10,46,21,16,48,7
2020-04-15,12,24,13,8,13,19,78,10,13,41,9,5,50,30,18,22,26,28,31,18,14,21,16,30,22,8,50,22,43,36,12,10,40,25,22,8,25,44,26,21,15,72,28,42,16,12,14,30,100,14,17,9,21,3,67,22,17,4,10,6,178,31,17,24,25,24,89,79,15,34,25,28,44,8,39,16,14,16,12,26,18,55,0,16,9,16,44,29,25,16,46,28,38,5,11,12,24,12,8,9,25,35,0,26,29,40,77,9,17,20,18,19,26,8,6,27,29,59,32,11,16,36,57,142,34,12,17,7,4,3,15,15,31,23,30,21,21,35,9,53,15,30,17,12,40,13,17,44,7
2020-04-16,12,20,12,5,20,23,116,11,16,37,26,5,36,40,13,28,29,29,25,11,30,11,9,42,29,30,62,24,33,37,9,12,40,30,23,4,44,24,21,19,22,75,26,58,13,6,14,25,78,5,23,10,22,5,69,19,17,8,7,9,170,10,19,26,26,21,101,95,10,52,17,40,55,5,35,17,14,13,16,32,16,48,1,12,3,21,32,28,46,24,60,31,50,12,10,6,29,17,6,11,17,14,1,35,37,28,50,15,8,13,31,6,30,16,3,22,37,72,37,10,10,55,30,83,24,16,21,7,11,1,12,24,22,32,13,20,38,52,17,61,10,53,14,14,30,17,27,57,10
2020-04-17,10,21,19,6,17,19,97,5,20,26,13,8,38,36,15,14,27,32,31,14,33,11,24,31,31,19,56,20,34,31,8,16,44,38,23,9,26,22,13,25,36,67,30,28,12,9,10,17,96,7,27,4,10,7,88,33,18,1,12,8,184,15,22,19,26,12,83,64,12,41,29,27,36,25,15,25,21,21,13,29,16,56,9,19,18,24,26,24,39,31,61,21,48,12,16,9,20,20,7,7,16,22,0,24,21,26,40,21,12,11,34,7,26,20,1,16,23,49,21,7,16,37,42,103,23,11,12,10,5,18,3,11,16,34,11,21,13,31,10,47,9,38,9,10,29,28,27,77,14
2020-04-18,7,15,16,5,13,10,109,18,27,34,13,7,36,29,15,14,15,22,37,6,14,15,14,37,24,16,76,15,33,24,10,10,34,19,29,8,48,20,13,24,17,78,36,36,10,6,16,4,78,4,15,26,11,11,55,20,14,4,4,6,102,24,20,25,12,17,117,53,18,36,6,17,45,35,55,17,9,28,5,36,9,41,2,12,6,21,26,31,52,9,40,31,45,2,7,5,6,7,11,6,26,28,0,36,40,40,68,8,8,21,14,9,17,15,1,17,35,70,36,13,14,70,54,93,19,6,28,18,6,4,6,24,21,24,15,13,43,75,14,54,3,69,11,3,45,4,26,68,6
2020-04-19,15,21,29,10,5,22,64,9,29,36,8,3,35,21,11,15,13,26,15,5,22,6,7,27,24,9,50,8,14,20,8,9,41,11,21,14,11,17,23,17,13,78,33,38,7,10,10,6,63,17,27,12,15,13,83,24,23,1,1,1,86,18,10,37,17,11,87,87,27,40,11,34,29,4,35,12,13,12,7,28,8,57,1,7,4,17,42,34,35,24,36,31,35,5,19,3,8,8,12,11,17,26,1,21,23,23,55,17,11,9,8,11,15,6,7,5,18,53,28,12,14,44,42,77,13,16,13,6,4,24,6,12,22,14,19,4,22,33,6,28,4,42,14,5,42,9,14,61,9
2020-04-20,7,14,23,3,8,14,59,9,22,28,9,6,34,16,9,21,19,15,24,5,27,8,13,35,22,9,63,30,26,44,14,9,29,19,19,9,16,22,32,13,31,107,26,21,11,14,10,10,84,5,17,11,14,16,58,25,14,0,12,7,119,26,10,12,24,15,92,63,28,31,14,27,44,9,43,19,13,17,7,28,9,43,4,18,5,11,47,15,31,19,29,23,37,11,9,1,17,17,10,6,30,23,0,19,30,19,64,11,8,26,22,17,26,16,8,11,26,55,29,17,17,73,61,77,11,17,14,10,6,10,12,23,16,36,15,10,27,35,16,31,4,47,10,6,22,8,26,34,15
2020-04-21,14,27,14,5,23,15,87,13,24,29,17,6,35,20,11,20,11,28,11,13,34,6,30,29,43,14,60,34,25,44,12,4,54,20,14,5,19,21,22,29,24,117,37,37,10,5,14,19,102,11,29,11,10,13,67,14,22,6,4,6,136,13,16,18,14,13,101,78,19,46,30,19,42,13,39,18,13,20,16,20,12,47,2,15,11,14,33,14,35,31,32,21,31,18,16,14,22,15,19,10,19,20,0,27,27,26,45,30,5,14,22,19,19,20,5,18,41,78,19,15,21,44,26,107,17,12,14,9,9,6,10,25,17,41,7,9,32,36,12,53,3,34,22,0,31,17,25,57,11
2020-04-22,9,11,34,9,15,18,107,14,19,51,7,9,52,17,17,38,13,29,20,16,39,9,25,37,28,11,81,24,27,38,11,28,63,31,41,10,20,15,23,30,26,125,27,31,14,8,9,23,132,7,20,12,12,27,85,15,9,4,3,17,133,29,10,28,23,16,158,109,29,47,7,30,52,19,56,9,9,28,29,35,16,78,7,18,24,25,43,21,41,45,66,28,44,17,40,27,16,17,18,3,25,34,5,28,22,37,68,22,8,23,19,23,28,23,10,5,40,98,49,19,20,98,36,91,18,15,17,20,11,11,7,27,38,33,9,6,37,48,7,51,2,72,17,5,46,29,48,66,24
2020-04-23,11,19,22,6,34,14,91,24,23,37,9,10,48,16,12,25,38,34,25,8,39,11,26,56,29,17,79,31,33,39,18,16,64,28,38,20,28,17,30,18,26,116,50,44,12,8,14,51,145,13,18,23,14,20,73,20,15,10,8,6,102,17,18,26,24,23,130,80,22,25,15,26,34,18,50,16,10,13,21,24,17,65,9,23,22,14,56,18,30,28,72,23,64,19,22,13,11,14,11,4,18,27,1,27,31,32,29,21,10,36,15,18,21,24,4,13,55,89,39,14,25,76,33,100,16,16,14,14,5,7,10,14,15,27,14,11,36,32,9,74,7,77,32,6,39,5,25,81,22
2020-04-24,3,17,16,8,14,19,73,12,21,32,9,5,62,16,7,39,23,35,27,9,25,4,16,36,24,17,71,19,25,46,12,19,61,19,53,6,28,22,42,30,26,137,29,41,14,5,14,10,112,9,15,13,11,31,61,13,17,25,4,0,128,38,7,37,18,12,130,99,37,31,11,35,38,17,53,16,14,13,15,32,12,54,4,22,17,20,63,34,46,33,47,15,62,7,5,12,13,5,18,5,18,38,1,24,38,22,59,20,12,7,20,24,32,11,6,12,39,70,26,15,24,81,31,95,11,9,19,4,5,1,3,17,28,50,15,12,25,48,3,61,7,68,35,6,26,8,38,32,22
2020-04-25,7,11,25,3,5,15,65,7,14,16,5,2,48,14,11,12,22,22,10,7,24,7,25,39,24,17,65,17,14,39,10,15,88,13,26,9,30,16,38,34,27,127,11,35,10,1,6,3,105,9,19,14,11,4,52,11,21,10,1,5,100,28,5,21,17,8,80,45,21,31,13,25,43,21,35,9,11,14,8,14,14,43,2,7,12,8,31,22,20,8,34,12,34,8,13,6,12,10,7,4,11,25,1,18,17,28,73,24,11,11,14,20,16,8,10,3,24,50,22,9,20,58,27,73,9,10,11,11,4,21,12,11,19,29,9,7,18,46,9,49,4,43,16,5,20,10,24,38,19
2020-04-26,10,17,19,7,7,6,50,9,11,16,38,7,38,13,12,23,12,21,9,4,30,2,13,26,17,25,47,13,22,39,6,28,76,20,28,21,13,18,39,29,17,101,7,17,11,7,3,5,81,7,14,14,8,16,53,14,15,17,7,3,80,28,5,10,10,9,66,47,7,15,7,48,19,6,26,10,5,5,15,15,7,40,1,24,8,8,66,34,16,10,25,15,50,33,15,16,16,14,5,1,9,20,0,21,16,14,49,16,8,14,20,8,11,21,10,10,8,38,18,10,16,48,15,48,13,15,16,6,17,6,7,10,20,26,12,7,15,31,6,41,5,34,31,12,17,11,22,38,27
2020-04-27,8,20,29,4,34,14,56,19,22,15,34,9,40,20,5,30,25,32,21,7,35,2,33,38,37,19,57,12,35,58,25,8,66,38,25,31,10,19,44,25,13,143,25,41,10,4,8,4,101,9,23,9,13,33,66,18,8,6,7,5,100,33,10,25,17,10,90,71,36,37,16,32,38,36,23,7,8,25,25,16,16,67,6,11,17,16,51,59,32,28,53,12,47,32,16,9,21,26,14,9,19,43,0,16,36,12,66,18,10,13,23,23,27,17,3,17,22,63,27,10,22,56,28,60,13,9,17,9,6,3,5,15,36,30,13,7,22,52,11,58,10,56,33,6,19,6,29,34,23
2020-04-28,6,25,32,3,13,15,44,16,28,41,21,5,56,19,18,34,11,41,26,15,61,6,9,29,47,13,85,14,32,43,20,12,42,12,22,20,19,16,43,51,13,115,32,38,11,3,8,4,110,4,14,18,7,11,74,13,11,9,4,3,138,36,3,16,23,9,112,71,32,42,14,49,37,15,34,17,11,26,12,33,7,78,4,20,21,12,50,37,24,15,43,18,45,38,15,11,18,11,16,7,16,27,0,21,35,29,43,28,6,6,26,15,24,19,1,7,29,58,21,31,27,53,39,70,5,25,8,7,7,3,3,14,31,39,3,8,31,43,4,71,6,53,30,6,24,7,16,30,20
2020-04-29,7,17,36,8,26,17,74,20,17,43,29,5,86,18,19,31,35,18,20,4,54,3,14,42,33,25,99,22,18,84,14,23,64,40,54,17,30,23,50,28,15,105,47,33,22,10,19,9,100,10,32,20,9,8,93,9,19,34,2,2,165,68,19,32,26,10,89,82,37,59,9,59,47,13,50,17,8,11,38,21,12,69,1,18,31,12,86,45,30,12,76,28,38,30,30,11,16,12,17,15,18,41,3,25,28,31,70,24,8,11,35,33,25,20,7,16,17,55,34,15,22,53,49,65,14,11,25,10,10,0,11,26,34,18,8,12,22,46,17,74,8,59,25,8,21,9,41,52,50
2020-04-30,5,19,29,10,22,16,78,19,19,29,20,4,44,19,7,22,24,31,16,18,57,8,12,61,31,26,72,31,25,64,35,12,33,22,52,7,25,20,54,51,11,91,28,26,10,6,21,5,110,3,16,11,11,9,55,13,30,6,6,5,122,55,16,29,22,8,143,52,42,56,15,33,39,7,34,24,11,26,22,41,12,67,1,23,27,27,60,43,48,20,54,18,60,40,7,9,9,25,15,10,12,32,1,19,16,25,62,18,12,24,31,16,27,19,8,15,22,68,47,14,46,57,39,66,12,7,20,9,8,2,6,22,43,29,10,13,37,56,7,76,20,36,21,4,16,11,18,24,25
2020-05-01,11,10,36,6,10,17,79,15,10,35,30,3,84,18,8,28,15,16,12,20,62,8,23,40,37,8,65,36,20,55,8,13,64,30,47,17,39,18,46,21,12,98,22,39,11,12,5,9,94,9,10,8,20,20,81,15,13,16,5,5,91,50,9,58,23,11,107,86,16,36,8,48,43,26,38,24,10,15,9,18,4,51,1,23,23,9,53,41,27,27,48,36,29,43,15,13,7,9,24,7,12,32,1,30,23,24,42,14,27,12,21,10,15,11,6,12,26,75,29,27,27,89,35,66,9,15,28,10,5,1,10,17,23,36,12,12,26,35,5,64,5,42,21,3,35,14,35,28,21
2020-05-02,6,9,26,8,10,17,40,4,8,17,11,4,34,9,4,13,15,18,7,5,46,1,23,31,25,11,58,18,19,16,9,15,28,18,29,14,28,21,20,16,10,63,9,25,3,7,10,1,50,3,7,8,10,16,35,13,11,17,1,2,90,20,12,20,10,3,70,49,10,32,7,39,29,7,23,15,7,9,8,21,9,48,0,18,16,6,39,32,14,12,29,22,43,18,4,8,8,10,9,3,5,29,1,12,9,17,49,23,8,7,24,8,5,13,11,3,7,62,11,17,26,37,18,62,16,19,10,5,4,3,3,14,22,8,4,3,7,31,5,32,4,30,34,5,25,8,8,37,25
2020-05-03,8,5,34,4,23,8,53,9,15,21,9,3,40,4,12,9,11,12,12,7,32,2,8,27,26,14,42,24,7,11,2,11,32,18,28,18,15,7,25,37,4,84,7,27,1,4,9,2,60,1,7,7,8,13,31,5,5,3,4,3,73,35,6,16,10,4,95,34,17,24,6,27,29,6,29,4,10,15,16,11,5,66,0,13,12,7,40,18,16,9,29,18,14,21,10,2,9,9,11,4,8,17,2,14,17,21,51,13,6,6,5,18,13,11,4,3,11,34,22,19,21,41,13,50,10,13,30,6,1,4,4,14,23,10,6,4,12,43,1,49,0,26,15,2,23,4,13,30,20
2020-05-04,4,12,35,3,18,9,27,15,9,17,17,5,41,8,6,22,14,18,11,6,48,0,21,28,23,8,57,8,14,18,16,11,44,4,14,9,11,13,20,30,9,72,34,30,6,4,3,5,87,3,20,9,16,9,63,13,14,11,4,1,81,29,8,14,8,5,74,48,36,27,5,37,19,19,22,17,4,13,14,15,8,56,1,7,14,7,44,36,14,17,26,28,56,17,7,6,11,14,11,4,14,24,1,10,9,11,26,23,4,18,30,6,10,21,13,6,5,38,25,15,20,64,32,45,4,6,9,7,1,2,1,15,12,5,11,4,19,26,10,57,2,14,9,5,30,5,20,14,29
2020-05-05,6,14,13,4,14,6,55,12,13,25,12,2,40,6,11,13,14,8,5,16,36,5,8,35,27,17,77,24,8,39,4,13,65,18,19,5,12,7,28,22,9,99,15,23,6,5,4,1,54,6,12,6,7,12,46,7,4,5,2,2,125,30,5,31,19,5,82,51,25,42,7,58,31,5,45,11,5,21,19,23,8,53,2,17,12,11,58,35,15,17,26,19,64,23,14,9,8,25,28,3,22,23,3,15,19,19,40,14,6,7,7,4,13,13,4,8,6,52,21,18,28,39,20,53,10,9,19,9,5,5,2,13,37,18,8,5,12,35,3,51,3,58,30,4,36,5,8,25,35
2020-05-06,4,10,31,3,13,14,40,20,26,29,9,3,55,8,8,22,37,21,18,4,45,4,14,49,34,12,65,17,10,31,6,15,69,26,47,4,12,12,22,27,5,79,25,23,3,5,5,2,56,6,13,15,8,14,65,12,10,8,2,3,96,13,6,17,22,5,66,52,55,42,6,59,21,9,47,23,14,10,8,20,18,73,1,12,28,15,51,50,33,9,32,22,41,12,20,14,10,16,10,3,21,20,3,15,17,14,43,14,5,8,13,9,15,16,8,9,15,58,25,15,38,64,14,39,4,7,14,19,6,1,2,11,26,7,10,5,21,36,1,48,3,38,24,5,20,16,10,24,19
2020-05-07,6,13,16,2,30,11,47,17,9,13,9,5,57,8,4,16,19,18,8,15,51,8,13,29,20,13,32,27,9,37,6,14,48,13,19,7,15,20,19,20,2,86,23,20,9,7,8,4,47,13,19,17,1,28,42,12,9,14,2,4,89,28,6,21,12,7,74,83,30,48,9,76,23,11,39,11,8,10,13,24,6,40,1,9,15,10,79,58,26,6,30,34,33,56,12,7,5,21,14,6,18,22,3,15,21,17,32,34,5,8,14,9,9,6,8,4,9,59,22,14,31,52,14,73,4,16,15,3,7,2,3,12,37,11,10,9,12,48,1,57,3,30,32,3,36,7,20,16,20
2020-05-08,6,7,14,2,13,8,56,10,10,14,8,3,59,19,7,18,24,20,9,4,25,3,9,25,41,10,37,26,13,16,2,17,54,17,35,11,13,15,14,21,7,48,9,24,10,3,7,3,45,6,10,6,3,33,37,1,9,7,6,2,86,18,4,28,7,2,94,48,34,38,7,40,26,6,27,9,3,8,10,10,4,48,1,5,23,27,37,49,15,8,28,22,44,16,2,5,5,7,7,3,18,14,0,10,11,20,32,20,5,17,19,11,17,10,3,4,7,44,15,11,30,23,10,35,7,8,16,3,2,1,1,15,21,14,5,2,10,31,1,36,3,35,24,2,29,3,9,33,22
2020-05-09,4,5,13,0,7,4,37,16,16,7,13,7,40,8,2,10,4,14,8,2,33,2,5,16,18,7,37,11,5,4,8,15,36,8,24,5,6,4,16,15,1,31,6,4,2,3,7,1,33,2,7,9,0,2,48,5,9,3,4,2,50,8,2,17,6,6,76,25,18,16,2,25,13,8,25,9,2,5,4,5,7,20,1,4,14,8,32,37,10,5,23,8,48,23,1,0,5,4,8,2,6,9,1,9,8,7,25,24,5,8,15,6,7,4,5,7,7,12,13,9,8,15,38,24,4,10,13,7,7,0,4,7,20,7,7,4,13,10,3,19,4,32,14,1,16,2,9,14,9
2020-05-10,7,8,25,4,9,8,36,7,8,18,10,3,38,3,4,25,11,12,9,10,35,2,10,14,20,5,40,17,3,10,6,20,32,17,19,4,9,2,10,26,2,48,8,5,6,0,2,1,40,4,0,15,4,1,15,2,4,2,0,0,55,21,8,27,7,3,58,46,28,20,3,30,17,10,30,10,4,6,2,10,9,29,4,4,11,8,31,45,15,2,21,8,63,17,5,3,7,7,10,0,6,9,1,4,15,22,22,24,7,5,13,7,12,8,6,6,9,27,15,11,20,26,9,38,5,11,16,7,3,0,2,4,17,9,2,6,10,22,1,22,3,29,17,4,23,3,13,12,13
2020-05-11,7,6,15,7,11,7,41,12,11,20,9,4,68,8,7,18,7,23,8,12,71,6,12,29,34,18,76,31,4,19,6,18,55,16,33,5,8,10,41,38,6,83,14,37,4,4,11,2,55,4,3,10,4,8,50,3,3,8,4,1,121,21,9,21,16,5,105,59,33,33,7,38,17,17,34,7,2,15,5,9,5,34,2,15,23,12,33,72,39,10,47,15,78,31,4,1,10,3,7,4,8,28,2,7,13,16,30,17,3,7,20,9,14,11,5,10,12,29,13,13,22,68,13,45,10,17,34,13,9,3,5,17,16,11,3,1,17,23,6,48,3,44,69,5,30,7,8,19,31
2020-05-12,3,11,9,2,15,11,38,23,10,17,17,1,65,7,5,8,20,21,12,14,29,3,17,26,32,8,57,18,10,9,18,16,44,6,16,2,19,11,25,11,8,56,5,21,7,3,7,3,65,1,7,16,2,11,51,10,10,6,2,2,100,25,9,30,6,3,130,35,39,44,5,72,40,19,35,14,9,10,5,19,4,62,0,15,14,5,46,47,24,11,45,17,48,19,13,0,7,6,6,1,15,23,2,8,14,14,32,24,5,3,24,13,30,16,8,9,19,50,17,16,35,35,14,58,3,10,21,11,4,3,2,20,28,13,2,10,19,39,4,38,2,27,36,1,24,6,7,27,12
2020-05-13,11,15,25,1,20,6,48,12,12,11,4,0,82,4,6,4,7,30,14,9,47,4,24,69,32,4,33,12,8,15,3,15,34,12,40,7,4,24,29,21,7,64,5,24,10,5,14,3,66,4,3,10,4,4,59,6,5,14,4,1,113,16,8,25,6,6,66,53,38,40,10,59,21,6,36,15,10,5,5,13,1,32,0,15,24,18,32,59,12,13,37,16,60,29,4,7,5,5,11,4,14,23,3,7,16,25,29,22,2,11,33,8,15,20,5,5,7,38,21,9,19,42,10,66,4,11,25,5,1,2,2,13,16,9,6,8,15,28,5,41,4,32,38,2,42,5,6,22,10
2020-05-14,2,5,35,1,14,11,36,13,9,14,4,1,63,7,4,11,7,14,15,6,30,1,15,24,33,4,55,10,9,14,4,9,41,8,31,2,18,19,28,15,4,41,2,8,2,1,8,1,29,5,9,18,5,8,20,9,5,7,1,0,84,19,12,23,6,9,72,39,29,30,3,23,14,20,24,8,3,2,6,10,5,15,1,7,7,10,31,53,10,7,33,17,36,21,4,1,5,1,6,1,26,7,0,2,17,9,26,14,5,4,21,6,2,10,7,4,10,51,9,11,27,32,8,36,5,5,49,13,2,1,1,11,19,10,2,3,10,20,1,21,5,18,11,3,19,9,11,19,21
2020-05-15,1,5,41,0,12,2,42,9,6,23,2,5,44,3,7,2,10,15,14,5,29,1,11,24,23,6,52,14,9,6,6,7,28,8,42,4,10,11,23,3,4,27,11,11,8,3,3,2,36,7,5,8,7,21,23,3,5,12,4,1,73,20,3,24,3,7,69,28,43,44,1,35,31,15,25,5,3,1,6,10,2,29,1,11,11,8,22,47,8,5,36,19,29,22,18,2,4,3,1,4,17,17,7,13,18,5,28,22,4,0,19,9,11,4,6,5,7,38,9,13,20,33,8,32,1,4,17,9,4,1,2,11,18,9,1,6,10,18,3,19,2,31,8,1,16,2,18,24,12
2020-05-16,2,2,11,3,10,1,32,9,9,22,6,5,37,1,2,7,5,31,11,4,19,1,7,16,24,5,58,9,9,14,3,12,40,5,23,0,8,1,23,2,7,32,3,6,3,1,18,0,33,5,0,5,4,7,19,5,3,1,2,0,32,12,1,26,5,1,90,38,60,56,3,28,7,11,38,4,2,6,3,10,2,23,1,10,11,0,14,38,8,4,18,13,15,15,6,2,4,7,7,1,15,10,1,6,13,5,24,11,1,4,17,11,5,4,6,2,15,28,11,11,16,22,10,29,1,8,14,3,11,0,0,15,19,4,2,1,11,13,5,13,0,17,6,3,22,2,10,17,7
2020-05-17,1,6,11,3,14,6,19,5,8,14,4,3,23,3,4,6,2,10,8,8,19,0,7,16,19,3,34,7,2,8,5,7,43,6,32,2,20,2,22,7,10,27,7,6,2,1,10,1,27,1,4,3,3,11,18,2,4,0,2,2,68,22,0,13,4,0,54,43,34,40,1,13,10,25,27,5,4,5,1,7,7,15,1,7,11,11,19,33,5,5,26,9,53,14,18,3,2,4,4,1,7,12,2,8,8,10,11,15,0,1,10,4,7,7,1,0,8,20,18,6,10,12,4,23,0,7,15,7,1,2,1,9,16,10,4,2,10,17,1,5,1,10,15,1,16,3,8,19,4
2020-05-18,2,9,12,0,17,8,27,13,10,18,3,1,43,5,2,9,7,20,17,6,28,2,16,26,30,5,43,9,5,13,7,11,57,7,17,10,14,4,24,7,6,57,6,7,5,5,10,3,52,0,5,13,2,6,44,1,2,10,1,2,107,26,2,21,7,2,57,39,34,53,2,29,10,25,36,10,9,12,0,6,4,28,0,10,18,4,12,46,8,8,33,13,46,18,4,5,9,4,11,1,21,21,0,7,20,9,9,23,7,8,14,21,11,10,8,2,10,33,12,17,13,42,9,33,5,5,20,5,0,0,2,25,15,7,2,3,11,25,8,29,1,16,16,1,19,5,2,15,6
2020-05-19,5,9,17,0,13,3,31,12,22,33,9,11,110,11,6,18,5,15,26,7,34,1,15,29,28,5,32,21,7,17,9,16,43,8,21,1,8,4,20,17,8,49,2,12,5,6,14,1,71,1,4,4,3,18,31,5,1,8,3,0,128,22,2,33,9,2,107,38,46,68,4,42,13,23,46,7,10,21,4,6,0,39,2,6,12,4,34,30,6,12,36,16,22,18,5,3,10,8,12,0,20,26,0,9,14,11,23,25,2,3,14,10,2,8,3,1,8,31,11,14,15,26,11,29,9,4,52,16,2,0,2,33,21,5,8,3,14,37,5,33,1,26,10,3,23,3,5,49,6
2020-05-20,4,10,16,6,17,6,29,14,23,18,3,4,67,10,5,13,4,35,43,6,40,4,5,29,29,9,45,12,12,12,7,14,53,11,14,4,4,11,15,14,3,52,8,6,1,2,11,5,41,2,5,5,7,18,32,3,2,5,1,1,110,20,7,20,7,6,97,41,41,51,2,33,16,18,32,6,8,8,5,10,0,25,0,5,27,12,18,36,6,12,33,25,36,21,6,2,5,8,4,1,12,15,1,15,15,14,32,30,0,4,21,4,12,6,4,0,5,50,16,8,20,22,6,39,6,11,28,20,8,1,3,8,19,12,1,4,7,20,8,14,5,23,15,2,15,7,4,14,8
2020-05-21,4,8,14,5,21,15,22,20,23,12,8,4,65,3,5,9,2,24,28,1,40,2,13,30,12,2,39,12,9,5,6,22,33,2,32,0,12,4,30,3,2,48,10,8,6,2,12,2,38,4,4,2,10,19,17,7,4,7,1,5,100,39,4,27,7,10,91,54,51,50,5,33,15,13,24,10,5,13,6,7,8,29,1,8,9,7,29,47,11,8,29,17,28,17,0,0,3,0,13,3,18,26,6,5,12,9,23,21,1,8,18,8,7,18,6,2,3,36,18,9,13,40,6,29,13,5,27,6,2,1,5,8,24,7,3,3,15,23,5,17,3,11,13,3,17,2,13,22,10
2020-05-22,1,3,16,2,15,8,27,43,12,10,1,4,25,5,5,9,5,15,20,5,27,1,8,17,19,4,30,7,3,28,5,9,40,8,34,3,3,12,16,24,2,45,4,6,1,0,1,4,46,1,2,5,2,5,22,2,5,4,2,0,51,20,4,29,5,2,59,29,23,30,2,22,9,9,26,8,0,10,4,7,2,14,1,5,11,5,19,48,5,8,59,17,28,20,3,2,3,5,6,0,17,19,1,1,13,5,19,25,1,5,22,1,7,5,3,0,6,27,16,6,19,21,5,16,5,2,22,9,5,2,2,15,24,7,2,1,5,18,6,17,1,8,8,5,15,2,11,19,6
2020-05-23,2,1,16,1,9,2,22,9,15,10,2,0,38,3,3,1,1,8,3,10,14,0,11,13,20,1,33,7,8,7,1,6,19,2,25,3,5,2,8,1,1,23,1,2,3,1,2,0,29,2,1,1,0,4,24,1,1,4,1,1,23,26,0,17,1,5,48,11,31,21,1,23,14,19,17,2,3,2,1,4,7,8,1,3,8,6,23,48,0,5,11,5,15,23,0,1,3,2,2,0,11,26,0,5,6,18,18,11,0,2,7,1,3,4,6,3,7,34,9,14,10,11,8,17,2,7,18,8,2,1,4,6,9,6,1,4,6,13,1,6,2,38,5,1,6,1,10,10,4
2020-05-24,0,2,12,0,7,1,23,6,9,8,4,1,19,4,5,11,3,6,10,3,9,2,8,15,16,2,21,10,3,6,7,6,35,2,19,0,5,3,10,13,3,20,3,5,0,1,2,0,22,3,0,1,1,7,9,4,0,1,0,1,52,32,1,15,4,2,50,10,21,12,2,10,20,10,16,4,2,4,4,4,1,12,2,6,20,0,11,37,8,9,15,7,13,7,3,0,2,0,7,3,6,22,0,10,15,9,26,8,2,1,6,2,4,2,5,1,3,19,8,10,16,15,8,10,2,1,12,4,0,0,1,6,14,2,1,3,5,7,4,5,1,13,3,2,21,2,7,10,3
2020-05-25,3,1,30,1,4,0,16,3,12,9,1,5,30,1,5,3,3,9,7,4,9,1,13,14,8,5,17,6,6,2,4,13,33,3,22,1,7,5,47,16,2,26,2,5,2,1,3,1,28,1,0,0,2,9,19,3,2,1,2,0,70,21,3,5,1,1,69,15,26,27,4,29,14,12,24,2,0,3,0,2,2,13,0,8,14,5,16,37,10,11,15,16,12,12,4,1,3,2,5,5,9,16,1,5,6,5,18,12,1,3,14,1,2,1,24,2,5,18,8,8,12,10,2,19,0,1,13,5,5,1,1,9,14,8,2,0,9,18,1,13,0,8,7,1,15,0,7,11,7
2020-05-26,4,4,12,0,14,5,32,9,9,14,0,0,35,1,13,5,0,7,11,6,7,0,17,24,25,5,19,3,5,4,1,10,28,5,25,4,6,4,13,11,3,34,5,6,5,1,7,1,18,0,2,7,3,2,20,1,2,5,1,1,64,17,2,19,4,3,70,13,25,18,2,17,17,16,23,0,4,7,2,26,1,13,1,4,26,4,15,30,4,6,26,6,20,9,2,3,1,1,11,3,9,15,0,3,15,2,40,9,2,3,12,2,4,7,1,1,4,32,6,10,18,15,2,12,1,5,14,2,4,0,3,11,12,6,1,0,6,14,4,8,1,12,9,4,19,1,5,4,5
2020-05-27,0,9,10,2,13,3,30,5,12,22,3,1,47,3,12,33,4,17,13,6,11,1,14,18,14,2,29,6,5,8,8,9,27,2,36,3,5,5,17,12,3,37,3,7,3,2,4,0,21,5,4,5,2,5,14,2,2,0,2,0,63,15,1,20,5,0,60,15,32,27,1,22,18,16,10,1,2,1,1,15,3,11,2,6,18,6,28,46,23,3,29,11,19,10,1,2,8,3,6,3,15,13,2,3,10,7,21,14,1,6,16,4,10,6,2,6,1,41,7,5,29,20,4,20,6,6,17,6,1,0,1,8,8,6,0,1,8,13,0,15,2,10,7,3,18,1,10,13,10
2020-05-28,4,4,16,1,9,6,26,11,10,16,8,2,38,2,6,26,6,14,8,2,13,0,22,21,25,3,11,4,1,9,3,5,32,12,29,5,3,7,14,9,1,31,0,2,1,1,5,0,22,1,4,1,1,4,20,3,3,15,0,1,52,19,1,21,3,1,49,18,34,22,2,20,13,11,33,3,3,0,3,7,5,15,2,5,14,1,35,38,10,10,30,9,13,15,8,4,4,1,6,0,20,24,0,14,11,11,29,15,5,1,20,1,1,2,6,3,6,20,4,6,16,17,3,23,4,0,8,5,4,0,2,15,18,6,2,2,11,23,5,14,2,9,15,4,15,2,8,13,4
2020-05-29,0,3,14,1,22,1,18,13,11,10,7,1,40,1,4,11,1,5,6,2,31,1,19,20,22,6,17,15,5,3,3,10,22,2,24,2,13,5,15,7,3,20,1,3,5,2,17,2,12,0,1,5,0,7,19,2,1,5,1,2,52,14,6,10,7,0,60,16,25,29,4,17,7,8,20,6,1,3,1,10,1,7,1,6,2,7,14,41,7,11,13,21,33,13,3,1,1,0,2,0,12,11,2,3,4,4,13,16,2,6,24,2,2,12,1,1,6,26,8,6,11,17,7,12,3,1,7,5,3,0,2,9,17,5,2,1,5,5,0,9,0,17,9,0,15,0,5,19,3
2020-05-30,0,1,9,2,4,5,18,7,8,9,2,3,42,7,11,4,0,8,11,2,15,0,3,13,9,0,9,10,0,8,2,13,23,4,8,7,2,3,8,3,0,16,2,2,0,1,0,0,8,1,4,2,0,5,9,0,1,0,1,1,50,13,1,9,1,0,32,6,21,15,0,4,11,7,24,3,0,4,2,6,5,5,1,1,6,0,20,30,12,9,24,23,6,8,2,1,3,0,1,0,10,13,0,7,4,1,17,10,0,0,6,2,3,5,5,0,4,23,7,3,14,8,3,11,2,5,12,5,3,0,3,11,12,3,1,1,1,10,0,14,1,6,9,0,2,3,6,6,3
2020-05-31,0,1,5,3,2,3,17,2,6,7,2,2,39,6,6,12,1,11,9,0,3,2,12,12,12,2,18,0,1,4,0,13,19,4,23,1,0,2,5,4,1,11,3,3,1,1,3,0,14,0,0,1,2,1,4,2,1,1,0,0,45,11,0,5,5,0,38,17,28,28,2,17,5,0,20,3,0,1,0,5,0,4,1,1,8,2,18,22,4,5,15,30,5,7,0,0,2,3,5,1,14,13,2,6,5,11,20,6,0,0,18,2,1,8,5,1,3,13,3,4,14,13,2,9,2,2,14,0,0,0,1,8,17,2,2,1,9,9,1,19,1,6,5,2,7,2,4,6,1
2020-06-01,2,1,11,1,12,2,14,4,5,12,0,6,43,0,9,5,2,7,9,4,11,0,7,14,20,4,17,3,1,4,3,5,27,1,29,0,5,4,8,4,0,17,2,4,1,3,4,1,15,1,1,5,1,3,16,3,1,1,1,1,63,7,1,9,1,2,53,15,45,32,3,16,6,13,20,5,4,2,3,4,2,26,0,3,8,3,6,31,9,9,50,13,20,11,4,0,9,3,13,1,22,21,2,6,5,2,15,26,2,2,13,2,3,2,3,1,7,13,2,6,16,19,3,8,1,3,16,2,3,0,2,13,16,8,0,3,6,11,2,28,0,7,7,1,14,0,12,5,4
2020-06-02,1,3,16,0,9,2,16,9,3,13,0,1,37,1,9,12,2,13,17,0,31,2,7,9,14,1,13,4,5,17,2,16,24,0,26,2,3,2,4,12,3,29,2,1,3,1,4,2,37,0,5,2,2,4,9,0,1,1,1,0,70,11,1,10,2,1,50,8,68,29,0,17,6,14,25,6,1,11,0,2,0,3,0,2,12,1,12,18,5,19,28,17,11,3,0,1,4,2,5,0,26,14,0,5,8,7,33,9,2,2,12,5,1,10,4,0,3,17,7,12,16,19,3,16,3,1,16,3,3,0,2,10,17,1,2,0,11,20,2,14,1,4,5,8,10,3,10,13,7
2020-06-03,4,3,16,1,14,4,17,13,13,29,1,0,45,2,11,4,3,4,6,4,16,2,9,16,10,2,9,2,2,8,2,17,27,3,36,2,3,5,7,5,1,26,0,3,3,5,1,3,12,1,2,8,3,4,8,4,4,1,1,0,65,7,2,8,1,1,36,18,28,14,1,18,8,11,18,1,0,6,0,5,3,7,2,3,10,9,7,45,2,1,20,8,10,5,0,0,3,5,4,2,8,17,1,10,4,9,21,37,3,1,29,6,1,2,7,2,1,17,10,4,10,16,1,3,3,3,14,2,4,0,3,5,13,4,0,2,7,11,2,13,3,12,6,0,13,2,11,2,2
2020-06-04,2,1,8,0,7,0,19,4,6,13,2,2,43,2,6,10,2,8,11,5,10,0,7,29,13,2,17,8,2,5,3,6,19,1,17,0,5,4,4,5,2,21,3,4,3,1,1,1,25,1,2,2,1,15,8,1,4,3,0,0,46,11,3,15,6,1,39,15,37,13,1,11,11,4,17,3,1,5,2,4,9,15,0,4,5,3,9,19,5,10,27,11,10,5,2,0,4,6,2,3,13,13,1,9,11,4,25,10,3,1,16,4,3,13,2,0,1,18,4,9,11,8,4,12,1,2,11,5,6,0,0,4,8,9,2,1,7,13,1,10,0,5,17,5,13,1,5,6,1
2020-06-05,0,1,19,0,11,1,20,13,6,6,2,1,41,6,6,8,1,3,9,3,5,0,7,10,5,4,11,3,3,2,2,10,14,0,11,1,7,4,6,3,0,21,1,1,3,1,3,0,21,0,1,4,1,4,16,0,7,1,3,0,61,6,0,11,1,1,29,14,28,26,2,21,5,10,22,3,0,2,3,9,3,4,3,2,8,2,10,20,0,11,24,18,15,19,1,2,0,2,1,1,19,9,0,7,6,3,11,18,0,2,6,2,0,2,3,1,2,12,6,7,13,6,3,7,1,4,12,1,7,0,1,4,6,0,1,0,13,9,0,7,2,5,14,2,4,2,0,7,3
2020-06-06,0,2,20,0,5,0,14,12,6,1,2,0,32,3,5,8,0,8,7,1,6,0,11,4,10,4,2,1,2,1,2,10,9,0,8,0,16,3,7,4,2,6,2,1,1,0,1,2,3,1,3,1,0,3,12,0,4,1,0,1,34,4,2,3,1,2,37,7,24,9,1,18,3,8,9,1,3,6,2,0,2,2,1,0,1,3,2,11,7,6,16,11,1,23,1,2,1,5,1,0,5,11,2,4,5,2,18,6,1,0,2,0,2,3,8,0,1,5,2,2,4,8,0,6,2,0,6,1,4,0,0,2,7,2,2,0,1,7,1,11,3,0,4,1,5,0,5,8,0
2020-06-07,0,2,17,1,8,3,9,4,8,4,2,1,30,2,3,4,1,3,4,6,7,3,1,11,7,2,5,3,1,4,1,6,10,0,13,0,1,1,6,0,0,4,0,0,1,0,0,1,3,1,2,2,2,1,4,0,5,1,1,3,20,1,2,6,0,1,31,15,47,21,2,11,4,3,8,2,0,2,0,0,2,4,1,0,2,1,4,21,4,6,7,2,12,5,1,1,0,0,0,0,10,16,0,1,7,3,22,4,1,0,3,0,0,2,3,1,0,19,6,0,4,5,2,5,4,2,6,3,2,0,2,4,11,2,2,0,5,8,0,5,0,5,1,0,3,2,3,0,1
2020-06-08,1,1,13,0,17,2,21,2,3,3,1,2,57,1,3,3,2,5,9,5,11,1,7,9,6,1,4,2,2,1,6,9,16,3,17,0,1,2,11,2,0,5,1,0,2,0,0,1,8,0,6,2,2,7,14,6,1,0,0,1,57,7,2,12,1,0,37,16,60,29,1,19,2,12,18,5,1,2,1,5,2,3,0,1,4,1,2,16,2,5,19,17,9,10,0,3,4,3,1,3,10,9,1,3,8,5,25,12,1,3,5,1,1,7,4,0,2,24,5,7,5,8,2,10,3,2,9,2,4,0,1,6,9,4,5,0,4,22,0,6,4,6,3,0,7,0,2,7,4
2020-06-09,0,0,19,0,13,3,20,4,9,6,0,1,45,4,4,4,1,8,5,2,21,1,9,19,6,1,12,0,3,9,2,10,5,1,15,0,2,7,13,5,3,20,0,0,5,1,1,1,11,1,4,2,3,8,20,2,6,1,0,0,51,6,2,10,4,4,34,20,65,35,0,16,2,14,16,3,4,1,3,5,3,9,0,0,4,3,5,23,6,7,16,25,7,9,0,1,0,2,1,3,15,8,0,5,6,14,20,11,1,1,8,2,1,1,6,0,3,16,2,3,13,1,4,7,2,3,12,2,8,0,3,8,6,2,1,1,6,11,0,8,1,10,2,0,3,1,6,3,2
2020-06-10,0,2,15,0,16,3,7,3,11,9,0,1,70,4,3,2,1,7,7,4,6,0,10,9,8,10,3,5,0,1,3,5,15,1,8,0,1,2,10,8,0,12,2,3,1,1,4,1,6,0,2,1,2,0,11,5,10,0,1,0,55,16,1,12,1,1,43,22,59,21,3,22,6,18,14,4,1,3,2,3,1,25,4,1,3,4,19,20,7,11,13,19,9,13,3,1,2,6,0,1,18,17,0,11,5,5,23,10,0,0,4,0,2,3,2,1,4,21,5,7,6,3,2,11,1,3,14,2,2,1,0,8,3,7,0,1,5,17,0,9,1,7,1,4,11,1,6,5,2
2020-06-11,1,1,19,0,6,1,9,4,3,11,0,1,34,4,7,5,0,5,8,3,6,2,6,8,6,8,5,7,3,6,1,7,11,2,13,2,2,0,9,4,2,15,1,2,1,0,0,0,6,0,2,3,0,1,12,1,2,0,3,0,21,6,1,42,4,2,26,10,76,35,2,5,6,4,20,0,0,3,5,1,1,5,5,0,0,4,7,25,0,8,15,13,7,10,1,0,2,4,1,0,15,13,0,4,14,4,27,8,4,0,2,1,0,3,4,0,2,12,3,4,9,0,0,15,2,2,8,3,2,0,5,4,7,1,4,1,7,15,1,6,2,6,0,1,9,6,7,5,2
2020-06-12,3,1,11,0,12,2,18,9,3,4,1,1,78,3,4,2,0,3,8,7,5,2,3,12,9,1,5,3,0,1,0,21,21,0,15,0,2,4,3,9,4,13,2,4,3,0,1,1,2,1,1,2,2,1,9,3,0,2,1,1,30,13,2,27,2,0,23,38,56,26,0,15,6,6,14,2,1,3,6,0,2,5,1,0,1,5,10,15,3,7,12,18,13,2,0,0,0,7,0,2,17,13,0,4,7,1,20,7,4,1,4,4,1,2,8,0,1,11,2,19,5,3,0,5,2,0,13,4,0,0,2,5,9,2,0,0,3,7,0,0,3,3,2,0,10,2,1,7,2
2020-06-13,2,2,20,2,9,1,7,4,3,6,1,2,39,3,1,4,1,3,9,2,2,1,10,6,9,0,4,3,0,2,5,9,14,0,9,1,0,1,12,10,2,21,1,1,0,2,0,0,2,2,0,3,1,1,8,2,1,0,1,0,23,15,2,21,1,1,18,8,58,20,1,8,6,12,14,2,0,8,1,3,5,2,2,2,2,1,17,16,3,0,7,16,5,4,0,0,1,2,0,0,5,8,0,4,11,2,30,8,2,1,1,0,2,1,15,2,1,16,3,1,14,1,1,6,2,2,7,3,5,0,1,6,6,3,0,0,3,9,1,6,1,0,0,0,3,0,1,9,2
2020-06-14,1,0,13,0,4,0,16,3,1,4,0,0,54,0,3,2,2,3,5,1,3,2,5,14,6,0,9,2,1,2,0,8,13,2,6,0,5,1,8,6,1,21,0,1,0,0,0,1,4,1,0,2,1,0,5,1,1,0,1,2,30,7,0,14,0,2,22,6,62,17,0,10,3,13,19,1,1,0,2,10,1,3,1,0,3,3,8,23,5,2,7,25,3,5,0,0,0,5,2,0,9,8,3,4,8,1,27,4,6,1,0,0,0,1,10,1,2,14,3,0,5,0,0,10,2,1,10,3,4,0,0,2,5,0,1,1,5,11,0,2,1,3,0,0,5,1,1,5,2
2020-06-15,1,2,22,3,21,1,28,4,3,6,1,0,52,3,0,0,1,4,8,4,4,0,9,12,8,1,5,3,0,6,0,10,15,1,5,2,1,0,5,10,3,32,1,1,1,2,1,0,3,2,0,1,3,3,9,0,2,3,1,0,38,11,0,13,3,0,24,20,77,15,0,10,4,5,16,3,2,9,2,4,3,8,0,2,0,3,20,12,2,9,16,14,10,8,1,0,1,2,0,0,12,7,1,3,1,3,18,13,2,2,3,0,0,5,9,1,2,12,2,7,4,3,0,12,1,4,12,8,5,1,1,2,9,5,2,2,1,13,0,6,5,4,2,0,15,0,4,5,1
2020-06-16,0,2,8,0,14,1,20,2,2,5,3,1,51,4,2,2,1,8,7,2,9,1,6,13,10,1,3,6,0,5,1,12,11,0,5,2,3,3,18,10,3,17,0,1,1,1,5,0,3,1,1,1,1,0,4,4,2,0,1,1,37,25,1,33,3,2,31,11,73,23,1,5,5,23,19,0,3,1,6,6,2,4,2,2,0,1,9,15,1,6,16,13,5,12,0,0,1,1,1,1,21,9,0,7,7,6,25,13,6,1,2,0,0,6,8,1,2,17,6,3,10,5,0,6,0,4,17,2,5,0,0,5,10,3,5,0,8,7,0,3,2,2,0,0,17,1,6,10,6
2020-06-17,2,2,20,0,11,0,18,12,2,12,0,3,68,1,0,2,0,7,3,5,2,0,12,10,8,1,3,3,1,3,0,13,18,1,11,0,2,1,9,11,2,11,1,2,3,0,0,3,1,2,0,1,0,0,9,0,3,0,1,6,29,5,1,21,0,0,23,29,68,26,2,4,11,7,19,3,1,1,3,3,1,5,1,2,1,2,15,12,5,6,17,12,6,8,0,0,1,2,0,1,18,14,0,1,3,3,17,3,2,2,7,0,0,1,6,1,2,15,4,1,9,1,2,7,0,0,14,2,5,0,1,7,12,1,2,4,2,14,0,6,0,5,2,1,12,0,1,7,1
2020-06-18,0,1,23,0,12,1,15,9,2,6,0,0,83,1,2,3,4,3,1,8,2,2,8,8,5,0,3,5,2,5,2,10,6,2,6,0,3,2,9,1,0,8,2,2,3,3,1,2,3,0,1,0,0,0,15,0,3,1,3,0,39,6,0,14,1,0,37,40,74,25,2,4,2,7,26,2,1,0,0,2,2,12,0,0,1,1,16,25,1,4,21,15,6,11,1,0,0,2,0,0,19,16,0,6,5,4,22,3,5,2,1,1,0,0,4,5,1,15,5,10,9,3,2,8,2,2,10,1,1,0,0,4,12,2,1,1,1,10,0,5,2,4,0,0,6,0,11,2,2
2020-06-19,0,0,31,0,10,3,9,5,3,2,1,0,42,1,4,0,1,4,2,0,3,1,7,13,6,0,5,1,0,5,0,9,8,3,12,0,0,3,5,10,0,14,1,0,1,1,1,2,3,0,1,0,1,1,14,1,3,0,0,1,29,3,0,18,0,1,32,34,79,16,1,3,2,6,16,4,2,0,6,1,2,4,0,0,1,3,6,16,2,8,14,11,5,8,0,1,0,1,0,0,19,24,0,8,3,5,14,2,2,1,11,0,0,1,7,2,2,10,9,2,7,0,0,6,0,7,11,0,1,0,5,3,10,0,3,0,5,11,0,5,0,2,1,0,4,0,1,6,3
2020-06-20,0,0,15,0,2,4,8,6,3,9,0,1,42,2,3,1,0,3,3,4,6,1,2,0,1,0,7,4,2,3,1,5,11,1,8,0,1,4,2,4,1,3,1,0,0,0,0,1,5,1,1,1,0,0,1,1,1,0,1,0,29,5,0,22,1,0,23,13,67,27,0,7,1,6,15,10,0,0,1,0,0,3,0,2,0,0,11,17,0,1,10,14,3,5,1,1,0,1,0,0,12,14,0,1,4,1,13,7,3,0,1,0,0,0,3,1,2,8,4,6,5,0,1,0,0,4,10,2,0,0,2,3,10,1,1,2,2,2,0,3,1,0,0,0,4,0,3,3,0
2020-06-21,2,1,16,0,11,1,14,11,0,6,0,0,35,4,4,0,0,6,0,3,6,0,6,3,4,1,1,1,1,3,1,4,9,0,6,0,3,1,1,3,0,6,1,2,0,0,0,0,0,1,0,0,0,0,5,2,5,0,0,0,23,4,0,12,1,0,14,9,66,15,1,11,6,7,6,7,0,0,12,0,2,4,0,0,0,0,8,14,0,1,11,12,1,4,1,0,0,2,0,0,18,7,0,0,1,1,13,4,0,2,1,0,0,1,1,0,1,5,7,1,1,3,0,7,1,2,3,0,4,0,0,0,1,1,1,0,0,3,0,1,2,1,1,2,4,0,0,2,1
2020-06-22,1,0,19,0,10,1,17,4,2,14,0,0,28,2,1,0,0,7,3,2,6,0,6,8,2,2,4,1,1,2,1,13,11,1,21,0,1,2,6,3,1,7,0,1,4,1,4,3,1,2,2,3,1,0,5,5,2,1,0,2,40,2,0,13,8,0,25,20,91,21,1,5,9,14,17,2,7,4,5,2,1,3,0,0,2,1,10,17,3,5,14,9,6,13,4,0,0,1,2,4,10,11,0,6,6,5,16,4,1,8,0,1,0,0,3,1,1,12,6,3,5,0,1,6,1,6,12,1,7,0,0,3,7,3,2,3,5,7,0,4,0,1,2,0,2,0,1,2,1
2020-06-23,1,0,15,0,0,2,19,8,2,15,2,0,50,2,2,3,0,4,3,10,3,0,5,4,5,3,10,1,1,5,0,6,13,1,18,0,1,6,4,3,3,12,0,1,2,0,2,3,2,1,0,2,6,0,5,5,3,0,0,2,22,4,0,19,4,0,13,12,91,26,2,1,4,4,12,2,0,1,1,4,0,2,2,3,1,3,8,20,1,4,9,15,2,6,1,0,2,1,1,0,4,8,0,2,4,3,16,0,3,1,0,0,0,0,4,0,1,8,4,3,11,2,1,11,1,2,4,0,1,0,1,1,3,0,2,3,2,1,1,2,2,2,1,1,11,2,4,3,0
2020-06-24,4,0,16,0,9,0,11,9,5,15,2,0,41,2,1,4,0,2,2,3,8,0,4,11,7,1,1,0,4,3,0,5,9,1,9,1,1,6,0,4,1,14,1,3,0,1,0,4,0,3,1,1,3,0,3,3,4,0,1,3,21,2,1,16,4,0,13,17,97,30,0,6,6,3,20,1,1,1,1,2,0,3,1,1,0,1,5,13,1,3,9,18,3,7,0,0,1,0,0,0,15,12,1,3,0,1,27,7,2,2,1,0,1,0,5,1,2,11,1,2,7,3,0,3,1,1,10,1,1,0,0,2,7,0,0,0,2,3,0,6,2,3,2,0,7,0,5,6,0
2020-06-25,2,2,12,0,6,3,10,3,6,7,0,0,40,5,1,0,0,1,1,4,5,1,0,12,11,1,5,0,2,0,0,1,11,0,6,0,2,3,0,4,4,9,0,1,1,0,0,4,0,1,1,0,1,0,3,1,10,0,0,1,27,3,2,25,4,2,16,11,73,15,0,3,5,6,14,2,2,1,0,2,2,1,0,1,2,0,5,9,1,8,5,9,7,6,0,0,1,0,0,1,15,8,0,4,2,1,21,4,5,1,1,0,0,1,0,0,1,9,1,2,7,0,1,5,2,1,6,3,2,0,0,0,6,5,1,2,1,7,1,9,1,2,2,0,6,1,2,4,1
2020-06-26,3,3,12,0,4,1,9,2,4,9,1,1,42,4,1,2,1,3,3,10,5,1,1,5,3,0,3,1,3,6,0,6,6,1,7,0,3,1,4,6,1,15,0,0,0,1,0,0,5,0,0,0,1,3,6,3,2,0,0,0,29,1,0,15,2,1,12,13,71,13,2,4,2,7,11,1,1,1,4,0,5,5,0,1,3,1,1,5,1,4,5,10,6,9,0,0,0,1,1,0,16,13,0,2,5,4,24,3,2,2,2,1,0,0,4,1,5,22,1,1,5,4,0,3,0,0,1,2,0,0,1,0,8,0,5,4,2,5,0,3,2,4,2,1,1,1,5,4,1
2020-06-27,1,0,13,0,3,0,5,0,1,7,0,1,45,0,1,1,1,1,2,4,1,0,0,3,3,1,3,1,0,4,0,5,2,0,3,1,1,2,2,7,3,3,0,0,0,0,2,5,1,1,3,0,2,0,6,1,0,0,1,0,14,1,0,12,3,0,9,15,52,11,0,4,6,0,18,4,2,1,0,1,2,3,0,0,0,0,2,7,0,2,4,6,5,1,1,0,3,2,3,1,13,17,0,2,0,0,32,5,0,0,2,0,1,1,1,2,0,12,4,4,2,1,1,11,0,2,5,2,1,0,2,2,2,0,1,0,0,9,0,4,0,2,0,0,1,1,2,5,1
2020-06-28,0,1,11,0,4,1,8,10,2,1,0,0,19,2,1,0,0,2,0,5,0,0,5,4,4,0,2,1,0,1,0,2,8,1,2,2,0,2,0,3,0,5,0,1,1,2,0,0,1,1,1,0,0,0,2,3,2,1,0,0,24,1,0,21,7,0,17,10,35,11,0,3,7,2,9,2,1,0,0,0,1,1,0,0,0,0,4,14,2,2,3,7,3,4,0,0,2,1,0,0,10,5,0,2,2,1,12,3,2,0,2,0,1,0,0,1,2,2,4,3,0,2,1,3,0,5,2,0,0,0,0,1,7,1,2,0,2,4,0,1,0,2,0,0,0,0,2,3,0
2020-06-29,2,3,7,0,5,0,7,3,0,14,1,0,33,1,1,3,2,9,5,5,5,1,2,3,11,0,1,3,0,4,1,3,5,0,7,1,1,7,2,9,4,7,1,5,1,0,0,0,5,0,1,0,2,0,14,3,0,0,2,0,29,1,0,19,3,1,11,8,80,20,1,4,12,5,10,1,1,0,1,1,1,3,0,2,0,1,4,4,4,2,10,8,5,2,3,2,0,6,0,0,11,19,1,5,5,1,21,7,3,2,0,0,0,2,3,6,1,13,9,2,3,3,0,9,0,1,7,1,1,1,1,2,2,4,8,0,0,3,0,2,4,0,1,1,2,0,4,4,3
2020-06-30,2,1,9,0,6,4,13,3,0,8,0,0,19,2,1,0,2,3,0,5,0,0,2,3,7,0,3,1,2,11,0,6,6,2,7,1,1,0,2,5,2,9,0,5,1,3,3,3,2,0,1,0,1,2,6,6,2,0,1,1,24,3,1,19,2,1,10,6,61,27,2,5,6,5,7,1,0,0,1,4,6,0,0,1,2,0,4,16,1,2,5,11,5,4,1,0,1,5,0,1,12,8,1,4,0,3,28,3,1,4,1,1,0,3,1,0,1,7,0,3,8,0,0,5,0,0,3,1,1,4,1,3,1,1,0,1,2,4,2,2,0,2,1,0,2,2,3,3,0
2020-07-01,2,2,6,0,8,1,8,7,1,6,2,2,33,2,4,3,0,4,4,2,5,1,3,5,5,4,0,1,1,6,0,2,13,3,8,0,1,3,2,3,1,6,1,3,0,3,4,1,1,1,0,1,1,0,2,3,4,1,1,0,25,2,1,32,7,1,7,10,70,16,0,3,7,4,14,6,1,0,0,1,5,0,0,0,1,2,3,9,0,2,5,10,3,6,1,1,2,2,0,1,6,9,0,3,1,0,17,4,3,0,4,1,0,1,1,1,0,14,5,2,4,5,0,9,1,0,8,0,0,0,0,5,7,3,1,0,3,5,0,4,1,0,1,0,1,0,2,7,1
2020-07-02,0,2,9,0,6,2,19,15,4,4,0,0,25,1,1,2,1,8,3,2,6,0,4,1,4,2,2,2,1,2,0,4,5,1,6,0,1,2,3,3,2,11,1,0,1,2,0,1,2,0,2,1,1,1,9,5,3,1,1,0,21,0,1,19,3,0,11,8,57,13,0,2,10,5,16,1,1,2,1,0,1,2,0,0,0,0,3,14,2,2,8,6,5,4,1,0,0,1,0,1,5,9,0,0,2,6,12,3,3,0,0,0,0,2,10,1,1,7,1,1,8,4,0,7,1,1,3,3,1,0,1,1,7,1,0,2,1,5,0,4,1,0,4,0,0,1,2,0,1
2020-07-03,0,1,6,0,3,0,9,6,3,10,0,0,28,0,0,0,1,5,6,3,1,0,3,4,2,1,1,1,1,1,0,2,3,1,7,0,4,3,2,3,1,12,0,0,1,3,0,2,3,0,0,0,3,0,17,3,1,0,1,1,26,2,1,26,2,1,7,7,64,16,0,4,7,5,13,4,1,2,1,1,0,4,1,1,0,0,2,15,0,2,2,2,5,6,1,0,0,3,1,0,11,6,0,5,1,1,7,4,1,2,2,0,1,4,3,3,0,7,5,1,2,4,1,6,0,2,4,1,2,0,1,1,9,2,1,4,0,4,0,4,1,4,1,0,4,0,2,1,1
2020-07-04,0,1,6,0,4,0,7,3,0,8,0,0,21,2,0,1,1,2,2,3,2,0,2,3,9,1,5,3,0,1,0,3,5,3,3,1,0,1,1,1,3,10,0,1,1,0,1,0,3,3,3,0,2,0,7,3,0,0,0,0,13,1,1,17,0,0,5,3,41,12,0,1,1,8,12,3,0,0,1,0,2,3,1,1,0,0,1,14,2,6,4,8,1,2,0,0,0,1,0,1,8,3,0,2,1,1,6,1,0,0,0,1,1,1,1,0,1,5,0,0,1,3,1,3,0,1,0,0,1,0,2,2,9,0,2,2,1,2,0,1,1,2,0,0,1,0,1,2,1
2020-07-05,0,4,4,0,6,4,7,7,1,7,2,0,22,3,0,2,1,5,1,3,3,0,0,4,5,2,2,4,2,6,0,5,2,0,4,0,2,3,0,7,1,6,0,3,2,6,2,3,3,2,1,0,0,1,3,3,2,0,2,0,17,0,1,19,1,1,19,6,79,21,0,10,9,4,6,0,1,0,2,1,1,0,2,2,0,0,3,6,1,2,1,4,6,14,2,1,1,2,0,1,22,6,1,3,3,2,9,1,1,0,0,2,0,0,0,0,0,4,3,0,6,0,0,10,0,2,5,0,0,1,3,3,10,1,0,2,1,4,0,4,0,2,1,0,2,1,0,3,0
2020-07-06,0,1,4,0,1,1,12,13,2,16,1,0,47,4,0,3,0,7,2,6,5,3,4,2,0,1,0,2,7,13,0,3,2,2,5,1,0,0,4,5,2,10,2,4,1,1,0,0,2,3,2,0,1,2,21,4,1,0,1,1,13,1,1,19,2,6,21,11,79,17,0,8,3,1,13,2,1,2,0,1,0,0,0,0,1,1,1,24,3,0,6,11,4,7,2,1,0,1,0,0,15,5,0,7,1,2,8,2,0,1,3,0,0,1,3,3,1,12,2,1,6,2,1,5,1,4,1,2,2,0,3,2,8,3,1,3,2,4,2,1,0,4,0,0,7,1,1,4,1
2020-07-07,1,2,8,0,2,1,6,6,0,4,1,2,20,4,0,1,2,4,1,12,3,1,2,1,3,2,1,3,0,4,0,4,6,1,5,1,1,1,0,4,1,7,1,3,2,1,0,0,4,3,2,1,3,0,7,5,1,0,1,1,15,0,0,17,0,2,32,5,58,14,3,1,4,2,8,5,1,0,0,3,1,0,0,1,1,1,2,20,1,4,1,7,1,9,0,1,3,3,0,1,8,10,0,4,7,1,13,2,1,1,0,0,0,0,3,3,0,22,2,3,3,2,1,6,0,2,6,3,1,0,9,0,10,2,1,2,1,3,0,5,2,2,4,2,0,1,3,5,0
2020-07-08,3,1,3,1,1,6,9,10,2,5,0,2,34,2,1,2,1,1,2,4,6,1,2,3,8,3,2,1,1,0,1,6,5,0,3,2,0,1,2,7,1,26,1,0,1,4,0,1,2,1,3,0,3,4,12,0,3,0,0,1,26,2,0,19,0,2,12,14,61,19,4,3,4,4,17,1,0,0,1,0,3,3,0,1,1,0,4,13,0,1,2,9,9,13,1,4,1,1,2,0,12,8,0,14,5,0,18,2,3,4,1,1,2,5,4,1,1,9,1,1,10,3,3,14,4,1,6,0,3,0,2,4,11,2,3,1,1,12,0,1,2,1,2,1,3,3,3,4,3
2020-07-09,0,3,1,1,1,3,7,16,2,5,2,1,18,1,2,2,2,5,1,6,3,0,1,4,14,0,7,1,2,4,0,2,2,3,2,1,1,2,0,10,0,16,0,1,0,1,1,2,5,1,2,1,0,63,8,3,1,0,2,0,26,0,0,19,0,1,25,10,44,10,3,6,2,10,7,3,0,0,1,4,3,3,0,1,0,1,3,23,1,0,8,4,12,11,0,0,1,4,0,0,15,4,0,4,8,10,20,3,2,1,4,0,1,3,2,1,1,16,3,1,5,0,1,7,3,1,2,1,0,0,6,3,13,4,2,1,1,9,0,4,4,4,2,1,2,1,1,3,1
2020-07-10,1,1,3,0,1,1,11,9,3,5,0,0,22,0,4,1,1,2,0,9,3,0,3,0,4,1,4,2,1,2,0,0,4,3,0,2,2,2,1,13,0,9,0,1,1,4,2,0,7,3,2,0,2,0,6,0,3,0,0,1,23,1,2,22,1,1,18,14,67,7,0,2,1,14,15,2,1,1,1,1,2,2,0,0,1,1,2,11,0,0,7,5,1,10,0,0,2,2,0,0,7,6,1,5,4,3,9,1,2,2,0,0,1,4,0,2,0,7,2,1,2,1,1,6,0,1,1,1,1,0,1,4,2,4,0,4,1,5,0,5,2,0,3,1,1,2,0,2,1
2020-07-11,0,2,4,0,3,1,22,11,0,9,0,0,31,0,0,0,0,0,0,7,1,0,1,1,2,0,0,1,1,4,1,1,1,1,2,0,2,1,1,5,0,5,3,0,1,2,0,0,4,0,1,0,1,1,2,1,1,0,0,0,15,1,0,19,1,1,13,8,59,11,0,3,4,16,8,1,2,1,1,0,2,0,0,0,0,1,0,13,1,2,3,1,1,9,0,0,0,0,0,0,11,5,1,1,0,2,4,1,0,1,0,0,0,0,1,0,0,1,1,0,1,2,0,2,0,2,4,0,2,1,0,2,4,7,2,1,1,2,1,1,0,0,2,1,1,3,1,0,0
2020-07-12,1,4,3,0,3,3,13,8,2,2,0,0,34,2,1,1,0,2,1,5,2,1,1,2,3,0,0,0,1,3,0,2,2,3,7,0,1,2,0,4,0,6,0,1,1,3,0,0,0,2,1,1,1,0,0,3,3,0,2,0,11,0,0,9,1,0,5,4,26,4,0,1,3,7,8,0,0,0,2,1,3,1,0,0,0,0,1,8,0,0,3,2,3,8,0,0,2,0,0,0,7,6,0,3,3,3,10,0,0,0,0,0,0,0,2,0,0,7,0,1,0,1,0,2,1,0,0,5,3,0,0,0,18,4,0,1,0,2,0,4,2,1,0,0,0,0,1,2,1
2020-07-13,1,9,2,0,7,2,13,15,0,5,2,0,37,1,3,2,1,4,1,8,6,3,6,5,1,0,2,1,0,8,1,5,5,6,5,0,1,2,0,6,5,12,0,2,2,8,0,1,2,5,1,0,1,16,5,1,3,0,1,0,24,2,2,17,2,2,15,19,50,15,2,5,4,14,16,0,2,0,0,1,8,2,0,1,0,1,5,19,0,2,4,6,6,4,1,1,1,6,0,1,9,20,0,0,13,3,7,2,2,8,2,2,1,0,5,3,2,5,2,0,2,3,2,7,1,1,0,3,0,0,2,3,11,10,3,5,2,3,2,9,1,5,0,2,1,0,2,0,1
2020-07-14,2,1,2,0,2,2,24,11,1,8,2,1,36,2,2,1,1,2,7,7,5,0,3,2,7,0,0,5,1,6,1,6,3,4,4,0,0,2,0,4,3,28,2,3,0,12,0,0,8,1,3,0,7,3,8,1,2,0,2,0,20,1,1,19,0,3,13,10,39,12,4,2,1,14,9,2,0,3,1,2,3,2,0,1,0,1,3,14,0,3,10,5,7,11,0,1,0,1,1,0,19,9,0,3,12,3,15,0,3,1,1,1,0,0,5,1,0,7,5,2,2,2,0,1,2,2,2,1,1,1,0,3,25,5,4,1,1,6,1,4,0,1,4,2,2,0,4,1,1
2020-07-15,4,7,6,0,5,0,29,35,1,6,2,1,36,2,1,2,2,4,0,13,5,1,3,4,3,2,3,4,2,10,0,3,8,0,4,2,2,2,0,5,1,14,3,3,3,10,2,0,6,1,2,2,2,27,10,3,1,0,1,3,24,1,0,18,0,3,21,4,39,22,4,10,1,9,15,1,0,2,1,4,5,1,0,0,1,0,0,25,1,3,2,6,5,3,0,0,3,3,0,1,14,18,1,4,8,5,12,0,2,3,0,1,0,0,2,3,0,15,4,0,1,1,1,5,0,3,4,5,2,0,1,4,7,5,4,3,2,2,0,3,2,4,1,2,1,0,3,3,0
2020-07-16,1,0,4,2,1,3,20,32,0,5,1,0,19,2,1,2,1,3,8,5,9,1,2,5,6,2,3,3,2,11,1,0,2,5,3,2,0,0,0,7,2,9,0,2,1,8,0,1,5,1,0,0,3,1,8,7,3,0,2,1,24,1,1,22,0,2,21,6,46,15,4,3,3,9,11,0,1,1,0,3,2,4,1,2,1,0,1,19,2,1,4,3,3,14,3,1,4,3,0,1,25,9,2,6,16,2,9,0,0,6,1,0,0,1,1,2,1,6,2,1,0,3,4,5,1,3,1,1,1,0,3,4,4,5,3,5,1,5,0,7,3,3,3,0,0,2,0,2,0
2020-07-17,1,4,4,1,7,3,26,14,1,4,2,1,35,2,2,3,0,3,2,6,6,0,4,4,3,0,2,5,1,13,0,1,3,1,1,0,0,3,1,9,0,10,0,1,1,1,1,2,0,2,0,1,1,0,5,1,2,0,1,1,19,3,1,19,0,0,20,5,35,10,1,2,3,8,6,2,4,1,0,1,3,1,1,2,2,0,2,20,2,2,6,3,4,6,0,0,2,1,2,0,13,3,1,7,18,2,14,0,0,0,1,2,0,2,1,1,0,3,4,0,3,2,1,4,0,6,2,3,1,1,6,6,3,2,1,3,2,3,0,1,1,0,0,0,0,0,2,2,1
2020-07-18,1,5,11,0,3,0,16,5,1,5,0,0,32,0,1,1,1,0,0,5,2,1,1,1,2,0,2,7,0,6,0,0,2,1,0,1,0,2,1,8,4,6,0,2,0,7,1,0,2,3,0,0,2,0,6,2,0,0,2,0,20,6,0,20,3,1,20,3,34,12,1,1,3,3,9,1,1,1,0,0,3,0,3,0,0,1,1,11,0,1,2,10,6,4,0,1,1,4,0,1,16,1,0,6,4,5,11,0,0,2,2,0,0,1,1,3,0,3,4,0,3,1,0,4,0,2,3,2,1,0,2,1,3,4,0,2,1,6,3,6,0,0,3,0,4,0,1,3,1
2020-07-19,0,2,6,1,1,4,21,12,0,13,0,0,37,0,1,1,0,1,3,5,1,1,0,0,1,0,0,0,1,2,1,0,1,1,0,0,1,2,1,2,3,6,1,0,0,5,0,0,3,2,0,3,1,0,1,0,2,0,0,1,17,2,0,8,0,1,11,7,19,9,1,6,1,5,14,7,0,0,0,0,1,1,0,0,0,1,0,6,0,4,3,13,3,2,0,0,0,3,1,0,8,5,0,3,7,2,20,0,0,0,1,0,0,2,0,1,0,4,2,0,0,1,0,1,2,2,2,0,3,0,3,5,10,2,2,1,1,2,1,8,2,0,3,0,0,0,1,2,0
2020-07-20,2,2,7,1,7,4,22,19,4,7,0,1,46,3,1,3,2,2,4,3,5,0,7,1,4,3,0,4,2,9,0,2,5,1,1,1,1,9,0,4,0,24,1,2,0,13,0,3,8,3,4,2,6,0,9,3,4,0,2,2,33,2,1,12,0,4,22,3,32,8,4,5,2,11,16,2,4,1,2,1,1,6,1,1,1,1,2,21,2,1,7,17,12,8,1,1,0,1,0,1,15,7,1,6,25,3,14,3,2,0,2,1,2,0,0,5,1,8,5,1,0,4,0,8,1,4,7,1,0,2,4,13,13,7,2,3,1,4,1,9,2,3,2,1,5,0,5,3,3
2020-07-21,2,2,0,1,2,0,21,24,0,3,2,1,41,6,3,3,0,2,1,10,6,0,0,0,3,3,1,2,1,8,0,0,6,6,1,1,2,0,1,2,1,19,0,5,4,11,0,1,5,2,4,2,6,2,7,2,2,0,3,3,26,2,2,18,0,4,26,8,28,14,2,2,7,9,14,1,1,2,1,1,1,4,0,0,0,2,0,13,1,2,3,22,14,6,1,1,1,2,0,1,15,2,0,4,13,1,10,2,1,3,1,3,1,6,2,1,2,3,1,2,3,7,2,7,5,2,4,2,4,1,8,15,5,3,2,2,3,3,1,5,1,1,6,0,2,0,16,5,0
2020-07-22,3,7,0,0,4,5,24,26,2,12,1,1,22,9,3,5,1,1,3,14,13,1,2,2,0,2,7,5,3,11,2,2,6,2,1,0,1,6,0,7,1,12,1,0,4,5,1,4,5,4,0,2,1,9,7,2,3,0,1,2,30,0,0,16,1,4,35,9,47,11,0,3,12,3,18,3,0,2,1,0,2,4,0,0,1,0,4,12,1,1,6,25,7,3,0,1,1,1,0,1,11,8,0,10,13,4,20,1,1,3,1,0,0,2,0,5,1,6,6,0,3,4,1,5,2,14,6,0,2,0,3,18,9,1,0,1,1,5,0,4,0,1,4,2,2,2,4,3,0
2020-07-23,2,4,3,2,3,4,26,18,2,7,2,1,42,3,3,3,1,2,2,6,5,2,1,1,2,5,1,8,0,8,0,3,14,1,2,0,3,2,0,4,1,14,1,7,3,3,0,1,5,1,1,1,5,0,12,2,2,0,2,0,23,1,1,16,3,3,22,5,42,8,3,6,0,3,26,1,2,0,1,0,4,1,0,1,1,0,1,12,2,0,7,10,9,5,2,1,6,2,0,2,13,4,2,11,16,4,19,10,0,0,1,0,1,4,0,2,1,7,18,2,2,7,0,7,3,12,6,2,0,2,4,16,5,4,2,2,0,1,0,6,2,11,1,3,2,0,6,4,1
2020-07-24,0,1,2,1,13,2,23,18,1,4,2,0,39,6,5,4,0,4,4,8,8,1,2,1,6,3,2,6,1,4,0,1,6,2,4,1,3,2,3,3,1,13,0,4,2,7,0,5,4,3,1,3,0,0,13,4,5,0,3,4,15,4,0,8,0,3,15,3,29,17,4,1,4,10,22,3,1,0,1,0,1,3,0,1,1,0,6,15,0,2,10,27,8,10,1,0,1,2,0,1,9,6,0,11,18,0,19,0,1,1,3,1,0,3,1,1,0,6,5,2,1,6,0,5,1,8,11,0,0,0,7,11,4,2,1,6,0,5,5,5,4,5,3,1,1,1,5,8,2
2020-07-25,1,5,1,1,3,4,19,9,1,2,0,0,35,2,3,2,1,3,4,8,0,3,0,1,3,3,0,7,2,1,0,0,3,1,1,0,0,1,0,1,0,6,0,0,3,2,1,1,3,0,1,2,1,0,4,0,0,0,1,1,11,0,1,10,1,2,21,5,14,4,6,4,6,6,26,0,0,0,4,0,6,0,2,1,0,1,3,6,0,3,10,22,6,4,0,0,1,2,0,1,10,3,0,3,10,3,11,1,2,3,0,1,0,0,1,2,0,11,9,1,0,4,1,5,3,6,2,0,0,1,1,8,5,3,2,0,1,8,2,5,1,2,2,1,1,0,2,3,3
2020-07-26,7,0,1,0,0,0,17,23,1,6,1,0,36,3,1,4,0,0,10,15,0,3,2,2,3,1,3,6,2,7,0,1,1,0,0,0,7,1,0,3,2,2,0,4,4,13,0,2,4,3,2,1,0,0,6,1,2,0,2,1,12,1,1,13,0,1,19,8,17,6,0,1,13,5,17,2,0,1,1,0,3,2,0,0,0,1,2,10,1,1,1,14,3,4,1,0,2,4,0,0,6,0,0,11,12,2,7,2,0,1,0,1,0,2,1,4,0,5,6,0,0,2,0,4,0,6,1,0,4,1,0,11,8,2,1,1,2,5,0,3,2,3,1,0,0,0,7,2,0
2020-07-27,3,8,5,0,11,4,23,16,1,12,2,0,45,8,1,3,2,4,7,13,2,1,0,6,6,2,4,10,4,13,0,0,5,3,0,0,1,4,3,8,1,15,0,3,3,9,0,3,9,1,5,0,3,0,13,1,3,1,2,1,25,1,0,25,1,2,21,14,45,10,4,6,15,7,32,4,0,0,3,0,6,2,1,1,1,0,1,13,0,5,8,12,12,10,0,0,2,1,1,2,7,6,0,7,9,0,19,1,3,2,2,0,1,0,1,3,0,6,4,3,2,4,0,6,2,20,8,1,0,0,4,20,9,7,1,5,0,7,1,4,4,1,4,1,1,1,5,3,0
2020-07-28,6,8,5,0,6,0,23,20,2,10,0,1,35,3,3,5,1,2,0,29,2,1,1,1,2,1,0,5,2,11,0,3,9,1,1,1,3,5,0,3,4,5,0,4,0,9,0,0,9,2,5,1,4,1,16,5,3,1,2,3,24,2,0,14,2,9,17,25,19,10,1,4,2,7,35,2,1,2,0,0,2,1,0,1,1,0,6,18,1,9,4,31,4,14,4,0,0,4,0,1,10,5,0,10,10,3,18,8,1,5,3,4,0,1,1,4,1,16,18,0,3,3,1,12,2,9,9,2,0,0,4,12,8,1,2,4,0,3,0,1,1,3,1,0,1,1,6,2,0
2020-07-29,9,5,7,3,4,2,26,18,1,10,2,2,58,3,3,5,3,6,4,15,6,1,8,9,3,1,2,6,3,11,0,7,7,2,1,1,4,3,1,4,3,10,2,3,0,14,3,1,10,4,3,2,3,10,7,1,3,0,1,2,26,1,0,12,5,1,53,30,39,17,4,8,16,10,38,5,2,1,0,4,5,6,0,0,1,1,8,18,0,1,9,23,6,8,2,3,0,3,5,2,11,8,0,12,8,3,11,1,2,2,2,0,1,0,0,3,0,8,19,1,3,4,2,6,1,26,22,2,2,1,5,15,9,4,0,2,1,9,0,4,7,2,4,0,7,1,3,4,1
2020-07-30,4,9,6,1,4,1,24,18,0,7,0,0,48,4,0,2,1,5,4,4,11,1,2,4,3,4,0,14,2,5,4,5,8,4,1,3,1,2,0,3,7,7,2,0,6,9,2,3,2,3,2,1,5,0,9,3,1,0,1,0,15,1,2,25,2,8,32,20,41,15,3,4,7,5,30,3,1,0,2,4,0,5,0,0,2,0,1,25,1,3,8,28,9,7,0,1,0,5,0,2,15,5,0,10,11,3,21,6,7,2,5,2,1,1,0,1,2,5,9,2,0,1,0,9,0,31,16,1,0,0,3,15,9,3,2,7,1,4,2,3,3,3,9,0,4,1,5,2,0
2020-07-31,1,3,2,3,5,1,20,14,1,10,0,0,33,3,0,0,2,4,10,1,5,2,2,3,8,0,4,6,0,11,0,1,6,3,2,1,0,3,0,0,2,4,3,1,1,4,1,4,7,1,3,1,2,0,7,1,6,0,2,3,10,1,0,27,0,3,19,13,17,16,3,5,14,3,21,0,4,1,2,1,1,1,1,0,0,0,3,14,0,5,10,13,4,1,0,0,3,3,0,1,9,2,0,12,10,0,7,1,1,1,0,0,0,1,1,0,1,7,17,0,0,1,2,5,2,16,2,1,0,0,3,2,5,6,1,5,1,11,1,1,3,6,5,1,1,0,17,1,1
2020-08-01,2,4,2,0,1,0,16,26,2,11,0,0,30,1,0,1,0,6,4,6,1,1,2,2,2,0,1,7,0,5,0,2,7,1,1,0,0,6,0,1,2,5,1,0,1,1,1,4,0,4,1,0,3,0,2,2,4,0,2,1,7,0,1,5,2,0,22,22,28,10,1,2,4,5,18,0,0,2,0,2,3,1,1,1,0,0,1,15,0,0,5,16,1,0,0,0,1,1,0,1,8,4,0,9,6,0,3,1,4,2,0,1,0,0,0,2,2,6,2,0,2,4,3,4,0,5,4,2,0,0,6,5,5,2,1,2,1,6,3,2,1,7,0,1,4,0,3,1,0
2020-08-02,2,7,5,0,3,0,12,13,2,7,0,0,35,1,2,0,1,1,6,16,3,0,1,2,0,1,1,6,0,4,0,0,6,0,0,1,2,7,1,2,2,8,1,2,2,6,0,0,2,2,2,1,1,0,5,1,9,0,0,0,3,1,0,7,2,11,43,5,12,10,0,3,9,5,18,0,2,2,0,1,1,3,0,0,0,2,4,9,2,5,8,24,3,6,1,1,0,5,0,0,9,2,0,12,7,1,3,0,1,2,0,1,0,0,1,2,0,1,5,4,4,1,2,4,0,2,4,0,0,0,1,2,6,2,1,3,1,4,0,1,3,1,1,1,0,0,1,1,0
2020-08-03,1,2,4,1,7,0,28,18,2,20,1,0,39,0,0,3,1,3,19,27,2,1,1,11,3,1,0,8,4,10,0,2,5,1,0,0,0,7,1,3,3,16,1,2,1,6,5,1,4,2,0,3,5,3,18,3,10,0,2,1,23,0,2,20,8,11,47,17,32,9,1,7,10,7,36,0,2,6,6,2,1,10,0,1,2,0,1,36,2,4,12,30,9,3,0,0,1,1,0,1,13,12,0,11,12,6,8,0,1,2,1,3,0,0,0,0,3,12,6,2,8,3,2,10,2,24,16,0,1,0,1,13,10,4,3,9,4,6,0,7,3,3,3,3,1,2,2,2,2
2020-08-04,2,2,5,1,6,0,31,16,3,11,5,0,57,1,3,0,2,3,10,13,4,2,2,2,4,7,3,5,3,9,1,1,6,3,2,0,0,3,0,0,2,8,2,6,2,13,1,4,3,0,4,0,6,2,11,4,5,0,2,1,12,1,2,21,4,3,63,16,27,7,1,8,6,4,32,1,3,5,3,1,8,12,2,1,3,1,6,25,0,2,11,29,11,1,1,1,0,5,0,2,15,5,0,10,10,3,10,1,4,3,2,1,0,7,1,3,9,11,9,4,8,5,2,12,2,17,16,0,0,1,3,7,6,4,3,5,4,8,0,3,4,8,7,3,2,0,3,8,0
2020-08-05,6,4,3,0,2,3,34,16,1,10,1,0,51,4,2,3,6,5,5,9,0,3,3,3,5,1,2,9,1,3,0,2,10,0,5,1,0,10,1,0,2,5,2,7,5,5,2,4,5,2,2,0,1,2,12,5,2,0,2,1,14,2,3,26,2,5,39,18,44,10,4,9,14,7,36,0,2,15,3,3,2,5,0,0,2,2,6,26,1,5,7,41,2,6,2,3,4,3,0,2,10,5,0,9,11,3,9,1,7,6,6,3,2,2,1,2,4,5,18,0,6,12,3,10,0,11,14,2,0,0,2,10,19,2,4,9,2,2,0,6,8,4,3,1,2,1,10,4,0
2020-08-06,1,6,7,0,1,2,57,13,2,20,0,0,60,5,2,3,1,4,4,18,4,5,1,5,4,2,1,10,0,14,1,2,14,1,4,3,3,3,1,4,4,4,3,8,3,2,2,2,5,3,2,0,1,0,12,5,7,0,6,2,16,0,1,26,1,3,34,11,46,10,4,5,10,3,28,0,0,4,6,7,11,5,0,0,1,1,6,24,1,2,10,41,8,6,0,2,0,1,0,2,18,8,0,21,11,2,20,0,4,6,1,0,0,1,2,1,1,5,17,0,4,5,2,5,1,24,19,0,1,0,4,9,11,5,6,3,6,5,1,1,7,1,2,0,2,1,4,3,2
2020-08-07,1,9,7,1,3,2,31,18,4,4,1,0,33,5,2,6,5,6,3,13,11,1,5,2,3,2,1,11,5,12,0,5,3,1,2,1,12,6,0,5,2,5,0,3,0,6,1,7,4,4,7,2,2,0,9,4,3,1,3,0,7,0,1,16,3,1,38,14,37,9,7,6,7,19,22,1,1,4,4,1,2,1,0,0,0,0,3,13,0,1,12,43,10,9,0,0,1,15,0,0,17,3,1,3,16,0,18,2,4,1,2,2,1,0,0,6,7,8,12,0,5,6,5,4,1,22,9,1,2,0,3,6,7,1,2,1,9,7,1,1,5,5,1,2,6,0,7,1,2
2020-08-08,3,2,4,0,1,1,31,8,1,7,3,0,32,3,0,4,0,3,4,9,6,2,0,3,0,2,3,10,2,7,0,3,3,1,1,0,0,1,0,0,1,7,1,3,0,0,1,3,2,1,0,0,1,0,12,2,4,2,0,3,7,0,3,16,4,1,24,14,38,4,0,3,8,10,34,1,0,1,0,0,4,0,0,0,0,1,1,13,1,2,6,52,6,6,1,0,1,7,0,3,14,4,1,5,11,5,16,1,5,1,0,4,0,0,0,4,4,5,11,0,9,0,5,2,0,6,5,0,1,1,0,9,7,0,0,1,7,1,0,0,2,2,0,0,0,1,1,1,1
2020-08-09,1,2,3,0,1,2,43,22,0,12,0,0,23,1,0,1,1,1,3,6,6,3,0,1,0,0,2,3,1,3,0,15,8,2,1,3,3,5,1,0,6,3,0,1,1,4,0,0,4,2,0,0,1,0,2,4,5,0,0,4,6,0,3,13,2,2,29,21,20,5,1,3,4,7,21,1,0,4,2,2,2,0,0,0,1,3,3,14,0,3,4,14,4,2,0,0,0,6,0,1,13,3,0,4,10,0,18,0,3,0,0,0,3,0,0,2,0,4,8,0,1,0,0,7,0,6,6,1,0,0,1,4,2,2,0,3,3,5,0,1,3,2,1,0,0,0,2,2,3
2020-08-10,4,10,14,0,0,2,64,29,1,13,1,2,60,7,1,4,5,7,13,13,8,4,2,5,4,3,2,12,4,14,0,3,7,5,3,0,2,6,5,6,2,8,0,4,2,6,5,4,5,3,5,1,2,1,13,9,8,0,1,4,12,1,3,34,3,4,55,21,36,20,2,6,17,10,38,0,2,4,9,5,5,6,1,1,0,2,8,116,2,3,23,45,16,8,1,0,4,4,0,3,13,11,1,27,16,7,28,5,12,2,4,1,1,4,2,7,1,5,12,2,7,1,2,23,2,13,11,6,5,0,0,16,12,9,8,7,4,5,0,4,5,11,3,1,2,0,10,13,3
2020-08-11,4,4,12,2,0,2,69,26,3,16,1,1,55,7,1,7,8,2,15,14,8,4,3,7,2,4,4,11,0,9,1,0,9,0,0,5,1,3,2,7,5,7,4,1,3,11,0,3,6,3,2,2,4,1,6,5,17,2,3,3,5,2,4,23,0,2,47,22,25,11,2,2,6,5,49,1,2,7,1,11,3,3,2,1,0,7,4,108,5,5,12,30,10,2,2,1,1,4,1,4,16,8,1,15,15,7,21,7,3,3,3,0,1,0,2,0,3,7,12,0,5,1,1,11,1,2,13,3,1,0,3,6,10,12,6,4,3,11,1,5,6,5,2,2,5,0,7,4,0
2020-08-12,6,5,7,0,4,3,52,24,4,12,4,1,37,5,1,7,1,4,9,14,3,2,7,5,0,0,2,7,1,9,0,1,4,0,2,0,1,3,3,3,1,7,4,3,6,0,2,4,5,4,4,0,2,3,12,5,6,0,0,1,8,7,4,15,2,3,27,22,15,8,1,5,3,2,42,0,6,4,2,9,6,1,1,0,0,0,6,41,3,6,8,32,5,4,0,4,1,5,2,11,12,4,1,10,6,6,6,2,5,1,2,0,2,1,0,3,2,4,3,1,4,3,5,20,1,14,9,12,0,0,5,10,14,6,9,7,0,2,0,6,1,1,4,0,0,0,7,1,0
2020-08-13,2,4,2,1,3,0,31,6,2,6,0,2,34,1,1,3,1,2,4,6,1,3,2,5,1,1,2,9,0,5,0,0,1,0,0,1,3,3,1,1,0,2,4,1,0,3,1,2,5,3,2,2,1,1,7,1,4,0,0,1,2,2,3,22,1,3,19,15,21,8,2,4,4,2,29,0,3,6,0,12,2,0,1,1,0,0,5,21,2,5,10,10,0,0,2,0,0,0,0,4,5,6,0,12,12,1,11,1,2,3,0,0,0,1,2,0,4,4,3,0,5,0,6,9,2,6,1,1,2,0,2,9,11,4,3,2,0,3,0,2,1,3,3,2,1,2,4,3,0
2020-08-14,0,0,0,0,0,0,0,0,0,0,0,0,2,0,0,0,0,0,0,0,0,0,0,0,0,0,0,0,0,0,0,0,0,0,0,0,0,0,0,0,0,0,0,1,0,0,0,0,0,0,0,0,0,0,0,0,0,0,0,0,0,0,0,0,0,0,0,0,1,0,0,0,0,0,0,0,0,0,0,0,0,0,0,0,0,0,0,0,0,0,0,0,0,0,0,0,0,0,0,0,0,0,0,0,1,0,0,0,0,0,0,0,0,0,0,0,0,0,0,0,0,0,0,0,0,0,0,0,0,0,0,0,1,0,0,0,0,0,0,0,0,0,0,0,0,0,0,0,0
